date,MFI,persistence_norm,vol_of_vol_norm,tail_freq_norm
2015-03-18,0.46236,0.14651,0.24056,1
2015-03-19,0.44645,0.15999,0.17934,1
2015-03-20,0.42045,0.1715,0.089841,1
2015-03-21,0.39759,0.19277,0,1
2015-03-22,0.39094,0.17281,0,1
2015-03-23,0.39679,0.18075,0.0096026,1
2015-03-24,0.40285,0.13686,0.071701,1
2015-03-25,0.37608,0.063249,0.064983,1
2015-03-26,0.36391,0.054011,0.03771,1
2015-03-27,0.34862,0.045853,0,1
2015-03-28,0.36252,0.087546,0,1
2015-03-29,0.38048,0.14144,0,1
2015-03-30,0.37823,0.13469,0,1
2015-03-31,0.38317,0.13098,0.018526,1
2015-04-01,0.3913,0.13099,0.042894,1
2015-04-02,0.39652,0.13021,0.059354,1
2015-04-03,0.40536,0.13642,0.079666,1
2015-04-04,0.42007,0.15573,0.10449,1
2015-04-05,0.4347,0.14403,0.16008,1
2015-04-06,0.443,0.1324,0.19658,1
2015-04-07,0.46648,0.1635,0.23593,1
2015-04-08,0.47772,0.18109,0.25208,1
2015-04-09,0.47975,0.16149,0.27777,1
2015-04-10,0.47491,0.14316,0.28158,1
2015-04-11,0.47587,0.13979,0.28782,1
2015-04-12,0.50461,0.1784,0.33542,1
2015-04-13,0.49887,0.13985,0.35676,1
2015-04-14,0.50935,0.14882,0.37923,1
2015-04-15,0.50121,0.14608,0.35756,1
2015-04-16,0.47837,0.10318,0.33193,1
2015-04-17,0.28363,0.022333,0.32855,0.5
2015-04-18,0.27358,0.0065668,0.31417,0.5
2015-04-19,0.27076,0.018379,0.29391,0.5
2015-04-20,0.28206,0.059677,0.28651,0.5
2015-04-21,0.26722,0.054826,0.24682,0.5
2015-04-22,0.25458,0.064476,0.19928,0.5
2015-04-23,0.083919,0.20418,0.047581,0
2015-04-24,0.062785,0.16523,0.023121,0
2015-04-25,0.047552,0.14265,0,0
2015-04-26,0.055362,0.16609,0,0
2015-04-27,0.074133,0.2224,0,0
2015-04-28,0.066394,0.19918,0,0
2015-04-29,0.072937,0.21881,0,0
2015-04-30,0.053055,0.12808,0.031087,0
2015-05-01,0.063275,0.13614,0.053683,0
2015-05-02,0.07097,0.14597,0.066943,0
2015-05-03,0.051156,0.085741,0.067728,0
2015-05-04,0.055367,0.098642,0.067457,0
2015-05-05,0.05242,0.12094,0.036318,0
2015-05-06,0.043804,0.11159,0.019823,0
2015-05-07,0.052757,0.1581,0.00017534,0
2015-05-08,0.070993,0.21298,0,0
2015-05-09,0.076319,0.22896,0,0
2015-05-10,0.10087,0.3026,0,0
2015-05-11,0.088982,0.26695,0,0
2015-05-12,0.14415,0.43245,0,0
2015-05-13,0.12794,0.38204,0.0017692,0
2015-05-14,0.13323,0.37,0.029707,0
2015-05-15,0.17786,0.4194,0.11419,0
2015-05-16,0.20991,0.44503,0.18471,0
2015-05-17,0.25085,0.50615,0.24638,0
2015-05-18,0.25637,0.46771,0.3014,0
2015-05-19,0.26646,0.44739,0.35198,0
2015-05-20,0.31375,0.53609,0.40517,0
2015-05-21,0.3745,0.66633,0.45717,0
2015-05-22,0.37345,0.63405,0.48629,0
2015-05-23,0.38113,0.62929,0.51412,0
2015-05-24,0.3903,0.63166,0.53924,0
2015-05-25,0.38967,0.60559,0.56341,0
2015-05-26,0.34711,0.45764,0.58369,0
2015-05-27,0.35829,0.49317,0.5817,0
2015-05-28,0.38374,0.55232,0.5989,0
2015-05-29,0.4855,0.81977,0.63675,0
2015-05-30,0.46364,0.76465,0.62626,0
2015-05-31,0.45983,0.76842,0.61107,0
2015-06-01,0.61057,0.76519,0.56653,0.5
2015-06-02,0.6098,0.79139,0.538,0.5
2015-06-03,0.60117,0.77864,0.52486,0.5
2015-06-04,0.60395,0.80045,0.51141,0.5
2015-06-05,0.54657,0.67475,0.46495,0.5
2015-06-06,0.47185,0.47707,0.43847,0.5
2015-06-07,0.45738,0.46909,0.40304,0.5
2015-06-08,0.62,0.50572,0.35427,1
2015-06-09,0.57819,0.42507,0.3095,1
2015-06-10,0.56661,0.4516,0.24823,1
2015-06-11,0.56172,0.50771,0.17744,1
2015-06-12,0.56267,0.57537,0.11262,1
2015-06-13,0.54828,0.54518,0.09967,1
2015-06-14,0.54514,0.53305,0.10237,1
2015-06-15,0.55364,0.51208,0.14883,1
2015-06-16,0.60549,0.5934,0.22306,1
2015-06-17,0.58505,0.47205,0.2831,1
2015-06-18,0.60243,0.47916,0.32814,1
2015-06-19,0.61194,0.45617,0.37964,1
2015-06-20,0.62241,0.45395,0.41327,1
2015-06-21,0.64371,0.47575,0.45537,1
2015-06-22,0.65181,0.47098,0.48446,1
2015-06-23,0.65703,0.47437,0.49674,1
2015-06-24,0.66675,0.49643,0.50383,1
2015-06-25,0.65754,0.46909,0.50353,1
2015-06-26,0.65109,0.44355,0.50973,1
2015-06-27,0.62389,0.37176,0.49991,1
2015-06-28,0.60994,0.36518,0.46463,1
2015-06-29,0.59539,0.34293,0.44324,1
2015-06-30,0.60178,0.39454,0.41081,1
2015-07-01,0.49191,0.4061,0.40296,0.66667
2015-07-02,0.4946,0.41134,0.40579,0.66667
2015-07-03,0.48901,0.39319,0.40718,0.66667
2015-07-04,0.47865,0.36613,0.40314,0.66667
2015-07-05,0.59531,0.3797,0.40622,1
2015-07-06,0.58606,0.35182,0.40634,1
2015-07-07,0.58737,0.35878,0.40334,1
2015-07-08,0.48128,0.38832,0.38886,0.66667
2015-07-09,0.4599,0.34389,0.36913,0.66667
2015-07-10,0.53466,0.23646,0.36751,1
2015-07-11,0.5599,0.32073,0.35897,1
2015-07-12,0.5856,0.39452,0.36228,1
2015-07-13,0.69399,0.62506,0.45691,1
2015-07-14,0.68758,0.56344,0.49929,1
2015-07-15,0.70512,0.62218,0.49319,1
2015-07-16,0.68327,0.69805,0.55175,0.8
2015-07-17,0.67227,0.64882,0.56798,0.8
2015-07-18,0.67536,0.65301,0.57306,0.8
2015-07-19,0.67761,0.6567,0.57613,0.8
2015-07-20,0.67388,0.62397,0.59768,0.8
2015-07-21,0.67697,0.61015,0.62076,0.8
2015-07-22,0.68617,0.61719,0.64132,0.8
2015-07-23,0.6903,0.64096,0.62995,0.8
2015-07-24,0.65471,0.57062,0.59351,0.8
2015-07-25,0.61416,0.47439,0.56808,0.8
2015-07-26,0.61727,0.516,0.53581,0.8
2015-07-27,0.62525,0.54719,0.52856,0.8
2015-07-28,0.64422,0.60425,0.52841,0.8
2015-07-29,0.6432,0.59998,0.52961,0.8
2015-07-30,0.64367,0.60258,0.52842,0.8
2015-07-31,0.65862,0.61146,0.56441,0.8
2015-08-01,0.67063,0.6096,0.60229,0.8
2015-08-02,0.69168,0.62278,0.65227,0.8
2015-08-03,0.71839,0.65313,0.70206,0.8
2015-08-04,0.67604,0.68655,0.74157,0.6
2015-08-05,0.68937,0.68385,0.78426,0.6
2015-08-06,0.70361,0.6875,0.82333,0.6
2015-08-07,0.71852,0.6957,0.85987,0.6
2015-08-08,0.76369,0.64178,0.84929,0.8
2015-08-09,0.66957,0.55969,0.84903,0.6
2015-08-10,0.65396,0.51295,0.84893,0.6
2015-08-11,0.46698,0.15216,0.84877,0.4
2015-08-12,0.36815,0.087087,0.81737,0.2
2015-08-13,0.35541,0.088737,0.77748,0.2
2015-08-14,0.34779,0.11531,0.72807,0.2
2015-08-15,0.33077,0.13158,0.66074,0.2
2015-08-16,0.31805,0.13602,0.61814,0.2
2015-08-17,0.30628,0.1463,0.57253,0.2
2015-08-18,0.50681,0.12042,1,0.4
2015-08-19,0.65291,0.55874,1,0.4
2015-08-20,0.6574,0.57221,1,0.4
2015-08-21,0.65316,0.55948,1,0.4
2015-08-22,0.65857,0.57571,1,0.4
2015-08-23,0.66465,0.59394,1,0.4
2015-08-24,0.65028,0.56184,0.98901,0.4
2015-08-25,0.64767,0.59075,0.95225,0.4
2015-08-26,0.63085,0.57298,0.91957,0.4
2015-08-27,0.61941,0.57143,0.88681,0.4
2015-08-28,0.60761,0.5648,0.85802,0.4
2015-08-29,0.59517,0.55546,0.83006,0.4
2015-08-30,0.5819,0.55953,0.78617,0.4
2015-08-31,0.576,0.56184,0.76616,0.4
2015-09-01,0.57093,0.55921,0.75356,0.4
2015-09-02,0.56801,0.56204,0.74198,0.4
2015-09-03,0.56722,0.56607,0.73559,0.4
2015-09-04,0.56774,0.56615,0.73706,0.4
2015-09-05,0.56507,0.56071,0.7345,0.4
2015-09-06,0.57468,0.59411,0.72994,0.4
2015-09-07,0.52197,0.6123,0.7536,0.2
2015-09-08,0.53149,0.61254,0.78194,0.2
2015-09-09,0.53769,0.61267,0.8004,0.2
2015-09-10,0.54486,0.61206,0.82252,0.2
2015-09-11,0.5544,0.61774,0.84547,0.2
2015-09-12,0.55948,0.61238,0.86606,0.2
2015-09-13,0.56618,0.60928,0.88927,0.2
2015-09-14,0.56541,0.608,0.88824,0.2
2015-09-15,0.56821,0.61413,0.89052,0.2
2015-09-16,0.69881,1,0.89644,0.2
2015-09-17,0.56783,0.76037,0.94312,0
2015-09-18,0.55045,0.6778,0.97355,0
2015-09-19,0.56406,0.69729,0.9949,0
2015-09-20,0.56845,0.70535,1,0
2015-09-21,0.55808,0.69219,0.98204,0
2015-09-22,0.61965,0.95141,0.90754,0
2015-09-23,0.37258,0.42361,0.69413,0
2015-09-24,0.28537,0.21043,0.64569,0
2015-09-25,0.27243,0.20325,0.61403,0
2015-09-26,0.29089,0.29187,0.5808,0
2015-09-27,0.27922,0.33205,0.50561,0
2015-09-28,0.28952,0.29434,0.37423,0.2
2015-09-29,0.19127,0.28288,0.090926,0.2
2015-09-30,0.17257,0.27805,0.039655,0.2
2015-10-01,0.17613,0.29052,0.037855,0.2
2015-10-02,0.18224,0.30872,0.038013,0.2
2015-10-03,0.18917,0.32968,0.037834,0.2
2015-10-04,0.18172,0.32081,0.024355,0.2
2015-10-05,0.16554,0.2428,0.053829,0.2
2015-10-06,0.19033,0.30652,0.064459,0.2
2015-10-07,0.21164,0.36845,0.066463,0.2
2015-10-08,0.19025,0.30482,0.065927,0.2
2015-10-09,0.21138,0.37852,0.05561,0.2
2015-10-10,0.20841,0.37565,0.049593,0.2
2015-10-11,0.21252,0.39362,0.04393,0.2
2015-10-12,0.17129,0.28786,0.026016,0.2
2015-10-13,0.19015,0.35284,0.01762,0.2
2015-10-14,0.17909,0.31956,0.017708,0.2
2015-10-15,0.17842,0.29953,0.035726,0.2
2015-10-16,0.24395,0.29597,0.035867,0.4
2015-10-17,0.40029,0.56093,0.039942,0.6
2015-10-18,0.55358,0.72412,0.1366,0.8
2015-10-19,0.53788,0.6281,0.18555,0.8
2015-10-20,0.54638,0.63437,0.20478,0.8
2015-10-21,0.55408,0.62191,0.24034,0.8
2015-10-22,0.57018,0.63185,0.27869,0.8
2015-10-23,0.57367,0.62668,0.29434,0.8
2015-10-24,0.58324,0.64616,0.30357,0.8
2015-10-25,0.56812,0.60237,0.30199,0.8
2015-10-26,0.56582,0.59777,0.2997,0.8
2015-10-27,0.55931,0.58115,0.2968,0.8
2015-10-28,0.60229,0.709,0.29787,0.8
2015-10-29,0.62587,0.77741,0.30021,0.8
2015-10-30,0.70929,0.82841,0.29947,1
2015-10-31,0.75138,0.91278,0.34135,1
2015-11-01,0.76987,0.93689,0.37274,1
2015-11-02,0.78911,0.89552,0.4718,1
2015-11-03,0.86096,1,0.58289,1
2015-11-04,0.81558,0.81805,0.62871,1
2015-11-05,0.83577,0.79035,0.71696,1
2015-11-06,0.84885,0.77278,0.77377,1
2015-11-07,0.8467,0.75951,0.78058,1
2015-11-08,0.84267,0.74534,0.78268,1
2015-11-09,0.82658,0.72485,0.75489,1
2015-11-10,0.76946,0.58708,0.72129,1
2015-11-11,0.78262,0.6606,0.68725,1
2015-11-12,0.78589,0.69339,0.66428,1
2015-11-13,0.74352,0.59931,0.63126,1
2015-11-14,0.73658,0.61979,0.58996,1
2015-11-15,0.68683,0.61395,0.55764,0.88889
2015-11-16,0.63923,0.6128,0.52712,0.77778
2015-11-17,0.59547,0.61486,0.5049,0.66667
2015-11-18,0.59256,0.6252,0.48581,0.66667
2015-11-19,0.59132,0.62356,0.48371,0.66667
2015-11-20,0.59209,0.62578,0.48382,0.66667
2015-11-21,0.59504,0.63435,0.48411,0.66667
2015-11-22,0.59794,0.63735,0.48979,0.66667
2015-11-23,0.60538,0.64649,0.50298,0.66667
2015-11-24,0.60576,0.64561,0.505,0.66667
2015-11-25,0.60455,0.64918,0.4978,0.66667
2015-11-26,0.58965,0.62838,0.4739,0.66667
2015-11-27,0.53274,0.59492,0.44774,0.55556
2015-11-28,0.52991,0.61346,0.42071,0.55556
2015-11-29,0.48225,0.60472,0.39759,0.44444
2015-11-30,0.44547,0.6023,0.40077,0.33333
2015-12-01,0.45133,0.62453,0.39612,0.33333
2015-12-02,0.36916,0.48412,0.40112,0.22222
2015-12-03,0.36447,0.56081,0.42149,0.11111
2015-12-04,0.38429,0.59974,0.44203,0.11111
2015-12-05,0.36872,0.55216,0.44289,0.11111
2015-12-06,0.3485,0.49511,0.43929,0.11111
2015-12-07,0.35058,0.50205,0.43859,0.11111
2015-12-08,0.34628,0.49422,0.43351,0.11111
2015-12-09,0.37021,0.55949,0.44003,0.11111
2015-12-10,0.26367,0.3457,0.4453,0
2015-12-11,0.19809,0.040063,0.44309,0.11111
2015-12-12,0.23527,0.18261,0.4121,0.11111
2015-12-13,0.21036,0.14801,0.37198,0.11111
2015-12-14,0.19995,0.15899,0.32975,0.11111
2015-12-15,0.17857,0.15082,0.27377,0.11111
2015-12-16,0.15365,0.15865,0.19118,0.11111
2015-12-17,0.14036,0.14442,0.16555,0.11111
2015-12-18,0.14338,0.15702,0.162,0.11111
2015-12-19,0.148,0.16864,0.16426,0.11111
2015-12-20,0.13667,0.14032,0.15858,0.11111
2015-12-21,0.12717,0.11535,0.15506,0.11111
2015-12-22,0.12663,0.11269,0.1561,0.11111
2015-12-23,0.11944,0.1073,0.13991,0.11111
2015-12-24,0.10809,0.10533,0.10783,0.11111
2015-12-25,0.095461,0.080431,0.094841,0.11111
2015-12-26,0.1172,0.029717,0.09966,0.22222
2015-12-27,0.11174,0.012061,0.10094,0.22222
2015-12-28,0.1225,0.043124,0.10216,0.22222
2015-12-29,0.12493,0.048051,0.10452,0.22222
2015-12-30,0.12591,0.051984,0.10353,0.22222
2015-12-31,0.13206,0.069283,0.10468,0.22222
2016-01-01,0.13128,0.065843,0.10579,0.22222
2016-01-02,0.14223,0.065706,0.13875,0.22222
2016-01-03,0.16837,0.11553,0.16735,0.22222
2016-01-04,0.19991,0.17544,0.20207,0.22222
2016-01-05,0.21898,0.18696,0.24776,0.22222
2016-01-06,0.24172,0.20596,0.29698,0.22222
2016-01-07,0.27778,0.20049,0.29953,0.33333
2016-01-08,0.26554,0.16375,0.29952,0.33333
2016-01-09,0.28408,0.21901,0.29989,0.33333
2016-01-10,0.21092,0.1086,0.30194,0.22222
2016-01-11,0.22551,0.15386,0.30045,0.22222
2016-01-12,0.22183,0.14707,0.2962,0.22222
2016-01-13,0.20995,0.11673,0.29091,0.22222
2016-01-14,0.21438,0.10057,0.32035,0.22222
2016-01-15,0.27083,0.10491,0.37425,0.33333
2016-01-16,0.37966,0.35225,0.45339,0.33333
2016-01-17,0.39293,0.33805,0.50741,0.33333
2016-01-18,0.4079,0.35285,0.53752,0.33333
2016-01-19,0.4195,0.36197,0.56319,0.33333
2016-01-20,0.46427,0.34312,0.60525,0.44444
2016-01-21,0.46411,0.33068,0.61722,0.44444
2016-01-22,0.45529,0.32867,0.59276,0.44444
2016-01-23,0.44354,0.31411,0.57206,0.44444
2016-01-24,0.44812,0.35061,0.5493,0.44444
2016-01-25,0.41783,0.37517,0.54498,0.33333
2016-01-26,0.41274,0.36541,0.53948,0.33333
2016-01-27,0.41728,0.37682,0.54168,0.33333
2016-01-28,0.41586,0.37032,0.54394,0.33333
2016-01-29,0.4162,0.35756,0.5577,0.33333
2016-01-30,0.42267,0.36368,0.57099,0.33333
2016-01-31,0.42779,0.35368,0.59637,0.33333
2016-02-01,0.42091,0.34263,0.58677,0.33333
2016-02-02,0.41764,0.34211,0.57747,0.33333
2016-02-03,0.41397,0.3387,0.56987,0.33333
2016-02-04,0.39732,0.31581,0.54281,0.33333
2016-02-05,0.38978,0.32488,0.51113,0.33333
2016-02-06,0.35812,0.34271,0.50943,0.22222
2016-02-07,0.35699,0.33658,0.51216,0.22222
2016-02-08,0.35923,0.33958,0.5159,0.22222
2016-02-09,0.35757,0.3316,0.5189,0.22222
2016-02-10,0.36139,0.3397,0.52225,0.22222
2016-02-11,0.3728,0.34761,0.54856,0.22222
2016-02-12,0.37997,0.34493,0.57275,0.22222
2016-02-13,0.43435,0.50884,0.572,0.22222
2016-02-14,0.32409,0.25768,0.60349,0.11111
2016-02-15,0.33547,0.27312,0.62219,0.11111
2016-02-16,0.33918,0.26926,0.63717,0.11111
2016-02-17,0.34116,0.26722,0.64514,0.11111
2016-02-18,0.34841,0.28494,0.64918,0.11111
2016-02-19,0.27764,0.23637,0.59656,0
2016-02-20,0.20833,0.135,0.48998,0
2016-02-21,0.18598,0.093586,0.46434,0
2016-02-22,0.19561,0.13826,0.44856,0
2016-02-23,0.14045,0.024591,0.39676,0
2016-02-24,0.11653,0.039001,0.3106,0
2016-02-25,0.068454,0.030742,0.17462,0
2016-02-26,0.064836,0.051757,0.14275,0
2016-02-27,0.061385,0.091037,0.093119,0
2016-02-28,0.062292,0.097749,0.089128,0
2016-02-29,0.072988,0.13375,0.085209,0
2016-03-01,0.090514,0.1477,0.12384,0
2016-03-02,0.086021,0.12425,0.13381,0
2016-03-03,0.080867,0.099368,0.14323,0
2016-03-04,0.074325,0.071687,0.15129,0
2016-03-05,0.095739,0.13332,0.1539,0
2016-03-06,0.10333,0.16104,0.14895,0
2016-03-07,0.11182,0.20148,0.13399,0
2016-03-08,0.098979,0.17162,0.12531,0
2016-03-09,0.10762,0.20712,0.11573,0
2016-03-10,0.11357,0.23715,0.10356,0
2016-03-11,0.11329,0.24579,0.094097,0
2016-03-12,0.10779,0.2327,0.090683,0
2016-03-13,0.10365,0.2163,0.094646,0
2016-03-14,0.094812,0.19474,0.089693,0
2016-03-15,0.095035,0.18242,0.10269,0
2016-03-16,0.11077,0.2158,0.11651,0
2016-03-17,0.1127,0.20981,0.1283,0
2016-03-18,0.10746,0.19177,0.13063,0
2016-03-19,0.10138,0.16346,0.14067,0
2016-03-20,0.12336,0.22077,0.1493,0
2016-03-21,0.14569,0.28264,0.15444,0
2016-03-22,0.1405,0.26198,0.15952,0
2016-03-23,0.16999,0.34626,0.16372,0
2016-03-24,0.17338,0.37294,0.1472,0
2016-03-25,0.18689,0.39202,0.16866,0
2016-03-26,0.21126,0.44726,0.1865,0
2016-03-27,0.20333,0.44014,0.16984,0
2016-03-28,0.19008,0.39546,0.17478,0
2016-03-29,0.18363,0.38102,0.16988,0
2016-03-30,0.17301,0.35843,0.1606,0
2016-03-31,0.18283,0.4032,0.14529,0
2016-04-01,0.19885,0.44953,0.14701,0
2016-04-02,0.21453,0.49541,0.14819,0
2016-04-03,0.17739,0.37041,0.16176,0
2016-04-04,0.15716,0.29719,0.1743,0
2016-04-05,0.14951,0.23932,0.20922,0
2016-04-06,0.1714,0.27592,0.23829,0
2016-04-07,0.1774,0.27602,0.25618,0
2016-04-08,0.18201,0.27574,0.2703,0
2016-04-09,0.18871,0.28204,0.2841,0
2016-04-10,0.1776,0.22573,0.30707,0
2016-04-11,0.18182,0.21676,0.32871,0
2016-04-12,0.18898,0.21488,0.35207,0
2016-04-13,0.19617,0.21328,0.37523,0
2016-04-14,0.19908,0.19955,0.39769,0
2016-04-15,0.1997,0.18747,0.41161,0
2016-04-16,0.16749,0.075464,0.42701,0
2016-04-17,0.16866,0.090672,0.41531,0
2016-04-18,0.17037,0.094117,0.41699,0
2016-04-19,0.20365,0.089554,0.41027,0.11111
2016-04-20,0.24852,0.2311,0.40335,0.11111
2016-04-21,0.32839,0.37418,0.38878,0.22222
2016-04-22,0.32586,0.37887,0.37649,0.22222
2016-04-23,0.32166,0.3754,0.36735,0.22222
2016-04-24,0.35991,0.38804,0.35836,0.33333
2016-04-25,0.37953,0.45725,0.348,0.33333
2016-04-26,0.3887,0.4847,0.34808,0.33333
2016-04-27,0.48122,0.50181,0.49741,0.44444
2016-04-28,0.49631,0.46522,0.57926,0.44444
2016-04-29,0.51573,0.46312,0.63962,0.44444
2016-04-30,0.53377,0.46791,0.68895,0.44444
2016-05-01,0.54093,0.46101,0.71735,0.44444
2016-05-02,0.5456,0.45285,0.7395,0.44444
2016-05-03,0.54136,0.4336,0.74603,0.44444
2016-05-04,0.53273,0.42044,0.73329,0.44444
2016-05-05,0.51798,0.41351,0.696,0.44444
2016-05-06,0.47665,0.3335,0.652,0.44444
2016-05-07,0.43943,0.26273,0.61111,0.44444
2016-05-08,0.43437,0.28149,0.57716,0.44444
2016-05-09,0.4256,0.28994,0.5424,0.44444
2016-05-10,0.39924,0.247,0.50627,0.44444
2016-05-11,0.37311,0.20433,0.47055,0.44444
2016-05-12,0.36256,0.20849,0.43474,0.44444
2016-05-13,0.35266,0.20228,0.41125,0.44444
2016-05-14,0.35992,0.24817,0.38714,0.44444
2016-05-15,0.36472,0.28121,0.3685,0.44444
2016-05-16,0.35631,0.2783,0.3462,0.44444
2016-05-17,0.36172,0.28051,0.3602,0.44444
2016-05-18,0.38257,0.32783,0.37544,0.44444
2016-05-19,0.35081,0.24796,0.36003,0.44444
2016-05-20,0.34023,0.23216,0.34409,0.44444
2016-05-21,0.30227,0.24224,0.33124,0.33333
2016-05-22,0.30145,0.24704,0.32397,0.33333
2016-05-23,0.29865,0.2468,0.31582,0.33333
2016-05-24,0.25989,0.25426,0.30318,0.22222
2016-05-25,0.2562,0.2578,0.28858,0.22222
2016-05-26,0.25644,0.24731,0.29978,0.22222
2016-05-27,0.24481,0.22562,0.28658,0.22222
2016-05-28,0.51927,0.79242,0.43206,0.33333
2016-05-29,0.44763,0.48438,0.52518,0.33333
2016-05-30,0.46925,0.48448,0.58994,0.33333
2016-05-31,0.48659,0.48457,0.64188,0.33333
2016-06-01,0.49932,0.48553,0.67909,0.33333
2016-06-02,0.50929,0.48658,0.70796,0.33333
2016-06-03,0.53322,0.44013,0.71509,0.44444
2016-06-04,0.52008,0.418,0.6978,0.44444
2016-06-05,0.52172,0.43177,0.68895,0.44444
2016-06-06,0.51352,0.41995,0.67617,0.44444
2016-06-07,0.50577,0.41208,0.66078,0.44444
2016-06-08,0.49977,0.41663,0.63825,0.44444
2016-06-09,0.49645,0.42242,0.62248,0.44444
2016-06-10,0.49646,0.41751,0.62741,0.44444
2016-06-11,0.48041,0.38395,0.61282,0.44444
2016-06-12,0.54993,0.50164,0.5926,0.55556
2016-06-13,0.55633,0.54339,0.57005,0.55556
2016-06-14,0.54738,0.53841,0.54817,0.55556
2016-06-15,0.53491,0.52646,0.52272,0.55556
2016-06-16,0.53685,0.46037,0.48352,0.66667
2016-06-17,0.52006,0.44547,0.44805,0.66667
2016-06-18,0.48217,0.45297,0.43799,0.55556
2016-06-19,0.47278,0.44865,0.41414,0.55556
2016-06-20,0.45873,0.43017,0.39045,0.55556
2016-06-21,0.49413,0.43184,0.38389,0.66667
2016-06-22,0.57827,0.5595,0.39753,0.77778
2016-06-23,0.56748,0.54594,0.3787,0.77778
2016-06-24,0.56235,0.53801,0.37127,0.77778
2016-06-25,0.5416,0.5131,0.33391,0.77778
2016-06-26,0.49096,0.49145,0.31476,0.66667
2016-06-27,0.4878,0.5776,0.33023,0.55556
2016-06-28,0.48264,0.56013,0.33222,0.55556
2016-06-29,0.48205,0.55864,0.33195,0.55556
2016-06-30,0.47175,0.52795,0.33176,0.55556
2016-07-01,0.46021,0.48869,0.33639,0.55556
2016-07-02,0.46771,0.5085,0.33908,0.55556
2016-07-03,0.4395,0.53376,0.34029,0.44444
2016-07-04,0.42251,0.50525,0.31782,0.44444
2016-07-05,0.40807,0.48752,0.29226,0.44444
2016-07-06,0.40009,0.48933,0.26649,0.44444
2016-07-07,0.37974,0.45212,0.24265,0.44444
2016-07-08,0.36255,0.42705,0.21615,0.44444
2016-07-09,0.34474,0.39645,0.19333,0.44444
2016-07-10,0.34052,0.42976,0.14737,0.44444
2016-07-11,0.34593,0.46217,0.13118,0.44444
2016-07-12,0.31257,0.46174,0.14263,0.33333
2016-07-13,0.31973,0.47144,0.1544,0.33333
2016-07-14,0.33357,0.48407,0.18329,0.33333
2016-07-15,0.38028,0.58383,0.22367,0.33333
2016-07-16,0.38224,0.65423,0.27027,0.22222
2016-07-17,0.39283,0.64879,0.30748,0.22222
2016-07-18,0.39965,0.63566,0.34106,0.22222
2016-07-19,0.42028,0.66073,0.3779,0.22222
2016-07-20,0.44895,0.70842,0.4162,0.22222
2016-07-21,0.35943,0.51742,0.44977,0.11111
2016-07-22,0.2975,0.4303,0.46221,0
2016-07-23,0.28347,0.36433,0.48609,0
2016-07-24,0.32467,0.47041,0.5036,0
2016-07-25,0.36114,0.5692,0.51422,0
2016-07-26,0.34698,0.52593,0.515,0
2016-07-27,0.34911,0.56358,0.48375,0
2016-07-28,0.34827,0.57903,0.46579,0
2016-07-29,0.38234,0.6437,0.5033,0
2016-07-30,0.42328,0.73093,0.5389,0
2016-07-31,0.41762,0.70378,0.54907,0
2016-08-01,0.4062,0.66639,0.55222,0
2016-08-02,0.4236,0.61068,0.54901,0.11111
2016-08-03,0.42473,0.60717,0.5559,0.11111
2016-08-04,0.42886,0.6089,0.56657,0.11111
2016-08-05,0.4451,0.64783,0.57635,0.11111
2016-08-06,0.43236,0.59694,0.58903,0.11111
2016-08-07,0.42912,0.58493,0.5913,0.11111
2016-08-08,0.43663,0.60137,0.59741,0.11111
2016-08-09,0.44137,0.59901,0.61398,0.11111
2016-08-10,0.4567,0.61842,0.64058,0.11111
2016-08-11,0.46851,0.62361,0.67081,0.11111
2016-08-12,0.48141,0.63129,0.70183,0.11111
2016-08-13,0.49639,0.63515,0.7429,0.11111
2016-08-14,0.49589,0.61763,0.75894,0.11111
2016-08-15,0.50013,0.62216,0.76713,0.11111
2016-08-16,0.50354,0.62668,0.77282,0.11111
2016-08-17,0.50477,0.62104,0.78215,0.11111
2016-08-18,0.50672,0.62421,0.78485,0.11111
2016-08-19,0.509,0.63107,0.78483,0.11111
2016-08-20,0.51266,0.64456,0.78232,0.11111
2016-08-21,0.52116,0.65142,0.80095,0.11111
2016-08-22,0.5285,0.65166,0.82274,0.11111
2016-08-23,0.5335,0.65268,0.8367,0.11111
2016-08-24,0.53969,0.65541,0.85256,0.11111
2016-08-25,0.54403,0.65426,0.86673,0.11111
2016-08-26,0.54837,0.65312,0.88088,0.11111
2016-08-27,0.54764,0.6415,0.89031,0.11111
2016-08-28,0.54177,0.632,0.8822,0.11111
2016-08-29,0.55986,0.69142,0.87705,0.11111
2016-08-30,0.5613,0.66829,0.9045,0.11111
2016-08-31,0.63068,0.84456,0.93637,0.11111
2016-09-01,0.46182,0.41423,0.97123,0
2016-09-02,0.38605,0.16915,0.98899,0
2016-09-03,0.41723,0.17691,0.96366,0.11111
2016-09-04,0.46106,0.35727,0.91481,0.11111
2016-09-05,0.41639,0.33553,0.80253,0.11111
2016-09-06,0.35572,0.34031,0.61574,0.11111
2016-09-07,0.21876,0.33501,0.21016,0.11111
2016-09-08,0.21253,0.32503,0.20144,0.11111
2016-09-09,0.20941,0.30687,0.21024,0.11111
2016-09-10,0.21036,0.30776,0.21222,0.11111
2016-09-11,0.22266,0.23089,0.21487,0.22222
2016-09-12,0.21308,0.22191,0.19511,0.22222
2016-09-13,0.22592,0.2604,0.19515,0.22222
2016-09-14,0.23553,0.29061,0.19377,0.22222
2016-09-15,0.23823,0.29817,0.19429,0.22222
2016-09-16,0.2404,0.30382,0.19517,0.22222
2016-09-17,0.24271,0.31002,0.19589,0.22222
2016-09-18,0.25945,0.32065,0.23548,0.22222
2016-09-19,0.27539,0.33358,0.27037,0.22222
2016-09-20,0.29382,0.35708,0.30217,0.22222
2016-09-21,0.28478,0.32719,0.30492,0.22222
2016-09-22,0.27258,0.29465,0.30086,0.22222
2016-09-23,0.26457,0.28288,0.28861,0.22222
2016-09-24,0.25557,0.26609,0.27838,0.22222
2016-09-25,0.26356,0.29832,0.27014,0.22222
2016-09-26,0.2592,0.29115,0.26423,0.22222
2016-09-27,0.25486,0.28118,0.26118,0.22222
2016-09-28,0.25839,0.28599,0.26696,0.22222
2016-09-29,0.2648,0.29603,0.27613,0.22222
2016-09-30,0.26893,0.29473,0.28985,0.22222
2016-10-01,0.27261,0.29349,0.30213,0.22222
2016-10-02,0.2878,0.32824,0.31294,0.22222
2016-10-03,0.16806,0.058896,0.33417,0.11111
2016-10-04,0.18032,0.07946,0.35038,0.11111
2016-10-05,0.18615,0.085321,0.362,0.11111
2016-10-06,0.19141,0.094384,0.36873,0.11111
2016-10-07,0.18143,0.057624,0.37556,0.11111
2016-10-08,0.17599,0.02659,0.39027,0.11111
2016-10-09,0.17704,0.029295,0.39072,0.11111
2016-10-10,0.18849,0.039265,0.41508,0.11111
2016-10-11,0.20657,0.10546,0.40313,0.11111
2016-10-12,0.24517,0.22458,0.39981,0.11111
2016-10-13,0.23946,0.20887,0.39839,0.11111
2016-10-14,0.23992,0.20943,0.39921,0.11111
2016-10-15,0.24676,0.20974,0.41943,0.11111
2016-10-16,0.24674,0.19556,0.43355,0.11111
2016-10-17,0.25304,0.19864,0.44938,0.11111
2016-10-18,0.253,0.20592,0.44197,0.11111
2016-10-19,0.23804,0.17623,0.42676,0.11111
2016-10-20,0.23738,0.18954,0.4115,0.11111
2016-10-21,0.25585,0.23403,0.42239,0.11111
2016-10-22,0.29443,0.21666,0.44441,0.22222
2016-10-23,0.28355,0.16401,0.46443,0.22222
2016-10-24,0.28694,0.15831,0.48029,0.22222
2016-10-25,0.29265,0.16585,0.48988,0.22222
2016-10-26,0.34004,0.18234,0.50444,0.33333
2016-10-27,0.36575,0.2507,0.51321,0.33333
2016-10-28,0.35561,0.22598,0.50751,0.33333
2016-10-29,0.37434,0.1823,0.49628,0.44444
2016-10-30,0.3989,0.26182,0.49042,0.44444
2016-10-31,0.38863,0.24188,0.47955,0.44444
2016-11-01,0.40656,0.18399,0.48013,0.55556
2016-11-02,0.40984,0.21378,0.46018,0.55556
2016-11-03,0.4989,0.26908,0.56096,0.66667
2016-11-04,0.53195,0.3173,0.61188,0.66667
2016-11-05,0.52597,0.29516,0.61608,0.66667
2016-11-06,0.52052,0.29005,0.60485,0.66667
2016-11-07,0.50945,0.27814,0.58353,0.66667
2016-11-08,0.49252,0.26642,0.54446,0.66667
2016-11-09,0.48715,0.29063,0.50416,0.66667
2016-11-10,0.45458,0.30535,0.50282,0.55556
2016-11-11,0.45513,0.30013,0.50971,0.55556
2016-11-12,0.44983,0.28303,0.5109,0.55556
2016-11-13,0.44598,0.26797,0.5144,0.55556
2016-11-14,0.44754,0.26649,0.52057,0.55556
2016-11-15,0.447,0.25977,0.52568,0.55556
2016-11-16,0.46924,0.22512,0.51593,0.66667
2016-11-17,0.44077,0.18181,0.47383,0.66667
2016-11-18,0.42619,0.17591,0.436,0.66667
2016-11-19,0.40722,0.15408,0.4009,0.66667
2016-11-20,0.39574,0.1634,0.35716,0.66667
2016-11-21,0.36659,0.19565,0.34855,0.55556
2016-11-22,0.35544,0.17101,0.33977,0.55556
2016-11-23,0.35006,0.15391,0.34071,0.55556
2016-11-24,0.36013,0.18368,0.34115,0.55556
2016-11-25,0.33167,0.20399,0.34656,0.44444
2016-11-26,0.33671,0.21525,0.35045,0.44444
2016-11-27,0.35771,0.2602,0.36849,0.44444
2016-11-28,0.32773,0.2617,0.38816,0.33333
2016-11-29,0.34905,0.28533,0.42848,0.33333
2016-11-30,0.37542,0.33453,0.45841,0.33333
2016-12-01,0.34575,0.32836,0.48667,0.22222
2016-12-02,0.34961,0.32538,0.50121,0.22222
2016-12-03,0.24024,0.11779,0.49182,0.11111
2016-12-04,0.24676,0.15816,0.471,0.11111
2016-12-05,0.22925,0.13596,0.44069,0.11111
2016-12-06,0.21218,0.12602,0.3994,0.11111
2016-12-07,0.19465,0.13636,0.33649,0.11111
2016-12-08,0.18329,0.15694,0.28183,0.11111
2016-12-09,0.16502,0.17681,0.20713,0.11111
2016-12-10,0.17712,0.20036,0.21989,0.11111
2016-12-11,0.18903,0.22882,0.22716,0.11111
2016-12-12,0.20159,0.23617,0.25749,0.11111
2016-12-13,0.20333,0.21316,0.28571,0.11111
2016-12-14,0.22192,0.2427,0.31196,0.11111
2016-12-15,0.23432,0.2574,0.33444,0.11111
2016-12-16,0.22855,0.33774,0.34792,0
2016-12-17,0.23758,0.3535,0.35923,0
2016-12-18,0.25396,0.3896,0.37228,0
2016-12-19,0.31915,0.55661,0.40085,0
2016-12-20,0.30666,0.52276,0.39723,0
2016-12-21,0.32275,0.49627,0.36087,0.11111
2016-12-22,0.43424,0.76177,0.31871,0.22222
2016-12-23,0.54609,0.92119,0.38376,0.33333
2016-12-24,0.55791,0.84708,0.49332,0.33333
2016-12-25,0.5724,0.81352,0.57035,0.33333
2016-12-26,0.58694,0.8077,0.61977,0.33333
2016-12-27,0.59044,0.7952,0.64278,0.33333
2016-12-28,0.6372,0.81433,0.65282,0.44444
2016-12-29,0.60344,0.72622,0.63967,0.44444
2016-12-30,0.59451,0.72408,0.615,0.44444
2016-12-31,0.58789,0.72708,0.59213,0.44444
2017-01-01,0.57298,0.693,0.5815,0.44444
2017-01-02,0.57163,0.69982,0.57064,0.44444
2017-01-03,0.57228,0.71534,0.55705,0.44444
2017-01-04,0.59719,0.64959,0.58644,0.55556
2017-01-05,0.79475,0.93348,0.78411,0.66667
2017-01-06,0.90958,1,0.95095,0.77778
2017-01-07,0.876,0.85023,1,0.77778
2017-01-08,0.87553,0.8488,1,0.77778
2017-01-09,0.86874,0.84775,0.98069,0.77778
2017-01-10,0.85882,0.84916,0.94953,0.77778
2017-01-11,0.82379,0.68449,0.89798,0.88889
2017-01-12,0.78098,0.60946,0.8446,0.88889
2017-01-13,0.758,0.59738,0.78773,0.88889
2017-01-14,0.73742,0.5905,0.73288,0.88889
2017-01-15,0.72043,0.59234,0.68007,0.88889
2017-01-16,0.70224,0.58941,0.62843,0.88889
2017-01-17,0.67004,0.54265,0.57857,0.88889
2017-01-18,0.64354,0.5096,0.53214,0.88889
2017-01-19,0.63135,0.51759,0.48758,0.88889
2017-01-20,0.58842,0.52744,0.46005,0.77778
2017-01-21,0.54398,0.53001,0.43526,0.66667
2017-01-22,0.50512,0.53739,0.42242,0.55556
2017-01-23,0.50641,0.54745,0.41623,0.55556
2017-01-24,0.50757,0.53811,0.42904,0.55556
2017-01-25,0.51209,0.53662,0.44409,0.55556
2017-01-26,0.51892,0.54298,0.45822,0.55556
2017-01-27,0.49186,0.55794,0.4732,0.44444
2017-01-28,0.50055,0.56248,0.49473,0.44444
2017-01-29,0.5065,0.56695,0.5081,0.44444
2017-01-30,0.51441,0.58306,0.51573,0.44444
2017-01-31,0.51026,0.56778,0.51855,0.44444
2017-02-01,0.50862,0.56007,0.52135,0.44444
2017-02-02,0.51908,0.58966,0.52312,0.44444
2017-02-03,0.45401,0.48353,0.54517,0.33333
2017-02-04,0.35251,0.25973,0.57557,0.22222
2017-02-05,0.33492,0.30442,0.58924,0.11111
2017-02-06,0.33581,0.29775,0.59858,0.11111
2017-02-07,0.33887,0.28949,0.61599,0.11111
2017-02-08,0.34022,0.28198,0.62758,0.11111
2017-02-09,0.35568,0.35122,0.60471,0.11111
2017-02-10,0.25129,0.16912,0.58474,0
2017-02-11,0.24001,0.16385,0.55619,0
2017-02-12,0.23548,0.17116,0.53527,0
2017-02-13,0.2249,0.16795,0.50674,0
2017-02-14,0.20987,0.16335,0.46628,0
2017-02-15,0.19431,0.17961,0.4033,0
2017-02-16,0.095865,0.045471,0.24212,0
2017-02-17,0.10121,0.04807,0.25555,0
2017-02-18,0.10351,0.042081,0.26846,0
2017-02-19,0.11532,0.07115,0.27482,0
2017-02-20,0.11724,0.076543,0.27519,0
2017-02-21,0.11963,0.096322,0.26257,0
2017-02-22,0.10925,0.091021,0.23672,0
2017-02-23,0.13662,0.060066,0.23867,0.11111
2017-02-24,0.12901,0.036907,0.239,0.11111
2017-02-25,0.12598,0.026671,0.24016,0.11111
2017-02-26,0.11693,0,0.23968,0.11111
2017-02-27,0.11467,0,0.2329,0.11111
2017-02-28,0.11229,0,0.22576,0.11111
2017-03-01,0.1144,0.013937,0.21815,0.11111
2017-03-02,0.10967,0,0.21791,0.11111
2017-03-03,0.10964,0.00015003,0.21766,0.11111
2017-03-04,0.11097,0,0.22179,0.11111
2017-03-05,0.11326,0.0031869,0.22547,0.11111
2017-03-06,0.11993,0.021044,0.22764,0.11111
2017-03-07,0.1135,0,0.22939,0.11111
2017-03-08,0.21227,0.17128,0.24331,0.22222
2017-03-09,0.24227,0.25921,0.24537,0.22222
2017-03-10,0.33214,0.40962,0.25347,0.33333
2017-03-11,0.41944,0.62273,0.30226,0.33333
2017-03-12,0.44539,0.64788,0.35495,0.33333
2017-03-13,0.44751,0.61314,0.39607,0.33333
2017-03-14,0.45563,0.61201,0.42153,0.33333
2017-03-15,0.45978,0.62034,0.42568,0.33333
2017-03-16,0.44223,0.55751,0.43584,0.33333
2017-03-17,0.51125,0.63903,0.45026,0.44444
2017-03-18,0.60825,0.80838,0.46081,0.55556
2017-03-19,0.61201,0.80775,0.47272,0.55556
2017-03-20,0.59716,0.76347,0.47244,0.55556
2017-03-21,0.59135,0.74013,0.47836,0.55556
2017-03-22,0.59756,0.75992,0.47719,0.55556
2017-03-23,0.58275,0.72289,0.46981,0.55556
2017-03-24,0.59127,0.64518,0.46198,0.66667
2017-03-25,0.54299,0.63239,0.44103,0.55556
2017-03-26,0.53083,0.62154,0.41541,0.55556
2017-03-27,0.50747,0.56381,0.40304,0.55556
2017-03-28,0.47765,0.49393,0.38347,0.55556
2017-03-29,0.4714,0.49872,0.35994,0.55556
2017-03-30,0.46931,0.51918,0.33319,0.55556
2017-03-31,0.46226,0.51271,0.31852,0.55556
2017-04-01,0.45083,0.49833,0.29861,0.55556
2017-04-02,0.44549,0.50085,0.28006,0.55556
2017-04-03,0.43708,0.48475,0.27092,0.55556
2017-04-04,0.42418,0.45778,0.25922,0.55556
2017-04-05,0.4297,0.48589,0.24766,0.55556
2017-04-06,0.42584,0.47225,0.2497,0.55556
2017-04-07,0.38953,0.46208,0.26206,0.44444
2017-04-08,0.40504,0.49536,0.27532,0.44444
2017-04-09,0.37637,0.50385,0.29192,0.33333
2017-04-10,0.39037,0.5194,0.31836,0.33333
2017-04-11,0.40528,0.53612,0.34639,0.33333
2017-04-12,0.41366,0.5332,0.37444,0.33333
2017-04-13,0.42264,0.52163,0.41295,0.33333
2017-04-14,0.43978,0.54006,0.44595,0.33333
2017-04-15,0.45165,0.54016,0.48145,0.33333
2017-04-16,0.39471,0.44353,0.51838,0.22222
2017-04-17,0.32739,0.31714,0.55391,0.11111
2017-04-18,0.34307,0.332,0.58611,0.11111
2017-04-19,0.35922,0.35017,0.61638,0.11111
2017-04-20,0.3419,0.26375,0.65085,0.11111
2017-04-21,0.35667,0.28371,0.67519,0.11111
2017-04-22,0.37693,0.32658,0.69311,0.11111
2017-04-23,0.26944,0.13395,0.67436,0
2017-04-24,0.27396,0.16158,0.66029,0
2017-04-25,0.27433,0.17252,0.65047,0
2017-04-26,0.28204,0.25546,0.59067,0
2017-04-27,0.25108,0.23432,0.51891,0
2017-04-28,0.21344,0.20246,0.43786,0
2017-04-29,0.17367,0.22536,0.29564,0
2017-04-30,0.16872,0.2334,0.27275,0
2017-05-01,0.21431,0.29903,0.2328,0.11111
2017-05-02,0.20938,0.32866,0.18836,0.11111
2017-05-03,0.21908,0.36054,0.18558,0.11111
2017-05-04,0.22463,0.38337,0.1794,0.11111
2017-05-05,0.23668,0.42576,0.17318,0.11111
2017-05-06,0.25977,0.505,0.16322,0.11111
2017-05-07,0.24866,0.48307,0.15179,0.11111
2017-05-08,0.25745,0.40337,0.14675,0.22222
2017-05-09,0.2498,0.38366,0.14352,0.22222
2017-05-10,0.25122,0.37925,0.1522,0.22222
2017-05-11,0.25333,0.37518,0.16259,0.22222
2017-05-12,0.37136,0.45949,0.32127,0.33333
2017-05-13,0.43698,0.56142,0.41619,0.33333
2017-05-14,0.43152,0.48776,0.47345,0.33333
2017-05-15,0.4211,0.43765,0.49232,0.33333
2017-05-16,0.40782,0.39145,0.49869,0.33333
2017-05-17,0.42771,0.32341,0.51529,0.44444
2017-05-18,0.42623,0.31462,0.51964,0.44444
2017-05-19,0.41565,0.30095,0.50156,0.44444
2017-05-20,0.41101,0.3255,0.46308,0.44444
2017-05-21,0.38563,0.28322,0.42923,0.44444
2017-05-22,0.40045,0.25574,0.39006,0.55556
2017-05-23,0.45921,0.34605,0.36492,0.66667
2017-05-24,0.47172,0.39765,0.35083,0.66667
2017-05-25,0.47465,0.40565,0.35164,0.66667
2017-05-26,0.48073,0.41636,0.35915,0.66667
2017-05-27,0.4928,0.4325,0.37924,0.66667
2017-05-28,0.49,0.40893,0.39441,0.66667
2017-05-29,0.48005,0.37768,0.39582,0.66667
2017-05-30,0.4781,0.39495,0.37267,0.66667
2017-05-31,0.44096,0.41005,0.35728,0.55556
2017-06-01,0.43175,0.40144,0.33826,0.55556
2017-06-02,0.41851,0.38653,0.31345,0.55556
2017-06-03,0.41034,0.38394,0.29154,0.55556
2017-06-04,0.41002,0.40982,0.26469,0.55556
2017-06-05,0.36026,0.29596,0.22927,0.55556
2017-06-06,0.38647,0.39795,0.20592,0.55556
2017-06-07,0.36427,0.46342,0.18496,0.44444
2017-06-08,0.34306,0.42061,0.16412,0.44444
2017-06-09,0.3435,0.44332,0.14275,0.44444
2017-06-10,0.33968,0.45472,0.11986,0.44444
2017-06-11,0.29806,0.43946,0.1214,0.33333
2017-06-12,0.29115,0.30146,0.12754,0.44444
2017-06-13,0.26637,0.22603,0.12863,0.44444
2017-06-14,0.25151,0.17831,0.13179,0.44444
2017-06-15,0.24428,0.15661,0.13178,0.44444
2017-06-16,0.22384,0.20379,0.13441,0.33333
2017-06-17,0.22394,0.2007,0.1378,0.33333
2017-06-18,0.22161,0.19826,0.13324,0.33333
2017-06-19,0.22203,0.20681,0.12594,0.33333
2017-06-20,0.22442,0.21925,0.12069,0.33333
2017-06-21,0.17529,0.18682,0.11682,0.22222
2017-06-22,0.15089,0.22904,0.11253,0.11111
2017-06-23,0.15988,0.26096,0.10756,0.11111
2017-06-24,0.15628,0.24084,0.11688,0.11111
2017-06-25,0.14985,0.20786,0.13058,0.11111
2017-06-26,0.13247,0.1537,0.1326,0.11111
2017-06-27,0.12855,0.13946,0.1351,0.11111
2017-06-28,0.13207,0.14881,0.13627,0.11111
2017-06-29,0.14239,0.17471,0.14136,0.11111
2017-06-30,0.14165,0.16687,0.14697,0.11111
2017-07-01,0.14673,0.17011,0.15898,0.11111
2017-07-02,0.1496,0.17176,0.16592,0.11111
2017-07-03,0.14213,0.13515,0.18014,0.11111
2017-07-04,0.16602,0.18935,0.1976,0.11111
2017-07-05,0.15806,0.14562,0.21744,0.11111
2017-07-06,0.16373,0.15113,0.22893,0.11111
2017-07-07,0.16671,0.14317,0.24584,0.11111
2017-07-08,0.17083,0.1374,0.26398,0.11111
2017-07-09,0.18221,0.15409,0.28143,0.11111
2017-07-10,0.1879,0.16448,0.2881,0.11111
2017-07-11,0.21115,0.22513,0.29722,0.11111
2017-07-12,0.1705,0.22575,0.28576,0
2017-07-13,0.17014,0.22948,0.28095,0
2017-07-14,0.16619,0.23791,0.26066,0
2017-07-15,0.27482,0.46959,0.24375,0.11111
2017-07-16,0.2704,0.47973,0.22036,0.11111
2017-07-17,0.33007,0.46655,0.30142,0.22222
2017-07-18,0.3538,0.46818,0.371,0.22222
2017-07-19,0.37683,0.47509,0.43316,0.22222
2017-07-20,0.43754,0.39501,0.58427,0.33333
2017-07-21,0.47024,0.40933,0.66806,0.33333
2017-07-22,0.47353,0.40034,0.68692,0.33333
2017-07-23,0.4766,0.40257,0.6939,0.33333
2017-07-24,0.47828,0.41324,0.68828,0.33333
2017-07-25,0.47173,0.40211,0.67975,0.33333
2017-07-26,0.46584,0.39333,0.67085,0.33333
2017-07-27,0.45717,0.38358,0.65459,0.33333
2017-07-28,0.44813,0.37141,0.63965,0.33333
2017-07-29,0.44025,0.36123,0.62619,0.33333
2017-07-30,0.43515,0.36033,0.61179,0.33333
2017-07-31,0.42631,0.35565,0.58995,0.33333
2017-08-01,0.41973,0.35064,0.5752,0.33333
2017-08-02,0.4074,0.33309,0.55579,0.33333
2017-08-03,0.39625,0.31924,0.53619,0.33333
2017-08-04,0.38065,0.2898,0.51883,0.33333
2017-08-05,0.36305,0.26714,0.48867,0.33333
2017-08-06,0.3406,0.22708,0.46138,0.33333
2017-08-07,0.32654,0.21431,0.43197,0.33333
2017-08-08,0.32064,0.219,0.40958,0.33333
2017-08-09,0.32201,0.23913,0.39357,0.33333
2017-08-10,0.31658,0.2421,0.3743,0.33333
2017-08-11,0.30251,0.2171,0.3571,0.33333
2017-08-12,0.3017,0.22327,0.34849,0.33333
2017-08-13,0.29848,0.2157,0.34641,0.33333
2017-08-14,0.26664,0.2243,0.35339,0.22222
2017-08-15,0.26944,0.23347,0.35264,0.22222
2017-08-16,0.23764,0.23406,0.36777,0.11111
2017-08-17,0.24048,0.23197,0.37835,0.11111
2017-08-18,0.26549,0.30035,0.38501,0.11111
2017-08-19,0.16709,0.14465,0.35663,0
2017-08-20,0.15558,0.15405,0.3127,0
2017-08-21,0.15466,0.16889,0.29508,0
2017-08-22,0.14315,0.1653,0.26416,0
2017-08-23,0.15525,0.21803,0.24773,0
2017-08-24,0.13767,0.23375,0.17926,0
2017-08-25,0.10142,0.24091,0.063347,0
2017-08-26,0.1162,0.26683,0.081761,0
2017-08-27,0.13848,0.30722,0.10824,0
2017-08-28,0.16269,0.34328,0.1448,0
2017-08-29,0.16825,0.33543,0.16932,0
2017-08-30,0.16555,0.30889,0.18776,0
2017-08-31,0.18442,0.34124,0.21203,0
2017-09-01,0.19149,0.34493,0.22955,0
2017-09-02,0.19573,0.35757,0.22963,0
2017-09-03,0.17833,0.30555,0.22943,0
2017-09-04,0.21376,0.30412,0.22605,0.11111
2017-09-05,0.22027,0.33204,0.21767,0.11111
2017-09-06,0.22687,0.35547,0.21404,0.11111
2017-09-07,0.21605,0.31519,0.22186,0.11111
2017-09-08,0.22788,0.22827,0.23316,0.22222
2017-09-09,0.21922,0.19731,0.23814,0.22222
2017-09-10,0.19417,0.12102,0.23926,0.22222
2017-09-11,0.18293,0.086708,0.23987,0.22222
2017-09-12,0.17609,0.067402,0.23865,0.22222
2017-09-13,0.1607,0.021143,0.23874,0.22222
2017-09-14,0.32587,0.34907,0.29521,0.33333
2017-09-15,0.50851,0.66279,0.41831,0.44444
2017-09-16,0.50567,0.57821,0.49436,0.44444
2017-09-17,0.52677,0.58959,0.54627,0.44444
2017-09-18,0.56658,0.54141,0.60279,0.55556
2017-09-19,0.57148,0.52192,0.63696,0.55556
2017-09-20,0.57287,0.51949,0.64358,0.55556
2017-09-21,0.5584,0.49801,0.62164,0.55556
2017-09-22,0.54258,0.48015,0.59205,0.55556
2017-09-23,0.53474,0.47897,0.5697,0.55556
2017-09-24,0.52052,0.46572,0.54028,0.55556
2017-09-25,0.50732,0.44719,0.51923,0.55556
2017-09-26,0.48929,0.41813,0.49417,0.55556
2017-09-27,0.47213,0.40294,0.45788,0.55556
2017-09-28,0.45886,0.38617,0.43486,0.55556
2017-09-29,0.45577,0.39865,0.41311,0.55556
2017-09-30,0.44725,0.3987,0.3875,0.55556
2017-10-01,0.44246,0.40122,0.37062,0.55556
2017-10-02,0.45346,0.42802,0.37679,0.55556
2017-10-03,0.46521,0.45915,0.38092,0.55556
2017-10-04,0.44049,0.46873,0.40828,0.44444
2017-10-05,0.45018,0.47344,0.43265,0.44444
2017-10-06,0.463,0.48484,0.45972,0.44444
2017-10-07,0.48572,0.52002,0.49271,0.44444
2017-10-08,0.46658,0.54545,0.52095,0.33333
2017-10-09,0.47289,0.54067,0.54467,0.33333
2017-10-10,0.48108,0.53679,0.57313,0.33333
2017-10-11,0.49227,0.53831,0.60518,0.33333
2017-10-12,0.48196,0.50818,0.60436,0.33333
2017-10-13,0.47352,0.48688,0.60036,0.33333
2017-10-14,0.31894,0.11932,0.61528,0.22222
2017-10-15,0.29543,0.16495,0.61022,0.11111
2017-10-16,0.28686,0.14998,0.59949,0.11111
2017-10-17,0.29298,0.18743,0.58041,0.11111
2017-10-18,0.2215,0.13943,0.52507,0
2017-10-19,0.20392,0.15352,0.45825,0
2017-10-20,0.17312,0.18173,0.33763,0
2017-10-21,0.16599,0.20428,0.29369,0
2017-10-22,0.18006,0.24899,0.2912,0
2017-10-23,0.17828,0.25922,0.27562,0
2017-10-24,0.15556,0.22978,0.23691,0
2017-10-25,0.1728,0.28669,0.23171,0
2017-10-26,0.18405,0.32375,0.22839,0
2017-10-27,0.19293,0.36981,0.20898,0
2017-10-28,0.18664,0.35271,0.20722,0
2017-10-29,0.17981,0.32786,0.21158,0
2017-10-30,0.16972,0.2938,0.21535,0
2017-10-31,0.15661,0.25406,0.21577,0
2017-11-01,0.16074,0.26747,0.21474,0
2017-11-02,0.16411,0.27795,0.21439,0
2017-11-03,0.15761,0.2682,0.20463,0
2017-11-04,0.15592,0.26523,0.20253,0
2017-11-05,0.1536,0.25726,0.20353,0
2017-11-06,0.14,0.24029,0.17972,0
2017-11-07,0.13114,0.22671,0.1667,0
2017-11-08,0.12717,0.22425,0.15725,0
2017-11-09,0.11336,0.2015,0.13858,0
2017-11-10,0.13741,0.30857,0.10364,0
2017-11-11,0.13401,0.2972,0.10482,0
2017-11-12,0.1427,0.32051,0.10759,0
2017-11-13,0.23535,0.44438,0.15057,0.11111
2017-11-14,0.21643,0.35729,0.18089,0.11111
2017-11-15,0.24475,0.28048,0.23157,0.22222
2017-11-16,0.28331,0.35186,0.27585,0.22222
2017-11-17,0.27276,0.30134,0.29472,0.22222
2017-11-18,0.28044,0.33095,0.28815,0.22222
2017-11-19,0.28495,0.35665,0.27599,0.22222
2017-11-20,0.26577,0.31271,0.26238,0.22222
2017-11-21,0.25189,0.2918,0.24164,0.22222
2017-11-22,0.26559,0.34296,0.23159,0.22222
2017-11-23,0.27281,0.34764,0.24857,0.22222
2017-11-24,0.2818,0.35392,0.26924,0.22222
2017-11-25,0.27822,0.33428,0.27815,0.22222
2017-11-26,0.27755,0.33065,0.27977,0.22222
2017-11-27,0.2948,0.38251,0.27968,0.22222
2017-11-28,0.31139,0.42312,0.28882,0.22222
2017-11-29,0.32724,0.46666,0.29284,0.22222
2017-11-30,0.32956,0.4671,0.29935,0.22222
2017-12-01,0.32692,0.45553,0.30301,0.22222
2017-12-02,0.31463,0.41444,0.30722,0.22222
2017-12-03,0.31724,0.42183,0.30766,0.22222
2017-12-04,0.31108,0.40651,0.30451,0.22222
2017-12-05,0.32023,0.4405,0.29797,0.22222
2017-12-06,0.32428,0.33928,0.30023,0.33333
2017-12-07,0.51464,0.76074,0.33874,0.44444
2017-12-08,0.51689,0.70506,0.40117,0.44444
2017-12-09,0.54252,0.71545,0.46766,0.44444
2017-12-10,0.55295,0.69969,0.5147,0.44444
2017-12-11,0.55625,0.67955,0.54475,0.44444
2017-12-12,0.55623,0.66107,0.56318,0.44444
2017-12-13,0.53255,0.68823,0.5761,0.33333
2017-12-14,0.54047,0.71252,0.57556,0.33333
2017-12-15,0.49689,0.69104,0.57741,0.22222
2017-12-16,0.50431,0.7077,0.58301,0.22222
2017-12-17,0.49327,0.67163,0.58597,0.22222
2017-12-18,0.49701,0.67838,0.59044,0.22222
2017-12-19,0.48642,0.65418,0.58286,0.22222
2017-12-20,0.47975,0.647,0.57004,0.22222
2017-12-21,0.47242,0.63593,0.5591,0.22222
2017-12-22,0.4567,0.61196,0.53592,0.22222
2017-12-23,0.44066,0.59366,0.5061,0.22222
2017-12-24,0.43123,0.59665,0.47482,0.22222
2017-12-25,0.42327,0.59563,0.45194,0.22222
2017-12-26,0.39655,0.53625,0.43116,0.22222
2017-12-27,0.37334,0.48729,0.4105,0.22222
2017-12-28,0.35599,0.46132,0.38443,0.22222
2017-12-29,0.33999,0.43496,0.36277,0.22222
2017-12-30,0.31643,0.39654,0.33053,0.22222
2017-12-31,0.31262,0.41497,0.30065,0.22222
2018-01-01,0.29153,0.38271,0.26966,0.22222
2018-01-02,0.27098,0.35678,0.23395,0.22222
2018-01-03,0.24627,0.32317,0.19341,0.22222
2018-01-04,0.2607,0.4089,0.15098,0.22222
2018-01-05,0.12284,0.11543,0.14198,0.11111
2018-01-06,0.051685,0,0.15506,0
2018-01-07,0.052107,0,0.15632,0
2018-01-08,0.052495,0.016422,0.14106,0
2018-01-09,0.049616,0.025278,0.12357,0
2018-01-10,0.049563,0.051106,0.097583,0
2018-01-11,0.030936,0.032977,0.059832,0
2018-01-12,0.018045,0.021451,0.032682,0
2018-01-13,0.022969,0.033545,0.035363,0
2018-01-14,0.02462,0.035606,0.038253,0
2018-01-15,0.038283,0.075856,0.038992,0
2018-01-16,0.049391,0,0.03706,0.11111
2018-01-17,0.045944,0,0.026722,0.11111
2018-01-18,0.051816,0.021351,0.022985,0.11111
2018-01-19,0.060838,0.051889,0.019515,0.11111
2018-01-20,0.05316,0.026801,0.021567,0.11111
2018-01-21,0.063795,0.050889,0.029385,0.11111
2018-01-22,0.066536,0.057865,0.03063,0.11111
2018-01-23,0.064176,0.054724,0.026693,0.11111
2018-01-24,0.07841,0.10153,0.022587,0.11111
2018-01-25,0.090594,0.13988,0.020793,0.11111
2018-01-26,0.10628,0.18773,0.020008,0.11111
2018-01-27,0.1219,0.22421,0.030395,0.11111
2018-01-28,0.15175,0.27602,0.068106,0.11111
2018-01-29,0.14867,0.22747,0.10742,0.11111
2018-01-30,0.15108,0.23253,0.1096,0.11111
2018-01-31,0.14496,0.21109,0.11269,0.11111
2018-02-01,0.14253,0.20336,0.11313,0.11111
2018-02-02,0.13531,0.18179,0.11303,0.11111
2018-02-03,0.14154,0.19972,0.11379,0.11111
2018-02-04,0.1495,0.22674,0.11065,0.11111
2018-02-05,0.22079,0.33286,0.10729,0.22222
2018-02-06,0.25162,0.40976,0.12288,0.22222
2018-02-07,0.24942,0.39102,0.13503,0.22222
2018-02-08,0.24811,0.37361,0.14851,0.22222
2018-02-09,0.2588,0.39255,0.16163,0.22222
2018-02-10,0.26576,0.40252,0.17254,0.22222
2018-02-11,0.26358,0.39626,0.17226,0.22222
2018-02-12,0.26142,0.39188,0.17015,0.22222
2018-02-13,0.25457,0.37238,0.16912,0.22222
2018-02-14,0.2795,0.454,0.16228,0.22222
2018-02-15,0.26858,0.53045,0.16418,0.11111
2018-02-16,0.26108,0.50548,0.16665,0.11111
2018-02-17,0.24771,0.46337,0.16867,0.11111
2018-02-18,0.26025,0.49854,0.17111,0.11111
2018-02-19,0.24972,0.46548,0.17256,0.11111
2018-02-20,0.2484,0.4602,0.17389,0.11111
2018-02-21,0.24639,0.45814,0.16993,0.11111
2018-02-22,0.24423,0.44974,0.17183,0.11111
2018-02-23,0.23981,0.43476,0.17355,0.11111
2018-02-24,0.22901,0.39572,0.18019,0.11111
2018-02-25,0.22304,0.36989,0.18811,0.11111
2018-02-26,0.21298,0.34065,0.18717,0.11111
2018-02-27,0.20127,0.32458,0.1681,0.11111
2018-02-28,0.20417,0.35702,0.14438,0.11111
2018-03-01,0.22423,0.40998,0.1516,0.11111
2018-03-02,0.24517,0.46844,0.15598,0.11111
2018-03-03,0.26523,0.5084,0.17617,0.11111
2018-03-04,0.27657,0.52023,0.19836,0.11111
2018-03-05,0.30809,0.58445,0.2287,0.11111
2018-03-06,0.26899,0.45469,0.24116,0.11111
2018-03-07,0.16334,0.24303,0.24699,0
2018-03-08,0.18434,0.31251,0.24051,0
2018-03-09,0.18862,0.33294,0.23291,0
2018-03-10,0.17761,0.31208,0.22076,0
2018-03-11,0.17018,0.33061,0.17993,0
2018-03-12,0.15425,0.33554,0.12723,0
2018-03-13,0.13219,0.32764,0.068935,0
2018-03-14,0.10519,0.25081,0.064747,0
2018-03-15,0.084202,0.18952,0.063083,0
2018-03-16,0.082293,0.19011,0.056771,0
2018-03-17,0.086002,0.20649,0.05152,0
2018-03-18,0.097178,0.24492,0.046615,0
2018-03-19,0.086703,0.22197,0.038134,0
2018-03-20,0.0802,0.20907,0.031533,0
2018-03-21,0.094764,0.24088,0.043411,0
2018-03-22,0.11356,0.28658,0.05409,0
2018-03-23,0.10933,0.26756,0.060413,0
2018-03-24,0.11901,0.28292,0.074112,0
2018-03-25,0.12564,0.29348,0.08345,0
2018-03-26,0.13697,0.30324,0.10767,0
2018-03-27,0.15476,0.32723,0.13705,0
2018-03-28,0.15849,0.31789,0.15759,0
2018-03-29,0.18153,0.27816,0.15533,0.11111
2018-03-30,0.18863,0.29648,0.15829,0.11111
2018-03-31,0.19207,0.30589,0.15922,0.11111
2018-04-01,0.19694,0.31964,0.16006,0.11111
2018-04-02,0.19568,0.31926,0.15667,0.11111
2018-04-03,0.18056,0.27796,0.15262,0.11111
2018-04-04,0.19669,0.33519,0.14378,0.11111
2018-04-05,0.16528,0.24234,0.1424,0.11111
2018-04-06,0.15654,0.21643,0.14209,0.11111
2018-04-07,0.16254,0.2344,0.14212,0.11111
2018-04-08,0.16626,0.24578,0.14189,0.11111
2018-04-09,0.15345,0.21253,0.1367,0.11111
2018-04-10,0.1467,0.19426,0.13474,0.11111
2018-04-11,0.15784,0.21367,0.14874,0.11111
2018-04-12,0.21099,0.26164,0.14912,0.22222
2018-04-13,0.2025,0.2422,0.14307,0.22222
2018-04-14,0.19884,0.23675,0.13756,0.22222
2018-04-15,0.20015,0.24694,0.13129,0.22222
2018-04-16,0.1965,0.24313,0.12415,0.22222
2018-04-17,0.19649,0.24083,0.12642,0.22222
2018-04-18,0.1961,0.24086,0.12522,0.22222
2018-04-19,0.19799,0.23832,0.13342,0.22222
2018-04-20,0.18758,0.20782,0.13271,0.22222
2018-04-21,0.17732,0.17571,0.13403,0.22222
2018-04-22,0.18534,0.19724,0.13656,0.22222
2018-04-23,0.19024,0.2103,0.13819,0.22222
2018-04-24,0.18141,0.18936,0.13266,0.22222
2018-04-25,0.20988,0.28636,0.12107,0.22222
2018-04-26,0.21274,0.31458,0.10143,0.22222
2018-04-27,0.21852,0.35136,0.08197,0.22222
2018-04-28,0.17908,0.33904,0.087085,0.11111
2018-04-29,0.17848,0.33844,0.085885,0.11111
2018-04-30,0.18002,0.34066,0.088289,0.11111
2018-05-01,0.18285,0.35207,0.085365,0.11111
2018-05-02,0.1932,0.36722,0.10127,0.11111
2018-05-03,0.18182,0.32137,0.11299,0.11111
2018-05-04,0.19393,0.34496,0.12571,0.11111
2018-05-05,0.20491,0.35514,0.14848,0.11111
2018-05-06,0.21317,0.36283,0.16556,0.11111
2018-05-07,0.21939,0.36816,0.17888,0.11111
2018-05-08,0.22476,0.37199,0.1912,0.11111
2018-05-09,0.23401,0.38792,0.20299,0.11111
2018-05-10,0.24066,0.3796,0.23125,0.11111
2018-05-11,0.25475,0.42366,0.22947,0.11111
2018-05-12,0.25503,0.52623,0.23885,0
2018-05-13,0.24979,0.50674,0.24263,0
2018-05-14,0.2567,0.52392,0.24617,0
2018-05-15,0.25744,0.52429,0.24802,0
2018-05-16,0.25979,0.52858,0.25078,0
2018-05-17,0.2589,0.52718,0.24952,0
2018-05-18,0.26179,0.52782,0.25754,0
2018-05-19,0.27761,0.56751,0.26531,0
2018-05-20,0.29508,0.60839,0.27684,0
2018-05-21,0.29211,0.58832,0.28802,0
2018-05-22,0.28429,0.55993,0.29296,0
2018-05-23,0.31203,0.64814,0.28796,0
2018-05-24,0.22856,0.39809,0.28759,0
2018-05-25,0.18225,0.27379,0.27296,0
2018-05-26,0.16788,0.25414,0.24951,0
2018-05-27,0.16023,0.25054,0.23015,0
2018-05-28,0.14959,0.25419,0.19459,0
2018-05-29,0.13804,0.27512,0.13901,0
2018-05-30,0.099566,0.24719,0.051509,0
2018-05-31,0.084375,0.25312,0,0
2018-06-01,0.098042,0.29223,0.0018964,0
2018-06-02,0.11781,0.34983,0.0036122,0
2018-06-03,0.11886,0.34962,0.0069552,0
2018-06-04,0.11788,0.34351,0.010141,0
2018-06-05,0.12614,0.34098,0.037445,0
2018-06-06,0.14036,0.35578,0.065313,0
2018-06-07,0.15696,0.37953,0.091363,0
2018-06-08,0.17457,0.41031,0.11339,0
2018-06-09,0.16398,0.36675,0.1252,0
2018-06-10,0.21137,0.37497,0.14803,0.11111
2018-06-11,0.21629,0.36527,0.17249,0.11111
2018-06-12,0.22281,0.3661,0.19121,0.11111
2018-06-13,0.23497,0.38886,0.20494,0.11111
2018-06-14,0.25371,0.40944,0.24057,0.11111
2018-06-15,0.26859,0.42613,0.26854,0.11111
2018-06-16,0.27687,0.42357,0.29594,0.11111
2018-06-17,0.27522,0.42623,0.28831,0.11111
2018-06-18,0.27263,0.42624,0.28052,0.11111
2018-06-19,0.26789,0.41935,0.27322,0.11111
2018-06-20,0.27923,0.45809,0.26848,0.11111
2018-06-21,0.27158,0.42711,0.27653,0.11111
2018-06-22,0.30209,0.40167,0.28236,0.22222
2018-06-23,0.28827,0.35526,0.28733,0.22222
2018-06-24,0.29204,0.36282,0.29108,0.22222
2018-06-25,0.29349,0.3669,0.29135,0.22222
2018-06-26,0.29356,0.37371,0.28476,0.22222
2018-06-27,0.28802,0.36416,0.27768,0.22222
2018-06-28,0.2895,0.36759,0.27869,0.22222
2018-06-29,0.29289,0.38363,0.27283,0.22222
2018-06-30,0.28933,0.3792,0.26657,0.22222
2018-07-01,0.28251,0.36589,0.25942,0.22222
2018-07-02,0.27375,0.34949,0.24954,0.22222
2018-07-03,0.26925,0.34524,0.24031,0.22222
2018-07-04,0.26827,0.35396,0.22862,0.22222
2018-07-05,0.26383,0.35673,0.21254,0.22222
2018-07-06,0.26008,0.35164,0.20638,0.22222
2018-07-07,0.25171,0.33263,0.20026,0.22222
2018-07-08,0.24471,0.32034,0.19157,0.22222
2018-07-09,0.26413,0.37743,0.19275,0.22222
2018-07-10,0.22224,0.35838,0.19725,0.11111
2018-07-11,0.2164,0.3378,0.20028,0.11111
2018-07-12,0.20971,0.31595,0.20208,0.11111
2018-07-13,0.2015,0.28915,0.20423,0.11111
2018-07-14,0.19779,0.28408,0.19818,0.11111
2018-07-15,0.19724,0.29426,0.18634,0.11111
2018-07-16,0.18443,0.27968,0.16251,0.11111
2018-07-17,0.26542,0.41081,0.16322,0.22222
2018-07-18,0.25332,0.37514,0.16261,0.22222
2018-07-19,0.2499,0.36461,0.16285,0.22222
2018-07-20,0.24445,0.35106,0.16005,0.22222
2018-07-21,0.2645,0.42415,0.14714,0.22222
2018-07-22,0.24757,0.49258,0.13903,0.11111
2018-07-23,0.23271,0.45717,0.12986,0.11111
2018-07-24,0.28083,0.50124,0.11903,0.22222
2018-07-25,0.28012,0.50116,0.11698,0.22222
2018-07-26,0.2821,0.50317,0.12089,0.22222
2018-07-27,0.28724,0.51787,0.12164,0.22222
2018-07-28,0.27898,0.49404,0.12069,0.22222
2018-07-29,0.2846,0.50457,0.127,0.22222
2018-07-30,0.2938,0.52769,0.13148,0.22222
2018-07-31,0.29055,0.51325,0.13618,0.22222
2018-08-01,0.29267,0.51392,0.14188,0.22222
2018-08-02,0.29377,0.50979,0.1493,0.22222
2018-08-03,0.29764,0.50408,0.16662,0.22222
2018-08-04,0.2894,0.47893,0.16705,0.22222
2018-08-05,0.27501,0.44909,0.15371,0.22222
2018-08-06,0.27331,0.45704,0.14068,0.22222
2018-08-07,0.26856,0.4449,0.13855,0.22222
2018-08-08,0.27388,0.48992,0.10949,0.22222
2018-08-09,0.29293,0.54736,0.10922,0.22222
2018-08-10,0.29939,0.56473,0.11121,0.22222
2018-08-11,0.294,0.54616,0.11362,0.22222
2018-08-12,0.28995,0.53281,0.11482,0.22222
2018-08-13,0.29173,0.5422,0.11077,0.22222
2018-08-14,0.30276,0.57817,0.10788,0.22222
2018-08-15,0.28182,0.51518,0.10806,0.22222
2018-08-16,0.27302,0.59501,0.11294,0.11111
2018-08-17,0.27169,0.56685,0.13711,0.11111
2018-08-18,0.27419,0.56,0.15147,0.11111
2018-08-19,0.27621,0.55264,0.16487,0.11111
2018-08-20,0.27019,0.52845,0.17102,0.11111
2018-08-21,0.27993,0.55318,0.17551,0.11111
2018-08-22,0.27252,0.52754,0.17892,0.11111
2018-08-23,0.23441,0.52248,0.18075,0
2018-08-24,0.23374,0.52051,0.18071,0
2018-08-25,0.22939,0.51028,0.17789,0
2018-08-26,0.23678,0.5366,0.17374,0
2018-08-27,0.2258,0.50244,0.17497,0
2018-08-28,0.21494,0.47252,0.17231,0
2018-08-29,0.23027,0.51686,0.17395,0
2018-08-30,0.24409,0.54767,0.1846,0
2018-08-31,0.25321,0.5607,0.19893,0
2018-09-01,0.25474,0.55489,0.20933,0
2018-09-02,0.26731,0.58573,0.21621,0
2018-09-03,0.3049,0.68326,0.23145,0
2018-09-04,0.31471,0.6878,0.25634,0
2018-09-05,0.32221,0.59856,0.25696,0.11111
2018-09-06,0.33402,0.63634,0.25461,0.11111
2018-09-07,0.31056,0.56208,0.25848,0.11111
2018-09-08,0.28176,0.47861,0.25557,0.11111
2018-09-09,0.27953,0.4798,0.24769,0.11111
2018-09-10,0.27961,0.48925,0.23848,0.11111
2018-09-11,0.27671,0.49259,0.22644,0.11111
2018-09-12,0.27951,0.51313,0.21429,0.11111
2018-09-13,0.27065,0.50052,0.2003,0.11111
2018-09-14,0.26549,0.48361,0.20175,0.11111
2018-09-15,0.29692,0.54345,0.23619,0.11111
2018-09-16,0.30724,0.55218,0.25843,0.11111
2018-09-17,0.29868,0.52343,0.26151,0.11111
2018-09-18,0.2986,0.52113,0.26355,0.11111
2018-09-19,0.29752,0.51343,0.26803,0.11111
2018-09-20,0.29866,0.51037,0.2745,0.11111
2018-09-21,0.29935,0.51125,0.2757,0.11111
2018-09-22,0.28855,0.47871,0.27581,0.11111
2018-09-23,0.29917,0.50966,0.27674,0.11111
2018-09-24,0.29891,0.50016,0.28545,0.11111
2018-09-25,0.30304,0.50907,0.28894,0.11111
2018-09-26,0.29714,0.49185,0.28846,0.11111
2018-09-27,0.29772,0.49534,0.28672,0.11111
2018-09-28,0.29134,0.47556,0.28737,0.11111
2018-09-29,0.29417,0.48097,0.29042,0.11111
2018-09-30,0.29906,0.49638,0.28968,0.11111
2018-10-01,0.30472,0.50951,0.29353,0.11111
2018-10-02,0.30905,0.51356,0.30249,0.11111
2018-10-03,0.31286,0.51895,0.30852,0.11111
2018-10-04,0.34365,0.59382,0.32601,0.11111
2018-10-05,0.22437,0.32706,0.34603,0
2018-10-06,0.23246,0.34423,0.35314,0
2018-10-07,0.24205,0.37062,0.35554,0
2018-10-08,0.24078,0.36398,0.35836,0
2018-10-09,0.24225,0.37417,0.35258,0
2018-10-10,0.23048,0.36365,0.3278,0
2018-10-11,0.2416,0.33868,0.27502,0.11111
2018-10-12,0.22754,0.29831,0.27319,0.11111
2018-10-13,0.24209,0.34147,0.2737,0.11111
2018-10-14,0.24436,0.34735,0.2746,0.11111
2018-10-15,0.26373,0.28088,0.2881,0.22222
2018-10-16,0.25697,0.25332,0.29538,0.22222
2018-10-17,0.2594,0.24168,0.31429,0.22222
2018-10-18,0.26047,0.24491,0.31429,0.22222
2018-10-19,0.26375,0.25474,0.3143,0.22222
2018-10-20,0.2554,0.23003,0.31396,0.22222
2018-10-21,0.26645,0.26435,0.31279,0.22222
2018-10-22,0.28043,0.26749,0.35157,0.22222
2018-10-23,0.30089,0.29135,0.38911,0.22222
2018-10-24,0.30896,0.27755,0.42711,0.22222
2018-10-25,0.32799,0.28405,0.4777,0.22222
2018-10-26,0.34737,0.29177,0.52811,0.22222
2018-10-27,0.37002,0.3078,0.58003,0.22222
2018-10-28,0.39028,0.31606,0.63256,0.22222
2018-10-29,0.38957,0.29821,0.64829,0.22222
2018-10-30,0.38767,0.27714,0.66364,0.22222
2018-10-31,0.39507,0.28362,0.67936,0.22222
2018-11-01,0.39651,0.28242,0.68488,0.22222
2018-11-02,0.39778,0.28018,0.69093,0.22222
2018-11-03,0.39458,0.28367,0.67786,0.22222
2018-11-04,0.39198,0.28639,0.66734,0.22222
2018-11-05,0.39583,0.28491,0.68036,0.22222
2018-11-06,0.39968,0.28492,0.69189,0.22222
2018-11-07,0.40345,0.28448,0.70364,0.22222
2018-11-08,0.40403,0.28814,0.70173,0.22222
2018-11-09,0.3884,0.24805,0.69492,0.22222
2018-11-10,0.35596,0.2459,0.71088,0.11111
2018-11-11,0.36124,0.24634,0.72627,0.11111
2018-11-12,0.36323,0.23823,0.74034,0.11111
2018-11-13,0.37276,0.25148,0.75567,0.11111
2018-11-14,0.40978,0.29303,0.82518,0.11111
2018-11-15,0.46988,0.41712,0.88139,0.11111
2018-11-16,0.48615,0.41965,0.92769,0.11111
2018-11-17,0.50031,0.41897,0.97086,0.11111
2018-11-18,0.50861,0.41471,1,0.11111
2018-11-19,0.54835,0.42284,1,0.22222
2018-11-20,0.66721,0.6683,1,0.33333
2018-11-21,0.66346,0.66718,0.98988,0.33333
2018-11-22,0.65502,0.67019,0.96154,0.33333
2018-11-23,0.63509,0.64749,0.92445,0.33333
2018-11-24,0.63641,0.58239,0.8824,0.44444
2018-11-25,0.61794,0.56873,0.84066,0.44444
2018-11-26,0.59695,0.56272,0.7837,0.44444
2018-11-27,0.57382,0.54962,0.72738,0.44444
2018-11-28,0.58979,0.51486,0.69895,0.55556
2018-11-29,0.56032,0.45937,0.66603,0.55556
2018-11-30,0.54138,0.43513,0.63346,0.55556
2018-12-01,0.52787,0.43187,0.59617,0.55556
2018-12-02,0.50904,0.4123,0.55926,0.55556
2018-12-03,0.48873,0.38821,0.52241,0.55556
2018-12-04,0.46765,0.36168,0.48572,0.55556
2018-12-05,0.44591,0.33941,0.44275,0.55556
2018-12-06,0.42822,0.33001,0.39909,0.55556
2018-12-07,0.40713,0.30961,0.35623,0.55556
2018-12-08,0.39185,0.29793,0.32206,0.55556
2018-12-09,0.37171,0.27592,0.28366,0.55556
2018-12-10,0.34749,0.24129,0.24562,0.55556
2018-12-11,0.32425,0.20975,0.20743,0.55556
2018-12-12,0.30214,0.18401,0.16685,0.55556
2018-12-13,0.30053,0.222,0.12403,0.55556
2018-12-14,0.27348,0.24643,0.12958,0.44444
2018-12-15,0.27668,0.24877,0.13682,0.44444
2018-12-16,0.28569,0.25882,0.15379,0.44444
2018-12-17,0.26352,0.19727,0.14885,0.44444
2018-12-18,0.2787,0.24702,0.14463,0.44444
2018-12-19,0.1789,0.056337,0.14703,0.33333
2018-12-20,0.13269,0.027644,0.14821,0.22222
2018-12-21,0.15125,0.085097,0.14643,0.22222
2018-12-22,0.15083,0.085789,0.14447,0.22222
2018-12-23,0.1735,0.15633,0.14195,0.22222
2018-12-24,0.14108,0.17533,0.13681,0.11111
2018-12-25,0.134,0.16392,0.12697,0.11111
2018-12-26,0.13206,0.15872,0.12634,0.11111
2018-12-27,0.14285,0.18831,0.12912,0.11111
2018-12-28,0.13471,0.28947,0.11468,0
2018-12-29,0.13613,0.30785,0.10053,0
2018-12-30,0.12765,0.30699,0.075946,0
2018-12-31,0.12977,0.32053,0.068783,0
2019-01-01,0.13413,0.34129,0.061114,0
2019-01-02,0.13926,0.36697,0.050819,0
2019-01-03,0.14204,0.38603,0.040082,0
2019-01-04,0.14298,0.37112,0.05783,0
2019-01-05,0.16387,0.41342,0.078177,0
2019-01-06,0.15365,0.37669,0.084259,0
2019-01-07,0.1496,0.35849,0.090305,0
2019-01-08,0.16208,0.38525,0.10099,0
2019-01-09,0.17795,0.42168,0.11216,0
2019-01-10,0.18983,0.34791,0.11047,0.11111
2019-01-11,0.17278,0.29897,0.10824,0.11111
2019-01-12,0.18156,0.33017,0.10339,0.11111
2019-01-13,0.17815,0.32158,0.10175,0.11111
2019-01-14,0.16559,0.29124,0.094404,0.11111
2019-01-15,0.17369,0.3346,0.075374,0.11111
2019-01-16,0.16854,0.31882,0.075678,0.11111
2019-01-17,0.18478,0.34773,0.095494,0.11111
2019-01-18,0.21299,0.41423,0.11362,0.11111
2019-01-19,0.18232,0.30728,0.12857,0.11111
2019-01-20,0.17972,0.29328,0.13477,0.11111
2019-01-21,0.18435,0.28918,0.15276,0.11111
2019-01-22,0.19319,0.29968,0.16878,0.11111
2019-01-23,0.20819,0.32469,0.18879,0.11111
2019-01-24,0.2253,0.36842,0.19637,0.11111
2019-01-25,0.24061,0.41128,0.19944,0.11111
2019-01-26,0.22245,0.33321,0.22304,0.11111
2019-01-27,0.22819,0.31267,0.26077,0.11111
2019-01-28,0.23087,0.30459,0.27689,0.11111
2019-01-29,0.23428,0.29979,0.29194,0.11111
2019-01-30,0.23522,0.29406,0.30049,0.11111
2019-01-31,0.23874,0.29094,0.31418,0.11111
2019-02-01,0.23999,0.287,0.32186,0.11111
2019-02-02,0.2468,0.29748,0.33182,0.11111
2019-02-03,0.24726,0.28758,0.34309,0.11111
2019-02-04,0.26513,0.3198,0.36447,0.11111
2019-02-05,0.27707,0.33224,0.38785,0.11111
2019-02-06,0.28366,0.32964,0.41024,0.11111
2019-02-07,0.28601,0.31415,0.43277,0.11111
2019-02-08,0.33272,0.34279,0.43315,0.22222
2019-02-09,0.29222,0.35021,0.41533,0.11111
2019-02-10,0.28617,0.35378,0.39363,0.11111
2019-02-11,0.28217,0.36727,0.36811,0.11111
2019-02-12,0.26093,0.30736,0.36432,0.11111
2019-02-13,0.24233,0.27397,0.34192,0.11111
2019-02-14,0.23713,0.28359,0.31669,0.11111
2019-02-15,0.23779,0.29048,0.31178,0.11111
2019-02-16,0.25105,0.29871,0.34333,0.11111
2019-02-17,0.26046,0.30244,0.36782,0.11111
2019-02-18,0.29664,0.29985,0.36786,0.22222
2019-02-19,0.29792,0.30464,0.36689,0.22222
2019-02-20,0.29674,0.30248,0.36552,0.22222
2019-02-21,0.29525,0.30006,0.36347,0.22222
2019-02-22,0.29259,0.29497,0.36057,0.22222
2019-02-23,0.28955,0.28916,0.35728,0.22222
2019-02-24,0.38012,0.40419,0.40285,0.33333
2019-02-25,0.38112,0.40132,0.40872,0.33333
2019-02-26,0.37706,0.41131,0.38655,0.33333
2019-02-27,0.3809,0.4286,0.38077,0.33333
2019-02-28,0.38053,0.43865,0.3696,0.33333
2019-03-01,0.38023,0.44822,0.35913,0.33333
2019-03-02,0.37756,0.45625,0.34309,0.33333
2019-03-03,0.38418,0.46197,0.35725,0.33333
2019-03-04,0.3877,0.45739,0.37237,0.33333
2019-03-05,0.39035,0.46726,0.37047,0.33333
2019-03-06,0.37655,0.4393,0.35701,0.33333
2019-03-07,0.37523,0.44971,0.34266,0.33333
2019-03-08,0.37382,0.45899,0.32913,0.33333
2019-03-09,0.38763,0.51596,0.31358,0.33333
2019-03-10,0.37989,0.59517,0.32229,0.22222
2019-03-11,0.38209,0.58968,0.33436,0.22222
2019-03-12,0.39152,0.58916,0.36317,0.22222
2019-03-13,0.40369,0.59778,0.39106,0.22222
2019-03-14,0.41305,0.59915,0.41778,0.22222
2019-03-15,0.42079,0.59715,0.44298,0.22222
2019-03-16,0.42421,0.58725,0.46316,0.22222
2019-03-17,0.41407,0.57183,0.44816,0.22222
2019-03-18,0.41273,0.57731,0.43867,0.22222
2019-03-19,0.42481,0.61781,0.43441,0.22222
2019-03-20,0.41558,0.67599,0.45962,0.11111
2019-03-21,0.42043,0.6736,0.47658,0.11111
2019-03-22,0.42444,0.66897,0.49322,0.11111
2019-03-23,0.43542,0.67469,0.52046,0.11111
2019-03-24,0.4481,0.68498,0.54823,0.11111
2019-03-25,0.43381,0.61914,0.57117,0.11111
2019-03-26,0.35218,0.50055,0.55598,0
2019-03-27,0.37775,0.48291,0.53924,0.11111
2019-03-28,0.35907,0.45249,0.51362,0.11111
2019-03-29,0.34023,0.43595,0.47363,0.11111
2019-03-30,0.31285,0.41977,0.40766,0.11111
2019-03-31,0.27745,0.41992,0.30133,0.11111
2019-04-01,0.22542,0.39607,0.16907,0.11111
2019-04-02,0.42518,0.46694,0.58637,0.22222
2019-04-03,0.4596,0.43058,0.72599,0.22222
2019-04-04,0.48945,0.43885,0.80728,0.22222
2019-04-05,0.50067,0.43387,0.84593,0.22222
2019-04-06,0.50348,0.42661,0.86161,0.22222
2019-04-07,0.50212,0.42308,0.86107,0.22222
2019-04-08,0.50034,0.42506,0.85375,0.22222
2019-04-09,0.50068,0.42415,0.85567,0.22222
2019-04-10,0.49922,0.42321,0.85224,0.22222
2019-04-11,0.48744,0.42359,0.81649,0.22222
2019-04-12,0.46917,0.40239,0.78289,0.22222
2019-04-13,0.45939,0.40544,0.75051,0.22222
2019-04-14,0.45075,0.40825,0.72178,0.22222
2019-04-15,0.44341,0.40991,0.69808,0.22222
2019-04-16,0.43321,0.40541,0.67199,0.22222
2019-04-17,0.41969,0.39337,0.64347,0.22222
2019-04-18,0.41539,0.39397,0.62999,0.22222
2019-04-19,0.41171,0.39745,0.61545,0.22222
2019-04-20,0.41064,0.40182,0.60788,0.22222
2019-04-21,0.40696,0.39882,0.59985,0.22222
2019-04-22,0.40167,0.39258,0.59023,0.22222
2019-04-23,0.39757,0.38965,0.58083,0.22222
2019-04-24,0.3926,0.38797,0.56759,0.22222
2019-04-25,0.38422,0.39059,0.53987,0.22222
2019-04-26,0.34005,0.38676,0.52228,0.11111
2019-04-27,0.3326,0.38419,0.50249,0.11111
2019-04-28,0.32685,0.38651,0.48292,0.11111
2019-04-29,0.31912,0.38189,0.46436,0.11111
2019-04-30,0.31217,0.37712,0.44827,0.11111
2019-05-01,0.33074,0.45367,0.42745,0.11111
2019-05-02,0.29999,0.45926,0.44071,0
2019-05-03,0.33854,0.47139,0.43311,0.11111
2019-05-04,0.32371,0.44328,0.41674,0.11111
2019-05-05,0.32032,0.46349,0.38636,0.11111
2019-05-06,0.3144,0.49574,0.33633,0.11111
2019-05-07,0.28959,0.49589,0.26177,0.11111
2019-05-08,0.24278,0.49249,0.12474,0.11111
2019-05-09,0.24788,0.51142,0.12112,0.11111
2019-05-10,0.25275,0.52539,0.12174,0.11111
2019-05-11,0.35871,0.67131,0.18258,0.22222
2019-05-12,0.35722,0.60048,0.24896,0.22222
2019-05-13,0.4195,0.60062,0.32453,0.33333
2019-05-14,0.4193,0.55149,0.37306,0.33333
2019-05-15,0.43096,0.55308,0.40646,0.33333
2019-05-16,0.44954,0.56133,0.45396,0.33333
2019-05-17,0.47107,0.56539,0.51448,0.33333
2019-05-18,0.45438,0.51866,0.51113,0.33333
2019-05-19,0.46753,0.4376,0.52056,0.44444
2019-05-20,0.45131,0.40253,0.50696,0.44444
2019-05-21,0.44308,0.39469,0.4901,0.44444
2019-05-22,0.43363,0.39123,0.4652,0.44444
2019-05-23,0.42419,0.39032,0.43781,0.44444
2019-05-24,0.4187,0.39867,0.41298,0.44444
2019-05-25,0.42046,0.41688,0.40005,0.44444
2019-05-26,0.40474,0.37832,0.39146,0.44444
2019-05-27,0.38831,0.33551,0.38497,0.44444
2019-05-28,0.38264,0.32556,0.37793,0.44444
2019-05-29,0.38392,0.33263,0.37469,0.44444
2019-05-30,0.37563,0.31974,0.3627,0.44444
2019-05-31,0.36736,0.308,0.34963,0.44444
2019-06-01,0.35998,0.3179,0.31759,0.44444
2019-06-02,0.32662,0.3364,0.31012,0.33333
2019-06-03,0.31163,0.31019,0.29137,0.33333
2019-06-04,0.30375,0.30754,0.27038,0.33333
2019-06-05,0.28567,0.27543,0.24823,0.33333
2019-06-06,0.28365,0.29172,0.22588,0.33333
2019-06-07,0.27918,0.30015,0.20405,0.33333
2019-06-08,0.27418,0.30595,0.18327,0.33333
2019-06-09,0.26558,0.306,0.15741,0.33333
2019-06-10,0.22702,0.29668,0.16216,0.22222
2019-06-11,0.22736,0.28028,0.17958,0.22222
2019-06-12,0.19858,0.29099,0.19363,0.11111
2019-06-13,0.20361,0.29275,0.20698,0.11111
2019-06-14,0.20082,0.2774,0.21395,0.11111
2019-06-15,0.19046,0.24492,0.21535,0.11111
2019-06-16,0.19821,0.27595,0.20757,0.11111
2019-06-17,0.21886,0.32799,0.21747,0.11111
2019-06-18,0.16344,0.29639,0.19394,0
2019-06-19,0.16042,0.29708,0.18419,0
2019-06-20,0.16094,0.31362,0.16919,0
2019-06-21,0.15465,0.32103,0.14293,0
2019-06-22,0.16469,0.39136,0.1027,0
2019-06-23,0.14122,0.34592,0.077757,0
2019-06-24,0.15829,0.42872,0.046144,0
2019-06-25,0.1979,0.43176,0.050819,0.11111
2019-06-26,0.28458,0.58094,0.050571,0.22222
2019-06-27,0.44962,0.79857,0.21696,0.33333
2019-06-28,0.54506,0.87556,0.31518,0.44444
2019-06-29,0.55584,0.83963,0.38344,0.44444
2019-06-30,0.56994,0.81599,0.44938,0.44444
2019-07-01,0.56371,0.75584,0.49086,0.44444
2019-07-02,0.57348,0.77683,0.49916,0.44444
2019-07-03,0.55815,0.7217,0.50829,0.44444
2019-07-04,0.56586,0.74903,0.50411,0.44444
2019-07-05,0.55374,0.72016,0.49661,0.44444
2019-07-06,0.55116,0.7212,0.48785,0.44444
2019-07-07,0.54922,0.7225,0.4807,0.44444
2019-07-08,0.53954,0.70161,0.47257,0.44444
2019-07-09,0.53036,0.68364,0.46299,0.44444
2019-07-10,0.52985,0.6879,0.4572,0.44444
2019-07-11,0.51885,0.67073,0.44139,0.44444
2019-07-12,0.50859,0.65481,0.42651,0.44444
2019-07-13,0.50741,0.66764,0.41016,0.44444
2019-07-14,0.49627,0.64943,0.39493,0.44444
2019-07-15,0.48477,0.63154,0.37831,0.44444
2019-07-16,0.5077,0.61614,0.35141,0.55556
2019-07-17,0.47017,0.53134,0.32362,0.55556
2019-07-18,0.4483,0.48577,0.30356,0.55556
2019-07-19,0.42227,0.43062,0.28062,0.55556
2019-07-20,0.42444,0.46157,0.25619,0.55556
2019-07-21,0.42353,0.48439,0.23064,0.55556
2019-07-22,0.42183,0.50342,0.20651,0.55556
2019-07-23,0.40972,0.48248,0.19112,0.55556
2019-07-24,0.41103,0.50195,0.17558,0.55556
2019-07-25,0.38234,0.5246,0.17797,0.44444
2019-07-26,0.33648,0.48645,0.18966,0.33333
2019-07-27,0.27316,0.37262,0.22465,0.22222
2019-07-28,0.24999,0.38589,0.25297,0.11111
2019-07-29,0.27242,0.42776,0.27838,0.11111
2019-07-30,0.29756,0.4816,0.29996,0.11111
2019-07-31,0.29501,0.46662,0.3073,0.11111
2019-08-01,0.30822,0.50142,0.31212,0.11111
2019-08-02,0.29726,0.46888,0.31179,0.11111
2019-08-03,0.31045,0.48584,0.33441,0.11111
2019-08-04,0.31918,0.48419,0.36226,0.11111
2019-08-05,0.31536,0.45369,0.38127,0.11111
2019-08-06,0.32052,0.4586,0.39185,0.11111
2019-08-07,0.32868,0.4716,0.40334,0.11111
2019-08-08,0.33052,0.46665,0.4138,0.11111
2019-08-09,0.34117,0.49189,0.4205,0.11111
2019-08-10,0.33843,0.48106,0.42313,0.11111
2019-08-11,0.33742,0.47521,0.42593,0.11111
2019-08-12,0.34604,0.48777,0.43924,0.11111
2019-08-13,0.32684,0.42031,0.44909,0.11111
2019-08-14,0.2969,0.32322,0.45636,0.11111
2019-08-15,0.26097,0.33,0.45292,0
2019-08-16,0.26194,0.34424,0.44158,0
2019-08-17,0.27187,0.41065,0.40496,0
2019-08-18,0.25888,0.41878,0.35787,0
2019-08-19,0.2253,0.39004,0.28584,0
2019-08-20,0.19748,0.36805,0.2244,0
2019-08-21,0.16464,0.34538,0.14856,0
2019-08-22,0.15015,0.31389,0.13656,0
2019-08-23,0.14027,0.29682,0.12398,0
2019-08-24,0.12981,0.27274,0.11671,0
2019-08-25,0.13466,0.29555,0.10844,0
2019-08-26,0.13709,0.31616,0.095103,0
2019-08-27,0.1253,0.29007,0.085848,0
2019-08-28,0.11127,0.25341,0.08041,0
2019-08-29,0.11263,0.27376,0.064135,0
2019-08-30,0.11301,0.26923,0.069797,0
2019-08-31,0.12623,0.30123,0.077467,0
2019-09-01,0.13523,0.32333,0.082375,0
2019-09-02,0.12165,0.30315,0.061784,0
2019-09-03,0.12497,0.33746,0.037463,0
2019-09-04,0.11843,0.32252,0.032772,0
2019-09-05,0.13323,0.35339,0.046291,0
2019-09-06,0.14357,0.3794,0.051317,0
2019-09-07,0.13819,0.35787,0.056708,0
2019-09-08,0.14981,0.38878,0.060653,0
2019-09-09,0.16495,0.41432,0.080523,0
2019-09-10,0.17225,0.4097,0.10705,0
2019-09-11,0.18646,0.42763,0.13175,0
2019-09-12,0.15572,0.32013,0.14702,0
2019-09-13,0.14306,0.26341,0.16576,0
2019-09-14,0.16224,0.30228,0.18444,0
2019-09-15,0.17721,0.3314,0.20024,0
2019-09-16,0.18845,0.34878,0.21657,0
2019-09-17,0.20999,0.38973,0.24023,0
2019-09-18,0.22049,0.41706,0.24442,0
2019-09-19,0.23876,0.44728,0.26901,0
2019-09-20,0.28729,0.56123,0.30064,0
2019-09-21,0.30594,0.59262,0.3252,0
2019-09-22,0.30443,0.57238,0.34092,0
2019-09-23,0.29774,0.55917,0.33405,0
2019-09-24,0.38373,0.67754,0.36255,0.11111
2019-09-25,0.34841,0.53951,0.39462,0.11111
2019-09-26,0.35402,0.53603,0.41492,0.11111
2019-09-27,0.35854,0.52437,0.44014,0.11111
2019-09-28,0.3671,0.52802,0.46216,0.11111
2019-09-29,0.36878,0.52236,0.47288,0.11111
2019-09-30,0.37262,0.5198,0.48694,0.11111
2019-10-01,0.37765,0.53419,0.48765,0.11111
2019-10-02,0.37571,0.52418,0.49184,0.11111
2019-10-03,0.38329,0.53257,0.5062,0.11111
2019-10-04,0.38523,0.52343,0.52115,0.11111
2019-10-05,0.39207,0.53297,0.53212,0.11111
2019-10-06,0.39559,0.53022,0.54543,0.11111
2019-10-07,0.39951,0.53323,0.5542,0.11111
2019-10-08,0.39701,0.51605,0.56388,0.11111
2019-10-09,0.38593,0.49297,0.55372,0.11111
2019-10-10,0.37319,0.47025,0.5382,0.11111
2019-10-11,0.36463,0.46071,0.52206,0.11111
2019-10-12,0.35869,0.45229,0.51267,0.11111
2019-10-13,0.35522,0.45354,0.501,0.11111
2019-10-14,0.34938,0.44832,0.48871,0.11111
2019-10-15,0.34125,0.43813,0.47452,0.11111
2019-10-16,0.3382,0.43057,0.47291,0.11111
2019-10-17,0.33072,0.4191,0.46194,0.11111
2019-10-18,0.3266,0.41167,0.45703,0.11111
2019-10-19,0.31828,0.40711,0.43663,0.11111
2019-10-20,0.30486,0.39649,0.40698,0.11111
2019-10-21,0.29339,0.38576,0.38329,0.11111
2019-10-22,0.28966,0.39605,0.36183,0.11111
2019-10-23,0.28369,0.28376,0.34508,0.22222
2019-10-24,0.20554,0.17279,0.33271,0.11111
2019-10-25,0.25882,0.1594,0.39483,0.22222
2019-10-26,0.37646,0.45468,0.45248,0.22222
2019-10-27,0.39385,0.46461,0.49473,0.22222
2019-10-28,0.40669,0.46418,0.53365,0.22222
2019-10-29,0.41551,0.46279,0.56152,0.22222
2019-10-30,0.41877,0.4632,0.57089,0.22222
2019-10-31,0.41396,0.45289,0.56676,0.22222
2019-11-01,0.41323,0.4605,0.55697,0.22222
2019-11-02,0.41121,0.46503,0.54636,0.22222
2019-11-03,0.40869,0.46347,0.54039,0.22222
2019-11-04,0.40826,0.46385,0.5387,0.22222
2019-11-05,0.40971,0.46651,0.54038,0.22222
2019-11-06,0.41944,0.48226,0.55385,0.22222
2019-11-07,0.43077,0.50522,0.56487,0.22222
2019-11-08,0.43294,0.50886,0.56775,0.22222
2019-11-09,0.42827,0.49289,0.5697,0.22222
2019-11-10,0.42971,0.49553,0.57138,0.22222
2019-11-11,0.42643,0.48452,0.57254,0.22222
2019-11-12,0.42012,0.46728,0.57085,0.22222
2019-11-13,0.4219,0.47742,0.56606,0.22222
2019-11-14,0.42327,0.48431,0.56327,0.22222
2019-11-15,0.41935,0.482,0.55382,0.22222
2019-11-16,0.41507,0.47735,0.54564,0.22222
2019-11-17,0.41464,0.48277,0.53893,0.22222
2019-11-18,0.41208,0.48108,0.53294,0.22222
2019-11-19,0.4144,0.48231,0.53868,0.22222
2019-11-20,0.41589,0.48123,0.54421,0.22222
2019-11-21,0.41758,0.48897,0.54155,0.22222
2019-11-22,0.40364,0.54876,0.55105,0.11111
2019-11-23,0.48907,0.79792,0.55818,0.11111
2019-11-24,0.35605,0.51344,0.55471,0
2019-11-25,0.3232,0.43533,0.53427,0
2019-11-26,0.30672,0.41979,0.50037,0
2019-11-27,0.27876,0.39558,0.44071,0
2019-11-28,0.24363,0.37012,0.36078,0
2019-11-29,0.21645,0.36018,0.28916,0
2019-11-30,0.17582,0.34501,0.18246,0
2019-12-01,0.166,0.32332,0.17467,0
2019-12-02,0.16036,0.30578,0.17529,0
2019-12-03,0.16391,0.32122,0.1705,0
2019-12-04,0.16868,0.34468,0.16136,0
2019-12-05,0.15212,0.3098,0.14654,0
2019-12-06,0.13375,0.27854,0.12271,0
2019-12-07,0.14653,0.33283,0.10676,0
2019-12-08,0.18976,0.44655,0.12273,0
2019-12-09,0.1973,0.45909,0.13281,0
2019-12-10,0.1954,0.4454,0.14081,0
2019-12-11,0.20708,0.47277,0.14849,0
2019-12-12,0.21074,0.46569,0.16652,0
2019-12-13,0.22239,0.47823,0.18894,0
2019-12-14,0.2292,0.48024,0.20735,0
2019-12-15,0.23652,0.48674,0.22282,0
2019-12-16,0.22425,0.43996,0.23278,0
2019-12-17,0.24321,0.50073,0.2289,0
2019-12-18,0.33583,0.63509,0.26128,0.11111
2019-12-19,0.3015,0.51378,0.27961,0.11111
2019-12-20,0.31061,0.53168,0.28905,0.11111
2019-12-21,0.305,0.50441,0.29947,0.11111
2019-12-22,0.30403,0.48686,0.31414,0.11111
2019-12-23,0.3126,0.50322,0.32346,0.11111
2019-12-24,0.31678,0.5162,0.32304,0.11111
2019-12-25,0.32174,0.52456,0.32955,0.11111
2019-12-26,0.33451,0.55531,0.33711,0.11111
2019-12-27,0.34579,0.58454,0.34172,0.11111
2019-12-28,0.35726,0.61259,0.34807,0.11111
2019-12-29,0.36118,0.60196,0.37047,0.11111
2019-12-30,0.36827,0.59978,0.39392,0.11111
2019-12-31,0.37526,0.6001,0.41456,0.11111
2020-01-01,0.38232,0.6004,0.43545,0.11111
2020-01-02,0.37723,0.5735,0.44708,0.11111
2020-01-03,0.38666,0.60546,0.44342,0.11111
2020-01-04,0.37694,0.57744,0.44228,0.11111
2020-01-05,0.37624,0.58222,0.4354,0.11111
2020-01-06,0.3526,0.5231,0.42358,0.11111
2020-01-07,0.36538,0.57799,0.40704,0.11111
2020-01-08,0.35265,0.55312,0.39373,0.11111
2020-01-09,0.3472,0.54815,0.38234,0.11111
2020-01-10,0.34151,0.54274,0.37069,0.11111
2020-01-11,0.32705,0.52051,0.34954,0.11111
2020-01-12,0.31873,0.52147,0.32361,0.11111
2020-01-13,0.31123,0.52274,0.29985,0.11111
2020-01-14,0.32101,0.4639,0.27692,0.22222
2020-01-15,0.28802,0.38443,0.25739,0.22222
2020-01-16,0.2575,0.3044,0.24587,0.22222
2020-01-17,0.22729,0.33176,0.239,0.11111
2020-01-18,0.21876,0.31433,0.23083,0.11111
2020-01-19,0.20534,0.28296,0.22194,0.11111
2020-01-20,0.20901,0.30264,0.21327,0.11111
2020-01-21,0.20952,0.30577,0.21166,0.11111
2020-01-22,0.21144,0.31597,0.20725,0.11111
2020-01-23,0.2015,0.28996,0.20343,0.11111
2020-01-24,0.194,0.25981,0.21108,0.11111
2020-01-25,0.19592,0.25731,0.21935,0.11111
2020-01-26,0.18886,0.23338,0.22209,0.11111
2020-01-27,0.18807,0.23401,0.21908,0.11111
2020-01-28,0.19291,0.27222,0.1954,0.11111
2020-01-29,0.1725,0.23893,0.16747,0.11111
2020-01-30,0.16104,0.22652,0.14547,0.11111
2020-01-31,0.15546,0.23693,0.11835,0.11111
2020-02-01,0.14541,0.2205,0.10461,0.11111
2020-02-02,0.16053,0.26424,0.10625,0.11111
2020-02-03,0.16145,0.26324,0.11001,0.11111
2020-02-04,0.1872,0.31495,0.13553,0.11111
2020-02-05,0.15591,0.21742,0.13921,0.11111
2020-02-06,0.15874,0.22231,0.14279,0.11111
2020-02-07,0.16482,0.23587,0.14748,0.11111
2020-02-08,0.16671,0.23668,0.15234,0.11111
2020-02-09,0.16644,0.23065,0.15756,0.11111
2020-02-10,0.16823,0.23751,0.15608,0.11111
2020-02-11,0.17271,0.25256,0.15447,0.11111
2020-02-12,0.18767,0.29261,0.15928,0.11111
2020-02-13,0.18707,0.41428,0.14694,0
2020-02-14,0.17882,0.40419,0.13227,0
2020-02-15,0.16734,0.38141,0.1206,0
2020-02-16,0.15208,0.34764,0.10859,0
2020-02-17,0.15173,0.35519,0.10001,0
2020-02-18,0.16118,0.40195,0.08158,0
2020-02-19,0.22693,0.49485,0.07482,0.11111
2020-02-20,0.19961,0.40529,0.082416,0.11111
2020-02-21,0.21494,0.44785,0.085859,0.11111
2020-02-22,0.22989,0.49181,0.086739,0.11111
2020-02-23,0.21785,0.46002,0.082405,0.11111
2020-02-24,0.2205,0.47533,0.075047,0.11111
2020-02-25,0.21777,0.47467,0.067518,0.11111
2020-02-26,0.25405,0.47282,0.067097,0.22222
2020-02-27,0.24756,0.4537,0.066747,0.22222
2020-02-28,0.2516,0.46663,0.065953,0.22222
2020-02-29,0.25331,0.47456,0.063146,0.22222
2020-03-01,0.25954,0.48746,0.068946,0.22222
2020-03-02,0.24325,0.43887,0.068656,0.22222
2020-03-03,0.22889,0.39637,0.068092,0.22222
2020-03-04,0.23482,0.40315,0.079093,0.22222
2020-03-05,0.22494,0.39767,0.054914,0.22222
2020-03-06,0.22463,0.39378,0.057897,0.22222
2020-03-07,0.21825,0.37645,0.056094,0.22222
2020-03-08,0.26782,0.38218,0.087933,0.33333
2020-03-09,0.27072,0.38248,0.096351,0.33333
2020-03-10,0.27263,0.38278,0.10179,0.33333
2020-03-11,0.28437,0.40927,0.11051,0.33333
2020-03-12,0.4671,0.24579,0.71106,0.44444
2020-03-13,0.60821,0.4753,0.90488,0.44444
2020-03-14,0.63035,0.47838,0.96821,0.44444
2020-03-15,0.63565,0.47775,0.98475,0.44444
2020-03-16,0.63383,0.4771,0.97993,0.44444
2020-03-17,0.62597,0.47385,0.95961,0.44444
2020-03-18,0.61619,0.47425,0.92989,0.44444
2020-03-19,0.59667,0.45164,0.89391,0.44444
2020-03-20,0.54294,0.4298,0.86569,0.33333
2020-03-21,0.53524,0.43092,0.84148,0.33333
2020-03-22,0.52369,0.42269,0.81506,0.33333
2020-03-23,0.51406,0.42046,0.7884,0.33333
2020-03-24,0.5049,0.41767,0.76371,0.33333
2020-03-25,0.4964,0.41647,0.73939,0.33333
2020-03-26,0.49399,0.42392,0.72472,0.33333
2020-03-27,0.4529,0.42717,0.70931,0.22222
2020-03-28,0.44553,0.42171,0.69265,0.22222
2020-03-29,0.43787,0.41574,0.67564,0.22222
2020-03-30,0.4302,0.40781,0.66058,0.22222
2020-03-31,0.42131,0.39853,0.64319,0.22222
2020-04-01,0.41824,0.40092,0.63157,0.22222
2020-04-02,0.41188,0.39523,0.61818,0.22222
2020-04-03,0.40565,0.39632,0.59842,0.22222
2020-04-04,0.40201,0.39886,0.58494,0.22222
2020-04-05,0.3991,0.39874,0.57632,0.22222
2020-04-06,0.39873,0.40122,0.57276,0.22222
2020-04-07,0.36569,0.40376,0.58221,0.11111
2020-04-08,0.36769,0.40268,0.58929,0.11111
2020-04-09,0.36858,0.39817,0.59647,0.11111
2020-04-10,0.43597,0.60001,0.59679,0.11111
2020-04-11,0.29665,0.27611,0.61383,0
2020-04-12,0.28572,0.23821,0.61894,0
2020-04-13,0.2895,0.24415,0.62435,0
2020-04-14,0.28883,0.25484,0.61165,0
2020-04-15,0.27501,0.24826,0.57676,0
2020-04-16,0.24308,0.25273,0.47649,0
2020-04-17,0.18521,0.29561,0.26004,0
2020-04-18,0.22055,0.41637,0.24528,0
2020-04-19,0.20856,0.392,0.23369,0
2020-04-20,0.2126,0.41375,0.22406,0
2020-04-21,0.16769,0.30374,0.19932,0
2020-04-22,0.12364,0.1965,0.17442,0
2020-04-23,0.12243,0.22348,0.1438,0
2020-04-24,0.094249,0.1905,0.092247,0
2020-04-25,0.10393,0.21787,0.093906,0
2020-04-26,0.10599,0.22796,0.090024,0
2020-04-27,0.10517,0.21309,0.10243,0
2020-04-28,0.066809,0.087618,0.11281,0
2020-04-29,0.10297,0.094916,0.10288,0.11111
2020-04-30,0.11717,0.13761,0.10278,0.11111
2020-05-01,0.11656,0.13816,0.10041,0.11111
2020-05-02,0.11531,0.13984,0.094964,0.11111
2020-05-03,0.11689,0.14331,0.096251,0.11111
2020-05-04,0.12337,0.15668,0.10232,0.11111
2020-05-05,0.13429,0.18359,0.10815,0.11111
2020-05-06,0.14177,0.18735,0.12686,0.11111
2020-05-07,0.18789,0.21125,0.1302,0.22222
2020-05-08,0.1824,0.19408,0.1309,0.22222
2020-05-09,0.18904,0.21579,0.1291,0.22222
2020-05-10,0.24578,0.26438,0.13963,0.33333
2020-05-11,0.24316,0.24654,0.14961,0.33333
2020-05-12,0.24575,0.2443,0.15961,0.33333
2020-05-13,0.24436,0.23315,0.1666,0.33333
2020-05-14,0.25039,0.25221,0.16562,0.33333
2020-05-15,0.25121,0.2577,0.16261,0.33333
2020-05-16,0.26012,0.27927,0.16775,0.33333
2020-05-17,0.25682,0.2713,0.16581,0.33333
2020-05-18,0.25488,0.2654,0.16592,0.33333
2020-05-19,0.26676,0.30101,0.16594,0.33333
2020-05-20,0.27526,0.32246,0.16997,0.33333
2020-05-21,0.2777,0.3239,0.17586,0.33333
2020-05-22,0.27578,0.309,0.18501,0.33333
2020-05-23,0.28442,0.32996,0.18996,0.33333
2020-05-24,0.27747,0.30415,0.19494,0.33333
2020-05-25,0.27085,0.28122,0.19798,0.33333
2020-05-26,0.27343,0.28607,0.20089,0.33333
2020-05-27,0.25896,0.2653,0.17826,0.33333
2020-05-28,0.28054,0.3519,0.15637,0.33333
2020-05-29,0.25692,0.38698,0.16155,0.22222
2020-05-30,0.25692,0.38419,0.16434,0.22222
2020-05-31,0.25909,0.38236,0.17269,0.22222
2020-06-01,0.25413,0.36756,0.1726,0.22222
2020-06-02,0.27387,0.4265,0.17289,0.22222
2020-06-03,0.25266,0.36395,0.17181,0.22222
2020-06-04,0.2564,0.37679,0.17018,0.22222
2020-06-05,0.25414,0.39275,0.14746,0.22222
2020-06-06,0.23564,0.4566,0.1392,0.11111
2020-06-07,0.24065,0.4778,0.13304,0.11111
2020-06-08,0.25796,0.52553,0.13723,0.11111
2020-06-09,0.26115,0.61072,0.17273,0
2020-06-10,0.27784,0.62779,0.20573,0
2020-06-11,0.26418,0.58589,0.20664,0
2020-06-12,0.24092,0.52492,0.19785,0
2020-06-13,0.23072,0.49956,0.19261,0
2020-06-14,0.24012,0.54038,0.17999,0
2020-06-15,0.24174,0.56314,0.16207,0
2020-06-16,0.24988,0.58435,0.16529,0
2020-06-17,0.24888,0.57736,0.16927,0
2020-06-18,0.26489,0.59259,0.20207,0
2020-06-19,0.2796,0.60175,0.23705,0
2020-06-20,0.29968,0.63055,0.26848,0
2020-06-21,0.31162,0.63626,0.29859,0
2020-06-22,0.32122,0.65437,0.30928,0
2020-06-23,0.32189,0.64563,0.32004,0
2020-06-24,0.31451,0.619,0.32451,0
2020-06-25,0.31666,0.62127,0.32871,0
2020-06-26,0.31254,0.60311,0.33451,0
2020-06-27,0.32042,0.62135,0.33991,0
2020-06-28,0.3252,0.63128,0.34433,0
2020-06-29,0.32957,0.62912,0.35959,0
2020-06-30,0.33765,0.63945,0.3735,0
2020-07-01,0.24058,0.32505,0.39669,0
2020-07-02,0.22821,0.28864,0.39598,0
2020-07-03,0.22692,0.28778,0.39298,0
2020-07-04,0.22815,0.29484,0.3896,0
2020-07-05,0.22691,0.30514,0.37558,0
2020-07-06,0.20752,0.29013,0.33244,0
2020-07-07,0.19021,0.29847,0.27215,0
2020-07-08,0.17932,0.27925,0.25873,0
2020-07-09,0.17279,0.27282,0.24555,0
2020-07-10,0.1712,0.28378,0.22981,0
2020-07-11,0.13625,0.1827,0.22604,0
2020-07-12,0.14489,0.21607,0.21861,0
2020-07-13,0.14846,0.2276,0.21777,0
2020-07-14,0.15775,0.25415,0.21911,0
2020-07-15,0.16781,0.27138,0.23204,0
2020-07-16,0.17623,0.27571,0.25298,0
2020-07-17,0.18373,0.28193,0.26926,0
2020-07-18,0.20111,0.30887,0.29448,0
2020-07-19,0.21615,0.33268,0.31576,0
2020-07-20,0.22555,0.33792,0.33874,0
2020-07-21,0.23073,0.35811,0.33408,0
2020-07-22,0.2681,0.46426,0.34005,0
2020-07-23,0.29901,0.54769,0.34935,0
2020-07-24,0.32327,0.62329,0.34652,0
2020-07-25,0.31768,0.61273,0.3403,0
2020-07-26,0.32153,0.63575,0.32885,0
2020-07-27,0.4282,0.73772,0.43577,0.11111
2020-07-28,0.37625,0.49362,0.52402,0.11111
2020-07-29,0.39433,0.48847,0.58341,0.11111
2020-07-30,0.40511,0.48254,0.62168,0.11111
2020-07-31,0.40521,0.47589,0.62864,0.11111
2020-08-01,0.40824,0.48486,0.62875,0.11111
2020-08-02,0.476,0.54587,0.6599,0.22222
2020-08-03,0.46256,0.53143,0.63404,0.22222
2020-08-04,0.45641,0.54166,0.60536,0.22222
2020-08-05,0.44515,0.51688,0.59635,0.22222
2020-08-06,0.43256,0.48807,0.58739,0.22222
2020-08-07,0.42976,0.48768,0.57937,0.22222
2020-08-08,0.42707,0.48903,0.56995,0.22222
2020-08-09,0.42288,0.48071,0.56571,0.22222
2020-08-10,0.41874,0.47227,0.56174,0.22222
2020-08-11,0.41224,0.46285,0.55164,0.22222
2020-08-12,0.40086,0.44447,0.5359,0.22222
2020-08-13,0.39009,0.43176,0.51629,0.22222
2020-08-14,0.3778,0.42399,0.48718,0.22222
2020-08-15,0.36527,0.42296,0.45064,0.22222
2020-08-16,0.35107,0.4158,0.41519,0.22222
2020-08-17,0.32901,0.38772,0.37708,0.22222
2020-08-18,0.31297,0.37094,0.34574,0.22222
2020-08-19,0.30173,0.37323,0.30972,0.22222
2020-08-20,0.29642,0.37438,0.29266,0.22222
2020-08-21,0.2878,0.36797,0.27322,0.22222
2020-08-22,0.27385,0.34967,0.24966,0.22222
2020-08-23,0.26998,0.35959,0.22811,0.22222
2020-08-24,0.27022,0.3739,0.21455,0.22222
2020-08-25,0.25023,0.32995,0.19852,0.22222
2020-08-26,0.24069,0.4055,0.20546,0.11111
2020-08-27,0.24282,0.40762,0.20972,0.11111
2020-08-28,0.24288,0.40619,0.21134,0.11111
2020-08-29,0.24259,0.406,0.21064,0.11111
2020-08-30,0.24084,0.40328,0.20814,0.11111
2020-08-31,0.18725,0.24682,0.20381,0.11111
2020-09-01,0.10672,0.17057,0.14959,0
2020-09-02,0.16853,0.25297,0.1415,0.11111
2020-09-03,0.35793,0.65229,0.19928,0.22222
2020-09-04,0.36341,0.62701,0.24099,0.22222
2020-09-05,0.37553,0.62831,0.27606,0.22222
2020-09-06,0.38011,0.61582,0.3023,0.22222
2020-09-07,0.38931,0.61674,0.32898,0.22222
2020-09-08,0.39089,0.61209,0.33836,0.22222
2020-09-09,0.39471,0.61786,0.34406,0.22222
2020-09-10,0.40096,0.63141,0.34926,0.22222
2020-09-11,0.40346,0.63607,0.35209,0.22222
2020-09-12,0.4126,0.64778,0.36781,0.22222
2020-09-13,0.41569,0.64414,0.38072,0.22222
2020-09-14,0.41051,0.62534,0.38395,0.22222
2020-09-15,0.4156,0.62969,0.39489,0.22222
2020-09-16,0.41998,0.63016,0.40757,0.22222
2020-09-17,0.42124,0.63065,0.41085,0.22222
2020-09-18,0.42839,0.64579,0.41716,0.22222
2020-09-19,0.43219,0.65216,0.42219,0.22222
2020-09-20,0.43686,0.65888,0.42947,0.22222
2020-09-21,0.42934,0.63738,0.42843,0.22222
2020-09-22,0.41699,0.60105,0.42769,0.22222
2020-09-23,0.41612,0.60581,0.42034,0.22222
2020-09-24,0.41976,0.62623,0.41084,0.22222
2020-09-25,0.40418,0.58879,0.40153,0.22222
2020-09-26,0.40391,0.5983,0.3912,0.22222
2020-09-27,0.40489,0.61101,0.38143,0.22222
2020-09-28,0.40628,0.62152,0.37509,0.22222
2020-09-29,0.4062,0.62574,0.37064,0.22222
2020-09-30,0.40998,0.63744,0.37026,0.22222
2020-10-01,0.41386,0.63784,0.38152,0.22222
2020-10-02,0.35463,0.54515,0.40763,0.11111
2020-10-03,0.30445,0.48941,0.42396,0
2020-10-04,0.29517,0.45558,0.42993,0
2020-10-05,0.2978,0.46783,0.42559,0
2020-10-06,0.29189,0.46464,0.41103,0
2020-10-07,0.28146,0.46813,0.37626,0
2020-10-08,0.26363,0.45823,0.33266,0
2020-10-09,0.23786,0.45755,0.25603,0
2020-10-10,0.23916,0.45569,0.2618,0
2020-10-11,0.23199,0.42836,0.26762,0
2020-10-12,0.22918,0.42244,0.2651,0
2020-10-13,0.23468,0.43516,0.26887,0
2020-10-14,0.24361,0.45353,0.27732,0
2020-10-15,0.25227,0.47249,0.28431,0
2020-10-16,0.25451,0.47776,0.28577,0
2020-10-17,0.24663,0.44571,0.29417,0
2020-10-18,0.25135,0.45227,0.30176,0
2020-10-19,0.25088,0.44723,0.3054,0
2020-10-20,0.25491,0.45312,0.31162,0
2020-10-21,0.31076,0.49875,0.32241,0.11111
2020-10-22,0.29657,0.44716,0.33142,0.11111
2020-10-23,0.27778,0.38667,0.33556,0.11111
2020-10-24,0.28485,0.4213,0.32214,0.11111
2020-10-25,0.27826,0.41292,0.31075,0.11111
2020-10-26,0.27463,0.41098,0.30181,0.11111
2020-10-27,0.29216,0.35516,0.29909,0.22222
2020-10-28,0.3118,0.41586,0.29733,0.22222
2020-10-29,0.30893,0.40935,0.29523,0.22222
2020-10-30,0.31035,0.41237,0.29647,0.22222
2020-10-31,0.30521,0.41152,0.2819,0.22222
2020-11-01,0.29242,0.38937,0.26567,0.22222
2020-11-02,0.28507,0.38519,0.24779,0.22222
2020-11-03,0.27838,0.38085,0.23208,0.22222
2020-11-04,0.27468,0.37739,0.22444,0.22222
2020-11-05,0.31502,0.36317,0.24856,0.33333
2020-11-06,0.29382,0.2826,0.26552,0.33333
2020-11-07,0.29861,0.25635,0.30614,0.33333
2020-11-08,0.32348,0.30417,0.33293,0.33333
2020-11-09,0.32426,0.29274,0.34671,0.33333
2020-11-10,0.32875,0.3002,0.35272,0.33333
2020-11-11,0.32622,0.29208,0.35324,0.33333
2020-11-12,0.31725,0.28764,0.33079,0.33333
2020-11-13,0.29844,0.25296,0.30903,0.33333
2020-11-14,0.29155,0.25429,0.28702,0.33333
2020-11-15,0.28695,0.2522,0.27533,0.33333
2020-11-16,0.26945,0.22291,0.2521,0.33333
2020-11-17,0.27735,0.27207,0.22665,0.33333
2020-11-18,0.26341,0.25228,0.20462,0.33333
2020-11-19,0.266,0.28488,0.17979,0.33333
2020-11-20,0.22766,0.28144,0.17933,0.22222
2020-11-21,0.21546,0.24377,0.18039,0.22222
2020-11-22,0.21479,0.24334,0.17882,0.22222
2020-11-23,0.21521,0.24557,0.17785,0.22222
2020-11-24,0.20393,0.20725,0.1823,0.22222
2020-11-25,0.21011,0.22443,0.18368,0.22222
2020-11-26,0.21429,0.22749,0.19315,0.22222
2020-11-27,0.19944,0.1879,0.1882,0.22222
2020-11-28,0.19269,0.17006,0.18578,0.22222
2020-11-29,0.18949,0.16328,0.18298,0.22222
2020-11-30,0.23105,0.16785,0.19196,0.33333
2020-12-01,0.2422,0.19528,0.198,0.33333
2020-12-02,0.24212,0.19136,0.20168,0.33333
2020-12-03,0.23861,0.19689,0.18559,0.33333
2020-12-04,0.23371,0.2108,0.15699,0.33333
2020-12-05,0.21901,0.27788,0.15692,0.22222
2020-12-06,0.22928,0.30879,0.15684,0.22222
2020-12-07,0.2288,0.30325,0.16092,0.22222
2020-12-08,0.22779,0.29863,0.16252,0.22222
2020-12-09,0.21596,0.26122,0.16444,0.22222
2020-12-10,0.21893,0.26863,0.16595,0.22222
2020-12-11,0.22321,0.27752,0.16988,0.22222
2020-12-12,0.22462,0.27864,0.17301,0.22222
2020-12-13,0.21761,0.25526,0.17535,0.22222
2020-12-14,0.21523,0.2534,0.17008,0.22222
2020-12-15,0.23016,0.297,0.17126,0.22222
2020-12-16,0.2378,0.21699,0.16307,0.33333
2020-12-17,0.29218,0.38463,0.15857,0.33333
2020-12-18,0.275,0.33721,0.15446,0.33333
2020-12-19,0.27891,0.35381,0.14959,0.33333
2020-12-20,0.28346,0.37113,0.14593,0.33333
2020-12-21,0.27551,0.35213,0.14106,0.33333
2020-12-22,0.26685,0.33022,0.13698,0.33333
2020-12-23,0.26652,0.33774,0.12848,0.33333
2020-12-24,0.26623,0.34585,0.1195,0.33333
2020-12-25,0.27225,0.37068,0.11274,0.33333
2020-12-26,0.27326,0.48666,0.11092,0.22222
2020-12-27,0.25573,0.43394,0.11104,0.22222
2020-12-28,0.25621,0.43364,0.11277,0.22222
2020-12-29,0.26179,0.44965,0.1135,0.22222
2020-12-30,0.19857,0.37928,0.10531,0.11111
2020-12-31,0.18322,0.35197,0.086578,0.11111
2021-01-01,0.1789,0.3664,0.059173,0.11111
2021-01-02,0.20295,0.32806,0.058581,0.22222
2021-01-03,0.19525,0.31054,0.053006,0.22222
2021-01-04,0.19241,0.30679,0.048205,0.22222
2021-01-05,0.18223,0.27876,0.045715,0.22222
2021-01-06,0.25003,0.3655,0.051244,0.33333
2021-01-07,0.2777,0.44495,0.054819,0.33333
2021-01-08,0.27187,0.42839,0.053893,0.33333
2021-01-09,0.2646,0.40898,0.051497,0.33333
2021-01-10,0.26484,0.40212,0.059061,0.33333
2021-01-11,0.28417,0.42512,0.094053,0.33333
2021-01-12,0.28842,0.41376,0.11818,0.33333
2021-01-13,0.32557,0.39086,0.14141,0.44444
2021-01-14,0.35156,0.47312,0.1371,0.44444
2021-01-15,0.30428,0.42624,0.15327,0.33333
2021-01-16,0.3117,0.43611,0.16565,0.33333
2021-01-17,0.31916,0.45384,0.17032,0.33333
2021-01-18,0.32191,0.46481,0.16758,0.33333
2021-01-19,0.32346,0.47106,0.16597,0.33333
2021-01-20,0.33271,0.49445,0.17035,0.33333
2021-01-21,0.33623,0.39284,0.17141,0.44444
2021-01-22,0.35613,0.44813,0.17582,0.44444
2021-01-23,0.3496,0.43416,0.17018,0.44444
2021-01-24,0.35417,0.45217,0.1659,0.44444
2021-01-25,0.37404,0.51238,0.16528,0.44444
2021-01-26,0.38072,0.53484,0.16288,0.44444
2021-01-27,0.36714,0.50161,0.15538,0.44444
2021-01-28,0.37416,0.53691,0.14112,0.44444
2021-01-29,0.36073,0.51811,0.11965,0.44444
2021-01-30,0.35116,0.50907,0.099953,0.44444
2021-01-31,0.35981,0.55683,0.07816,0.44444
2021-02-01,0.33023,0.59357,0.063801,0.33333
2021-02-02,0.31603,0.57228,0.042462,0.33333
2021-02-03,0.31807,0.58481,0.036051,0.33333
2021-02-04,0.31311,0.56353,0.042459,0.33333
2021-02-05,0.27375,0.54734,0.051684,0.22222
2021-02-06,0.27889,0.55385,0.0606,0.22222
2021-02-07,0.28558,0.55857,0.075952,0.22222
2021-02-08,0.28324,0.44638,0.070011,0.33333
2021-02-09,0.25187,0.3517,0.070587,0.33333
2021-02-10,0.25335,0.35268,0.074027,0.33333
2021-02-11,0.25101,0.34325,0.076447,0.33333
2021-02-12,0.20724,0.32051,0.078991,0.22222
2021-02-13,0.21271,0.33252,0.083377,0.22222
2021-02-14,0.2168,0.34219,0.086001,0.22222
2021-02-15,0.21907,0.33433,0.10067,0.22222
2021-02-16,0.2225,0.33187,0.11341,0.22222
2021-02-17,0.22386,0.32209,0.12726,0.22222
2021-02-18,0.22336,0.30229,0.14557,0.22222
2021-02-19,0.22833,0.31861,0.14417,0.22222
2021-02-20,0.15803,0.20842,0.15455,0.11111
2021-02-21,0.16404,0.21831,0.16271,0.11111
2021-02-22,0.16112,0.20993,0.16232,0.11111
2021-02-23,0.16765,0.22993,0.16192,0.11111
2021-02-24,0.15111,0.18171,0.1605,0.11111
2021-02-25,0.15407,0.19145,0.15966,0.11111
2021-02-26,0.13617,0.14181,0.15559,0.11111
2021-02-27,0.1445,0.16603,0.15634,0.11111
2021-02-28,0.14587,0.16683,0.15968,0.11111
2021-03-01,0.14214,0.15413,0.16118,0.11111
2021-03-02,0.13916,0.14463,0.16174,0.11111
2021-03-03,0.14121,0.15073,0.16179,0.11111
2021-03-04,0.13896,0.14348,0.16231,0.11111
2021-03-05,0.14074,0.15057,0.16053,0.11111
2021-03-06,0.1466,0.17657,0.15211,0.11111
2021-03-07,0.1427,0.17289,0.14409,0.11111
2021-03-08,0.14021,0.16377,0.14574,0.11111
2021-03-09,0.14506,0.18289,0.14118,0.11111
2021-03-10,0.13228,0.24409,0.15276,0
2021-03-11,0.14091,0.24337,0.17937,0
2021-03-12,0.14617,0.24459,0.19394,0
2021-03-13,0.1487,0.2432,0.20289,0
2021-03-14,0.1367,0.21426,0.19585,0
2021-03-15,0.12877,0.20978,0.17654,0
2021-03-16,0.11616,0.19261,0.15586,0
2021-03-17,0.11197,0.18452,0.15138,0
2021-03-18,0.1133,0.19235,0.14756,0
2021-03-19,0.1253,0.23332,0.14258,0
2021-03-20,0.1499,0.3109,0.13879,0
2021-03-21,0.17702,0.38668,0.14437,0
2021-03-22,0.17084,0.36182,0.15071,0
2021-03-23,0.16813,0.34634,0.15806,0
2021-03-24,0.13612,0.23287,0.17548,0
2021-03-25,0.14202,0.25024,0.17583,0
2021-03-26,0.13869,0.25142,0.16464,0
2021-03-27,0.13004,0.24471,0.14542,0
2021-03-28,0.13083,0.24941,0.14308,0
2021-03-29,0.1267,0.23736,0.14274,0
2021-03-30,0.12688,0.23627,0.14437,0
2021-03-31,0.11978,0.23613,0.12322,0
2021-04-01,0.13832,0.28632,0.12864,0
2021-04-02,0.15007,0.29839,0.15183,0
2021-04-03,0.15523,0.30751,0.15819,0
2021-04-04,0.14482,0.27279,0.16168,0
2021-04-05,0.16149,0.31607,0.16839,0
2021-04-06,0.1694,0.33455,0.17365,0
2021-04-07,0.17091,0.33075,0.18197,0
2021-04-08,0.1785,0.35228,0.18324,0
2021-04-09,0.17072,0.32782,0.18434,0
2021-04-10,0.16871,0.33232,0.1738,0
2021-04-11,0.18164,0.37587,0.16906,0
2021-04-12,0.17347,0.35288,0.16751,0
2021-04-13,0.18029,0.26234,0.16741,0.11111
2021-04-14,0.16651,0.23125,0.15716,0.11111
2021-04-15,0.17364,0.25826,0.15156,0.11111
2021-04-16,0.16581,0.24897,0.13736,0.11111
2021-04-17,0.15868,0.24348,0.12145,0.11111
2021-04-18,0.18686,0.22216,0.1162,0.22222
2021-04-19,0.17711,0.18154,0.12755,0.22222
2021-04-20,0.18315,0.19976,0.12746,0.22222
2021-04-21,0.19015,0.2205,0.12773,0.22222
2021-04-22,0.20787,0.27394,0.12745,0.22222
2021-04-23,0.2035,0.26495,0.12332,0.22222
2021-04-24,0.20041,0.25999,0.11902,0.22222
2021-04-25,0.20348,0.26781,0.12042,0.22222
2021-04-26,0.25533,0.28514,0.14752,0.33333
2021-04-27,0.26582,0.29236,0.17176,0.33333
2021-04-28,0.27367,0.3001,0.18757,0.33333
2021-04-29,0.27532,0.29549,0.19714,0.33333
2021-04-30,0.311,0.27349,0.21506,0.44444
2021-05-01,0.28804,0.19881,0.22085,0.44444
2021-05-02,0.28584,0.21023,0.20284,0.44444
2021-05-03,0.28339,0.21628,0.18945,0.44444
2021-05-04,0.2708,0.18761,0.18035,0.44444
2021-05-05,0.29727,0.27266,0.17472,0.44444
2021-05-06,0.28989,0.26226,0.16297,0.44444
2021-05-07,0.28602,0.26422,0.1494,0.44444
2021-05-08,0.2884,0.27599,0.14476,0.44444
2021-05-09,0.28608,0.27503,0.13876,0.44444
2021-05-10,0.27989,0.26317,0.13206,0.44444
2021-05-11,0.26564,0.23066,0.12182,0.44444
2021-05-12,0.30298,0.22923,0.12415,0.55556
2021-05-13,0.26478,0.21747,0.13244,0.44444
2021-05-14,0.26168,0.21264,0.12797,0.44444
2021-05-15,0.24913,0.18685,0.1161,0.44444
2021-05-16,0.23989,0.16632,0.10889,0.44444
2021-05-17,0.2364,0.1642,0.10055,0.44444
2021-05-18,0.20232,0.17243,0.10118,0.33333
2021-05-19,0.22994,0.14323,0.10214,0.44444
2021-05-20,0.28857,0.30691,0.11436,0.44444
2021-05-21,0.30922,0.3588,0.1244,0.44444
2021-05-22,0.30114,0.33093,0.12803,0.44444
2021-05-23,0.29141,0.30133,0.12847,0.44444
2021-05-24,0.30694,0.3291,0.14727,0.44444
2021-05-25,0.30029,0.3139,0.14251,0.44444
2021-05-26,0.27432,0.34555,0.14408,0.33333
2021-05-27,0.27025,0.3362,0.14122,0.33333
2021-05-28,0.26022,0.31165,0.13569,0.33333
2021-05-29,0.25891,0.31521,0.12817,0.33333
2021-05-30,0.22872,0.33872,0.12522,0.22222
2021-05-31,0.22377,0.31929,0.12979,0.22222
2021-06-01,0.21983,0.30321,0.13407,0.22222
2021-06-02,0.22551,0.32873,0.12558,0.22222
2021-06-03,0.22126,0.31663,0.12492,0.22222
2021-06-04,0.22784,0.32887,0.13242,0.22222
2021-06-05,0.22427,0.31183,0.13876,0.22222
2021-06-06,0.2235,0.30698,0.14129,0.22222
2021-06-07,0.21525,0.28016,0.14338,0.22222
2021-06-08,0.20979,0.26242,0.14473,0.22222
2021-06-09,0.19395,0.21967,0.13996,0.22222
2021-06-10,0.1937,0.23208,0.1268,0.22222
2021-06-11,0.17849,0.29683,0.12752,0.11111
2021-06-12,0.1676,0.26365,0.12804,0.11111
2021-06-13,0.17342,0.28132,0.12783,0.11111
2021-06-14,0.172,0.27737,0.12753,0.11111
2021-06-15,0.18257,0.30918,0.12742,0.11111
2021-06-16,0.18591,0.31654,0.13007,0.11111
2021-06-17,0.2072,0.37842,0.13206,0.11111
2021-06-18,0.11271,0.20579,0.13233,0
2021-06-19,0.076307,0.097556,0.13137,0
2021-06-20,0.10742,0.17798,0.14429,0
2021-06-21,0.13426,0.14945,0.14221,0.11111
2021-06-22,0.10129,0.056855,0.13589,0.11111
2021-06-23,0.09945,0.08618,0.10106,0.11111
2021-06-24,0.076667,0.067108,0.051783,0.11111
2021-06-25,0.067405,0.055062,0.036041,0.11111
2021-06-26,0.064779,0.04907,0.034156,0.11111
2021-06-27,0.064467,0.038706,0.043583,0.11111
2021-06-28,0.056455,0.017905,0.040348,0.11111
2021-06-29,0.058421,0.024455,0.039697,0.11111
2021-06-30,0.057051,0.025774,0.034266,0.11111
2021-07-01,0.050755,0.012407,0.028746,0.11111
2021-07-02,0.052591,0.015288,0.031374,0.11111
2021-07-03,0.059174,0.030307,0.036105,0.11111
2021-07-04,0.068,0.039814,0.053074,0.11111
2021-07-05,0.068875,0.033604,0.06191,0.11111
2021-07-06,0.07737,0.045333,0.075668,0.11111
2021-07-07,0.095071,0.08307,0.091034,0.11111
2021-07-08,0.11657,0.12877,0.10982,0.11111
2021-07-09,0.1264,0.14369,0.12439,0.11111
2021-07-10,0.13097,0.14048,0.14131,0.11111
2021-07-11,0.14333,0.16143,0.15744,0.11111
2021-07-12,0.13137,0.10719,0.17581,0.11111
2021-07-13,0.12927,0.090714,0.18599,0.11111
2021-07-14,0.14024,0.10818,0.20142,0.11111
2021-07-15,0.15045,0.12548,0.21476,0.11111
2021-07-16,0.16246,0.13943,0.23683,0.11111
2021-07-17,0.18391,0.18395,0.25668,0.11111
2021-07-18,0.20692,0.2322,0.27746,0.11111
2021-07-19,0.20376,0.20133,0.29883,0.11111
2021-07-20,0.23248,0.27246,0.31388,0.11111
2021-07-21,0.23336,0.27438,0.3146,0.11111
2021-07-22,0.21719,0.2255,0.31496,0.11111
2021-07-23,0.21203,0.21375,0.31122,0.11111
2021-07-24,0.19618,0.17365,0.30376,0.11111
2021-07-25,0.19008,0.17203,0.28709,0.11111
2021-07-26,0.19289,0.20342,0.26414,0.11111
2021-07-27,0.23258,0.37122,0.21542,0.11111
2021-07-28,0.23138,0.36895,0.21407,0.11111
2021-07-29,0.23726,0.3977,0.20297,0.11111
2021-07-30,0.2086,0.33483,0.17985,0.11111
2021-07-31,0.19228,0.33323,0.13251,0.11111
2021-08-01,0.18589,0.31575,0.13081,0.11111
2021-08-02,0.18116,0.30627,0.12611,0.11111
2021-08-03,0.18499,0.31734,0.12652,0.11111
2021-08-04,0.19233,0.3378,0.12808,0.11111
2021-08-05,0.18936,0.32389,0.1331,0.11111
2021-08-06,0.19219,0.3299,0.13557,0.11111
2021-08-07,0.2004,0.35218,0.1379,0.11111
2021-08-08,0.1965,0.34062,0.13777,0.11111
2021-08-09,0.1837,0.30349,0.13649,0.11111
2021-08-10,0.1759,0.28141,0.13519,0.11111
2021-08-11,0.18588,0.31536,0.13118,0.11111
2021-08-12,0.17674,0.29252,0.12659,0.11111
2021-08-13,0.21389,0.29322,0.12624,0.22222
2021-08-14,0.20129,0.25669,0.12495,0.22222
2021-08-15,0.1962,0.2534,0.11298,0.22222
2021-08-16,0.18269,0.22684,0.099022,0.22222
2021-08-17,0.17498,0.22566,0.077049,0.22222
2021-08-18,0.16963,0.23469,0.051992,0.22222
2021-08-19,0.14827,0.19181,0.030764,0.22222
2021-08-20,0.14108,0.28212,0.029998,0.11111
2021-08-21,0.13369,0.25951,0.030449,0.11111
2021-08-22,0.14726,0.30082,0.029848,0.11111
2021-08-23,0.1607,0.34021,0.030767,0.11111
2021-08-24,0.15315,0.31933,0.029024,0.11111
2021-08-25,0.13335,0.25968,0.029251,0.11111
2021-08-26,0.13642,0.28004,0.018109,0.11111
2021-08-27,0.12709,0.27015,0,0.11111
2021-08-28,0.13498,0.29384,0,0.11111
2021-08-29,0.16109,0.37215,0,0.11111
2021-08-30,0.15876,0.36518,0,0.11111
2021-08-31,0.15496,0.35376,0,0.11111
2021-09-01,0.15015,0.33935,0,0.11111
2021-09-02,0.14884,0.32798,0.0074395,0.11111
2021-09-03,0.15887,0.33795,0.027557,0.11111
2021-09-04,0.16845,0.3513,0.04293,0.11111
2021-09-05,0.15471,0.30271,0.050311,0.11111
2021-09-06,0.16609,0.30384,0.083318,0.11111
2021-09-07,0.2142,0.30101,0.11936,0.22222
2021-09-08,0.21853,0.29323,0.14014,0.22222
2021-09-09,0.22292,0.29157,0.15496,0.22222
2021-09-10,0.22444,0.28526,0.16584,0.22222
2021-09-11,0.22361,0.27193,0.17668,0.22222
2021-09-12,0.19442,0.28952,0.18263,0.11111
2021-09-13,0.19158,0.27774,0.18589,0.11111
2021-09-14,0.19251,0.27548,0.19095,0.11111
2021-09-15,0.19388,0.27514,0.19539,0.11111
2021-09-16,0.19707,0.28064,0.19947,0.11111
2021-09-17,0.21,0.31114,0.20774,0.11111
2021-09-18,0.20246,0.28124,0.21502,0.11111
2021-09-19,0.21057,0.30169,0.2189,0.11111
2021-09-20,0.24699,0.296,0.22273,0.22222
2021-09-21,0.27053,0.36673,0.22263,0.22222
2021-09-22,0.28848,0.41411,0.22912,0.22222
2021-09-23,0.29193,0.41542,0.23814,0.22222
2021-09-24,0.29554,0.41737,0.24703,0.22222
2021-09-25,0.28927,0.39251,0.25309,0.22222
2021-09-26,0.30053,0.42268,0.25668,0.22222
2021-09-27,0.29209,0.40165,0.25239,0.22222
2021-09-28,0.29369,0.41064,0.24819,0.22222
2021-09-29,0.2985,0.41951,0.25379,0.22222
2021-09-30,0.29523,0.41108,0.25238,0.22222
2021-10-01,0.34908,0.46529,0.24861,0.33333
2021-10-02,0.32294,0.39618,0.23931,0.33333
2021-10-03,0.31711,0.39514,0.22287,0.33333
2021-10-04,0.31595,0.40861,0.20592,0.33333
2021-10-05,0.31081,0.40341,0.1957,0.33333
2021-10-06,0.32598,0.47947,0.16514,0.33333
2021-10-07,0.31083,0.54804,0.16222,0.22222
2021-10-08,0.30697,0.53438,0.1643,0.22222
2021-10-09,0.31351,0.55104,0.16726,0.22222
2021-10-10,0.31921,0.56666,0.16874,0.22222
2021-10-11,0.30751,0.53249,0.16782,0.22222
2021-10-12,0.30401,0.52296,0.16686,0.22222
2021-10-13,0.30909,0.53077,0.17428,0.22222
2021-10-14,0.31492,0.54313,0.17943,0.22222
2021-10-15,0.29222,0.48043,0.174,0.22222
2021-10-16,0.27143,0.42418,0.16788,0.22222
2021-10-17,0.27033,0.43221,0.15656,0.22222
2021-10-18,0.27244,0.44701,0.14808,0.22222
2021-10-19,0.28306,0.48049,0.14645,0.22222
2021-10-20,0.22901,0.4225,0.15342,0.11111
2021-10-21,0.21359,0.37638,0.15329,0.11111
2021-10-22,0.20933,0.3678,0.14907,0.11111
2021-10-23,0.20658,0.36998,0.13866,0.11111
2021-10-24,0.21402,0.41039,0.12055,0.11111
2021-10-25,0.19799,0.38342,0.099428,0.11111
2021-10-26,0.18722,0.38302,0.067521,0.11111
2021-10-27,0.18657,0.38493,0.063656,0.11111
2021-10-28,0.18669,0.3856,0.063361,0.11111
2021-10-29,0.1913,0.40471,0.058094,0.11111
2021-10-30,0.16228,0.31707,0.058663,0.11111
2021-10-31,0.15725,0.41937,0.052376,0
2021-11-01,0.15705,0.42442,0.046738,0
2021-11-02,0.14767,0.40102,0.041981,0
2021-11-03,0.15045,0.39764,0.05371,0
2021-11-04,0.12688,0.31209,0.068543,0
2021-11-05,0.12242,0.27943,0.087819,0
2021-11-06,0.13531,0.31525,0.090665,0
2021-11-07,0.13294,0.29838,0.10044,0
2021-11-08,0.17624,0.31724,0.10037,0.11111
2021-11-09,0.17331,0.30887,0.099944,0.11111
2021-11-10,0.16873,0.29663,0.098455,0.11111
2021-11-11,0.16423,0.28775,0.093833,0.11111
2021-11-12,0.171,0.30902,0.092872,0.11111
2021-11-13,0.20381,0.41293,0.087398,0.11111
2021-11-14,0.22476,0.47632,0.086855,0.11111
2021-11-15,0.22561,0.46138,0.10434,0.11111
2021-11-16,0.22822,0.46744,0.1061,0.11111
2021-11-17,0.21397,0.42159,0.1092,0.11111
2021-11-18,0.19188,0.35576,0.10878,0.11111
2021-11-19,0.18592,0.33721,0.10944,0.11111
2021-11-20,0.17891,0.32459,0.10102,0.11111
2021-11-21,0.17927,0.32431,0.10239,0.11111
2021-11-22,0.17148,0.29836,0.10496,0.11111
2021-11-23,0.17628,0.31184,0.1059,0.11111
2021-11-24,0.16834,0.28899,0.10491,0.11111
2021-11-25,0.16032,0.26757,0.1023,0.11111
2021-11-26,0.19196,0.24824,0.10542,0.22222
2021-11-27,0.19581,0.25737,0.10784,0.22222
2021-11-28,0.201,0.26213,0.11866,0.22222
2021-11-29,0.18738,0.2174,0.12251,0.22222
2021-11-30,0.18387,0.20392,0.12547,0.22222
2021-12-01,0.1961,0.23948,0.12659,0.22222
2021-12-02,0.20763,0.27514,0.12552,0.22222
2021-12-03,0.19751,0.25477,0.11555,0.22222
2021-12-04,0.27825,0.38652,0.11488,0.33333
2021-12-05,0.2358,0.27665,0.09743,0.33333
2021-12-06,0.23221,0.28335,0.079951,0.33333
2021-12-07,0.22724,0.28091,0.067472,0.33333
2021-12-08,0.21285,0.3483,0.06803,0.22222
2021-12-09,0.20211,0.31364,0.070471,0.22222
2021-12-10,0.19489,0.29019,0.072253,0.22222
2021-12-11,0.18157,0.25078,0.071699,0.22222
2021-12-12,0.1703,0.21737,0.071306,0.22222
2021-12-13,0.15747,0.17753,0.072663,0.22222
2021-12-14,0.14359,0.13619,0.072342,0.22222
2021-12-15,0.12779,0.11189,0.049257,0.22222
2021-12-16,0.1317,0.13576,0.037123,0.22222
2021-12-17,0.13696,0.16464,0.024014,0.22222
2021-12-18,0.13663,0.16992,0.01775,0.22222
2021-12-19,0.14424,0.1947,0.015816,0.22222
2021-12-20,0.16113,0.23183,0.029328,0.22222
2021-12-21,0.1593,0.22282,0.032858,0.22222
2021-12-22,0.16011,0.21094,0.047163,0.22222
2021-12-23,0.15789,0.19623,0.055208,0.22222
2021-12-24,0.15833,0.17746,0.075317,0.22222
2021-12-25,0.17372,0.2147,0.084236,0.22222
2021-12-26,0.1457,0.22607,0.09991,0.11111
2021-12-27,0.15661,0.24573,0.11299,0.11111
2021-12-28,0.14995,0.22625,0.11249,0.11111
2021-12-29,0.14988,0.22546,0.11305,0.11111
2021-12-30,0.14752,0.21244,0.119,0.11111
2021-12-31,0.14561,0.20055,0.12517,0.11111
2022-01-01,0.14949,0.21089,0.12647,0.11111
2022-01-02,0.10252,0.069331,0.12713,0.11111
2022-01-03,0.075535,0.10281,0.1238,0
2022-01-04,0.080983,0.10503,0.13792,0
2022-01-05,0.078424,0.094771,0.1405,0
2022-01-06,0.062042,0.041545,0.14458,0
2022-01-07,0.067935,0.057722,0.14608,0
2022-01-08,0.071313,0.060975,0.15296,0
2022-01-09,0.088835,0.10914,0.15736,0
2022-01-10,0.10391,0.14735,0.16437,0
2022-01-11,0.10324,0.14342,0.1663,0
2022-01-12,0.11857,0.19015,0.16555,0
2022-01-13,0.13248,0.23793,0.15952,0
2022-01-14,0.11533,0.20439,0.1416,0
2022-01-15,0.11435,0.21134,0.13172,0
2022-01-16,0.11951,0.24933,0.10921,0
2022-01-17,0.11026,0.23966,0.091131,0
2022-01-18,0.095089,0.2115,0.073771,0
2022-01-19,0.11275,0.24878,0.089471,0
2022-01-20,0.12472,0.27215,0.10202,0
2022-01-21,0.21081,0.3869,0.13441,0.11111
2022-01-22,0.25795,0.50831,0.15444,0.11111
2022-01-23,0.26834,0.50621,0.18771,0.11111
2022-01-24,0.27171,0.4859,0.21812,0.11111
2022-01-25,0.27718,0.48034,0.24009,0.11111
2022-01-26,0.30534,0.54803,0.25688,0.11111
2022-01-27,0.31538,0.56012,0.27492,0.11111
2022-01-28,0.31769,0.56261,0.27934,0.11111
2022-01-29,0.32518,0.56348,0.30096,0.11111
2022-01-30,0.33799,0.5719,0.33096,0.11111
2022-01-31,0.3515,0.58303,0.36038,0.11111
2022-02-01,0.36202,0.58597,0.38897,0.11111
2022-02-02,0.35449,0.55939,0.39298,0.11111
2022-02-03,0.35125,0.55197,0.39068,0.11111
2022-02-04,0.36801,0.47777,0.40402,0.22222
2022-02-05,0.34375,0.39654,0.41249,0.22222
2022-02-06,0.34879,0.40556,0.4186,0.22222
2022-02-07,0.34447,0.3952,0.41598,0.22222
2022-02-08,0.33654,0.37435,0.41304,0.22222
2022-02-09,0.33717,0.38467,0.4046,0.22222
2022-02-10,0.33686,0.38764,0.40071,0.22222
2022-02-11,0.33601,0.38446,0.40135,0.22222
2022-02-12,0.33732,0.38444,0.4053,0.22222
2022-02-13,0.33948,0.39081,0.40542,0.22222
2022-02-14,0.34084,0.38544,0.41488,0.22222
2022-02-15,0.33526,0.37324,0.41032,0.22222
2022-02-16,0.33142,0.36431,0.40774,0.22222
2022-02-17,0.35694,0.34185,0.39563,0.33333
2022-02-18,0.34396,0.32224,0.37629,0.33333
2022-02-19,0.33474,0.31689,0.354,0.33333
2022-02-20,0.26124,0.20744,0.35407,0.22222
2022-02-21,0.26251,0.2112,0.3541,0.22222
2022-02-22,0.26697,0.22576,0.35292,0.22222
2022-02-23,0.26417,0.21996,0.35034,0.22222
2022-02-24,0.2588,0.20517,0.34901,0.22222
2022-02-25,0.2514,0.1867,0.34528,0.22222
2022-02-26,0.24848,0.18359,0.33964,0.22222
2022-02-27,0.24171,0.16911,0.33379,0.22222
2022-02-28,0.30536,0.25736,0.32537,0.33333
2022-03-01,0.30258,0.27067,0.30373,0.33333
2022-03-02,0.29089,0.26239,0.27696,0.33333
2022-03-03,0.2851,0.27034,0.25161,0.33333
2022-03-04,0.29677,0.2936,0.26337,0.33333
2022-03-05,0.30412,0.31091,0.2681,0.33333
2022-03-06,0.29399,0.37697,0.28277,0.22222
2022-03-07,0.29423,0.3741,0.28638,0.22222
2022-03-08,0.29832,0.38172,0.29103,0.22222
2022-03-09,0.2941,0.36858,0.29151,0.22222
2022-03-10,0.30571,0.40159,0.29331,0.22222
2022-03-11,0.29639,0.37474,0.29222,0.22222
2022-03-12,0.30021,0.38648,0.29192,0.22222
2022-03-13,0.2943,0.38614,0.27453,0.22222
2022-03-14,0.27856,0.35694,0.25653,0.22222
2022-03-15,0.25915,0.3208,0.23444,0.22222
2022-03-16,0.24847,0.3211,0.20209,0.22222
2022-03-17,0.24505,0.31884,0.19408,0.22222
2022-03-18,0.2563,0.3583,0.18839,0.22222
2022-03-19,0.2352,0.39646,0.19804,0.11111
2022-03-20,0.23474,0.38467,0.20843,0.11111
2022-03-21,0.24689,0.40491,0.22465,0.11111
2022-03-22,0.25097,0.40197,0.23983,0.11111
2022-03-23,0.2582,0.40119,0.26229,0.11111
2022-03-24,0.26558,0.40421,0.28143,0.11111
2022-03-25,0.27305,0.40718,0.30085,0.11111
2022-03-26,0.28319,0.42313,0.31531,0.11111
2022-03-27,0.2804,0.40014,0.32994,0.11111
2022-03-28,0.28266,0.38995,0.34691,0.11111
2022-03-29,0.28383,0.37742,0.36295,0.11111
2022-03-30,0.25137,0.37644,0.37765,0
2022-03-31,0.25146,0.37061,0.38379,0
2022-04-01,0.25468,0.37471,0.38934,0
2022-04-02,0.2435,0.34164,0.38885,0
2022-04-03,0.2639,0.41179,0.37991,0
2022-04-04,0.26269,0.42811,0.35997,0
2022-04-05,0.25087,0.4286,0.32401,0
2022-04-06,0.2517,0.42789,0.32722,0
2022-04-07,0.24966,0.41788,0.33109,0
2022-04-08,0.14942,0.1293,0.31895,0
2022-04-09,0.13047,0.10165,0.28977,0
2022-04-10,0.12527,0.09756,0.27824,0
2022-04-11,0.1631,0.1176,0.2606,0.11111
2022-04-12,0.15019,0.099325,0.24013,0.11111
2022-04-13,0.14249,0.11424,0.20211,0.11111
2022-04-14,0.13515,0.14174,0.1526,0.11111
2022-04-15,0.13776,0.16801,0.13414,0.11111
2022-04-16,0.14278,0.1789,0.13832,0.11111
2022-04-17,0.14689,0.18575,0.1438,0.11111
2022-04-18,0.14735,0.1872,0.14373,0.11111
2022-04-19,0.14742,0.18708,0.14406,0.11111
2022-04-20,0.15667,0.21324,0.14564,0.11111
2022-04-21,0.16082,0.22051,0.15084,0.11111
2022-04-22,0.16144,0.22394,0.14929,0.11111
2022-04-23,0.16331,0.23027,0.14854,0.11111
2022-04-24,0.16686,0.24084,0.14862,0.11111
2022-04-25,0.18019,0.27918,0.15028,0.11111
2022-04-26,0.24333,0.36207,0.1457,0.22222
2022-04-27,0.24937,0.38516,0.14072,0.22222
2022-04-28,0.2389,0.36024,0.13425,0.22222
2022-04-29,0.24151,0.36931,0.13298,0.22222
2022-04-30,0.24604,0.3782,0.13771,0.22222
2022-05-01,0.24583,0.37118,0.1441,0.22222
2022-05-02,0.2439,0.36266,0.14683,0.22222
2022-05-03,0.23566,0.34763,0.13714,0.22222
2022-05-04,0.23183,0.34829,0.12499,0.22222
2022-05-05,0.32365,0.50125,0.13638,0.33333
2022-05-06,0.32311,0.48498,0.15101,0.33333
2022-05-07,0.33075,0.4981,0.16082,0.33333
2022-05-08,0.32969,0.48981,0.16592,0.33333
2022-05-09,0.39775,0.54749,0.20131,0.44444
2022-05-10,0.39956,0.5196,0.23464,0.44444
2022-05-11,0.37,0.53363,0.24304,0.33333
2022-05-12,0.35484,0.48014,0.25103,0.33333
2022-05-13,0.36355,0.4974,0.25992,0.33333
2022-05-14,0.36805,0.49787,0.27294,0.33333
2022-05-15,0.37001,0.48781,0.28888,0.33333
2022-05-16,0.36862,0.48542,0.2871,0.33333
2022-05-17,0.3647,0.47559,0.28518,0.33333
2022-05-18,0.35602,0.46073,0.27399,0.33333
2022-05-19,0.35533,0.4701,0.26255,0.33333
2022-05-20,0.34772,0.46135,0.24848,0.33333
2022-05-21,0.33729,0.4494,0.22914,0.33333
2022-05-22,0.32706,0.43859,0.20925,0.33333
2022-05-23,0.30764,0.40151,0.18807,0.33333
2022-05-24,0.29283,0.38211,0.16305,0.33333
2022-05-25,0.29487,0.41449,0.13677,0.33333
2022-05-26,0.26801,0.44673,0.13509,0.22222
2022-05-27,0.27294,0.4533,0.14331,0.22222
2022-05-28,0.27855,0.46165,0.15176,0.22222
2022-05-29,0.28535,0.46991,0.16391,0.22222
2022-05-30,0.27765,0.44602,0.16473,0.22222
2022-05-31,0.25553,0.37771,0.16666,0.22222
2022-06-01,0.23647,0.32531,0.16187,0.22222
2022-06-02,0.22936,0.32042,0.14544,0.22222
2022-06-03,0.21586,0.28916,0.13619,0.22222
2022-06-04,0.19165,0.32773,0.1361,0.11111
2022-06-05,0.19898,0.34992,0.13591,0.11111
2022-06-06,0.19587,0.33825,0.13824,0.11111
2022-06-07,0.17224,0.26525,0.14037,0.11111
2022-06-08,0.13313,0.25356,0.14581,0
2022-06-09,0.1328,0.25305,0.14537,0
2022-06-10,0.14892,0.29488,0.15188,0
2022-06-11,0.13917,0.26143,0.15608,0
2022-06-12,0.13768,0.26066,0.15239,0
2022-06-13,0.253,0.48802,0.15986,0.11111
2022-06-14,0.21508,0.37492,0.15921,0.11111
2022-06-15,0.22732,0.38708,0.18377,0.11111
2022-06-16,0.26572,0.36993,0.205,0.22222
2022-06-17,0.25525,0.31683,0.2267,0.22222
2022-06-18,0.25263,0.29165,0.24401,0.22222
2022-06-19,0.28095,0.33501,0.28562,0.22222
2022-06-20,0.27232,0.306,0.28874,0.22222
2022-06-21,0.27975,0.32594,0.2911,0.22222
2022-06-22,0.28052,0.32713,0.29219,0.22222
2022-06-23,0.27729,0.31889,0.29075,0.22222
2022-06-24,0.26669,0.29272,0.28511,0.22222
2022-06-25,0.26591,0.29922,0.27628,0.22222
2022-06-26,0.26375,0.29727,0.27177,0.22222
2022-06-27,0.26104,0.29459,0.26631,0.22222
2022-06-28,0.26289,0.30907,0.25739,0.22222
2022-06-29,0.27446,0.33895,0.26222,0.22222
2022-06-30,0.29176,0.36739,0.28566,0.22222
2022-07-01,0.30465,0.37555,0.31617,0.22222
2022-07-02,0.31779,0.3778,0.35336,0.22222
2022-07-03,0.33345,0.39183,0.38629,0.22222
2022-07-04,0.32938,0.36685,0.39905,0.22222
2022-07-05,0.33409,0.36704,0.41302,0.22222
2022-07-06,0.34285,0.38331,0.42303,0.22222
2022-07-07,0.34272,0.37724,0.42868,0.22222
2022-07-08,0.3402,0.36539,0.43298,0.22222
2022-07-09,0.34622,0.3815,0.43494,0.22222
2022-07-10,0.34484,0.3803,0.432,0.22222
2022-07-11,0.34516,0.38438,0.42887,0.22222
2022-07-12,0.30685,0.26979,0.42852,0.22222
2022-07-13,0.28327,0.30957,0.42912,0.11111
2022-07-14,0.27986,0.2955,0.43295,0.11111
2022-07-15,0.29014,0.32727,0.43205,0.11111
2022-07-16,0.28148,0.41704,0.42738,0
2022-07-17,0.3036,0.49438,0.41642,0
2022-07-18,0.26076,0.27243,0.39874,0.11111
2022-07-19,0.29185,0.43441,0.33004,0.11111
2022-07-20,0.26696,0.38128,0.30849,0.11111
2022-07-21,0.27235,0.4273,0.27863,0.11111
2022-07-22,0.25184,0.40307,0.24134,0.11111
2022-07-23,0.25956,0.44694,0.22063,0.11111
2022-07-24,0.25158,0.44937,0.19426,0.11111
2022-07-25,0.23485,0.40236,0.19108,0.11111
2022-07-26,0.22209,0.35712,0.19806,0.11111
2022-07-27,0.24231,0.29961,0.20511,0.22222
2022-07-28,0.26295,0.35124,0.2154,0.22222
2022-07-29,0.25557,0.3235,0.221,0.22222
2022-07-30,0.25922,0.35095,0.20449,0.22222
2022-07-31,0.25711,0.36461,0.18449,0.22222
2022-08-01,0.23822,0.35019,0.14226,0.22222
2022-08-02,0.23837,0.39265,0.10022,0.22222
2022-08-03,0.25622,0.43288,0.11357,0.22222
2022-08-04,0.27576,0.44016,0.16491,0.22222
2022-08-05,0.28387,0.44714,0.18226,0.22222
2022-08-06,0.3013,0.48018,0.2015,0.22222
2022-08-07,0.30207,0.46934,0.21466,0.22222
2022-08-08,0.3077,0.47888,0.22201,0.22222
2022-08-09,0.30626,0.46624,0.23031,0.22222
2022-08-10,0.30454,0.4562,0.2352,0.22222
2022-08-11,0.2957,0.42405,0.24082,0.22222
2022-08-12,0.30018,0.43277,0.24554,0.22222
2022-08-13,0.30334,0.4336,0.25419,0.22222
2022-08-14,0.31171,0.45129,0.2616,0.22222
2022-08-15,0.31848,0.46273,0.27048,0.22222
2022-08-16,0.33059,0.48439,0.28515,0.22222
2022-08-17,0.26318,0.37579,0.30264,0.11111
2022-08-18,0.2744,0.38975,0.32234,0.11111
2022-08-19,0.28578,0.30967,0.32546,0.22222
2022-08-20,0.28451,0.30177,0.32954,0.22222
2022-08-21,0.28638,0.30237,0.33455,0.22222
2022-08-22,0.28629,0.29789,0.33875,0.22222
2022-08-23,0.29936,0.33114,0.34472,0.22222
2022-08-24,0.31195,0.3638,0.34983,0.22222
2022-08-25,0.3278,0.41372,0.34746,0.22222
2022-08-26,0.29022,0.30216,0.34626,0.22222
2022-08-27,0.29157,0.31044,0.34206,0.22222
2022-08-28,0.28608,0.29695,0.33908,0.22222
2022-08-29,0.28431,0.29804,0.33267,0.22222
2022-08-30,0.28171,0.29883,0.32408,0.22222
2022-08-31,0.27862,0.28991,0.32374,0.22222
2022-09-01,0.27921,0.29255,0.32285,0.22222
2022-09-02,0.27913,0.29562,0.31955,0.22222
2022-09-03,0.27291,0.31042,0.28608,0.22222
2022-09-04,0.27423,0.3212,0.27928,0.22222
2022-09-05,0.27753,0.32537,0.28499,0.22222
2022-09-06,0.27086,0.31386,0.2765,0.22222
2022-09-07,0.27152,0.321,0.27133,0.22222
2022-09-08,0.26692,0.30892,0.26962,0.22222
2022-09-09,0.29589,0.27174,0.28258,0.33333
2022-09-10,0.29622,0.26533,0.29001,0.33333
2022-09-11,0.29815,0.26784,0.29327,0.33333
2022-09-12,0.29094,0.24857,0.29091,0.33333
2022-09-13,0.34002,0.26788,0.30773,0.44444
2022-09-14,0.32682,0.22123,0.31479,0.44444
2022-09-15,0.32568,0.21985,0.31275,0.44444
2022-09-16,0.31605,0.21755,0.28616,0.44444
2022-09-17,0.31894,0.2544,0.25799,0.44444
2022-09-18,0.28377,0.26,0.25797,0.33333
2022-09-19,0.28039,0.24986,0.25797,0.33333
2022-09-20,0.28093,0.23875,0.2707,0.33333
2022-09-21,0.27949,0.22223,0.28291,0.33333
2022-09-22,0.27417,0.20317,0.286,0.33333
2022-09-23,0.26566,0.17486,0.2888,0.33333
2022-09-24,0.27446,0.19828,0.29176,0.33333
2022-09-25,0.24463,0.21773,0.29393,0.22222
2022-09-26,0.24457,0.21801,0.29347,0.22222
2022-09-27,0.24575,0.22048,0.29456,0.22222
2022-09-28,0.2495,0.22416,0.30212,0.22222
2022-09-29,0.25788,0.22981,0.32161,0.22222
2022-09-30,0.2651,0.23192,0.34115,0.22222
2022-10-01,0.27236,0.23059,0.36427,0.22222
2022-10-02,0.27461,0.22612,0.37549,0.22222
2022-10-03,0.27212,0.21153,0.38262,0.22222
2022-10-04,0.2696,0.20488,0.3817,0.22222
2022-10-05,0.26805,0.21219,0.36974,0.22222
2022-10-06,0.26938,0.21603,0.36989,0.22222
2022-10-07,0.26997,0.21718,0.37051,0.22222
2022-10-08,0.28835,0.27187,0.37097,0.22222
2022-10-09,0.261,0.29496,0.37691,0.11111
2022-10-10,0.26345,0.29366,0.38557,0.11111
2022-10-11,0.27745,0.30679,0.41443,0.11111
2022-10-12,0.24731,0.19314,0.43767,0.11111
2022-10-13,0.23972,0.29115,0.42802,0
2022-10-14,0.24447,0.32425,0.40917,0
2022-10-15,0.24112,0.36256,0.36081,0
2022-10-16,0.24558,0.37855,0.3582,0
2022-10-17,0.23712,0.36347,0.34789,0
2022-10-18,0.24162,0.40429,0.32056,0
2022-10-19,0.24688,0.45227,0.28838,0
2022-10-20,0.24554,0.4352,0.30142,0
2022-10-21,0.23947,0.40409,0.31433,0
2022-10-22,0.27819,0.52217,0.3124,0
2022-10-23,0.26957,0.50743,0.30127,0
2022-10-24,0.27081,0.52281,0.28961,0
2022-10-25,0.3028,0.52169,0.27559,0.11111
2022-10-26,0.38807,0.6903,0.25169,0.22222
2022-10-27,0.40096,0.73261,0.24805,0.22222
2022-10-28,0.40335,0.73917,0.24865,0.22222
2022-10-29,0.40284,0.73075,0.25554,0.22222
2022-10-30,0.40342,0.72471,0.26331,0.22222
2022-10-31,0.40713,0.73459,0.26458,0.22222
2022-11-01,0.41613,0.7645,0.26166,0.22222
2022-11-02,0.38403,0.66617,0.26371,0.22222
2022-11-03,0.40076,0.70871,0.27136,0.22222
2022-11-04,0.38445,0.54837,0.27165,0.33333
2022-11-05,0.35843,0.47116,0.27079,0.33333
2022-11-06,0.35951,0.47682,0.26838,0.33333
2022-11-07,0.35512,0.46466,0.26736,0.33333
2022-11-08,0.43223,0.46202,0.39022,0.44444
2022-11-09,0.70844,0.95614,0.61361,0.55556
2022-11-10,0.80202,0.96873,0.77067,0.66667
2022-11-11,0.80286,0.92574,0.81619,0.66667
2022-11-12,0.80545,0.921,0.82867,0.66667
2022-11-13,0.80091,0.91751,0.81854,0.66667
2022-11-14,0.79387,0.91406,0.80089,0.66667
2022-11-15,0.78434,0.91353,0.77282,0.66667
2022-11-16,0.77171,0.91323,0.73524,0.66667
2022-11-17,0.76751,0.913,0.72285,0.66667
2022-11-18,0.76618,0.91558,0.71628,0.66667
2022-11-19,0.76428,0.9173,0.70889,0.66667
2022-11-20,0.75928,0.90937,0.70181,0.66667
2022-11-21,0.75581,0.90932,0.69143,0.66667
2022-11-22,0.75179,0.90821,0.68049,0.66667
2022-11-23,0.74891,0.91502,0.66504,0.66667
2022-11-24,0.70846,0.91046,0.65937,0.55556
2022-11-25,0.67163,0.91529,0.65516,0.44444
2022-11-26,0.67308,0.91912,0.65566,0.44444
2022-11-27,0.67529,0.92206,0.65936,0.44444
2022-11-28,0.67802,0.92111,0.6685,0.44444
2022-11-29,0.68211,0.91985,0.68204,0.44444
2022-11-30,0.6802,0.90924,0.68692,0.44444
2022-12-01,0.6763,0.89919,0.68526,0.44444
2022-12-02,0.67413,0.90063,0.67732,0.44444
2022-12-03,0.67635,0.92053,0.66408,0.44444
2022-12-04,0.64446,0.93608,0.66398,0.33333
2022-12-05,0.645,0.93711,0.66456,0.33333
2022-12-06,0.64625,0.93869,0.66675,0.33333
2022-12-07,0.67174,1,0.68189,0.33333
2022-12-08,0.64464,1,0.71169,0.22222
2022-12-09,0.5137,0.69275,0.73725,0.11111
2022-12-10,0.45093,0.61383,0.73895,0
2022-12-11,0.46109,0.64637,0.73691,0
2022-12-12,0.46042,0.66178,0.71948,0
2022-12-13,0.42339,0.6087,0.66149,0
2022-12-14,0.35695,0.54296,0.52788,0
2022-12-15,0.25406,0.50768,0.25449,0
2022-12-16,0.26506,0.56797,0.11609,0.11111
2022-12-17,0.24609,0.50116,0.12601,0.11111
2022-12-18,0.2424,0.48312,0.13298,0.11111
2022-12-19,0.25007,0.50128,0.13781,0.11111
2022-12-20,0.24314,0.48087,0.13745,0.11111
2022-12-21,0.22405,0.42237,0.13867,0.11111
2022-12-22,0.22123,0.41286,0.13972,0.11111
2022-12-23,0.24074,0.46692,0.14419,0.11111
2022-12-24,0.2428,0.46861,0.14868,0.11111
2022-12-25,0.24661,0.47633,0.1524,0.11111
2022-12-26,0.25002,0.4752,0.16374,0.11111
2022-12-27,0.26343,0.47987,0.19931,0.11111
2022-12-28,0.2724,0.47941,0.22667,0.11111
2022-12-29,0.2811,0.48552,0.24665,0.11111
2022-12-30,0.29517,0.50372,0.27067,0.11111
2022-12-31,0.30741,0.51678,0.29433,0.11111
2023-01-01,0.31701,0.52505,0.31488,0.11111
2023-01-02,0.32568,0.53161,0.33433,0.11111
2023-01-03,0.33758,0.54265,0.35897,0.11111
2023-01-04,0.34452,0.53744,0.38502,0.11111
2023-01-05,0.35284,0.53735,0.41007,0.11111
2023-01-06,0.35688,0.52945,0.43007,0.11111
2023-01-07,0.37116,0.5457,0.45668,0.11111
2023-01-08,0.37818,0.54159,0.48185,0.11111
2023-01-09,0.3822,0.52986,0.50562,0.11111
2023-01-10,0.3857,0.52132,0.52466,0.11111
2023-01-11,0.40345,0.57064,0.5286,0.11111
2023-01-12,0.49686,0.73962,0.52874,0.22222
2023-01-13,0.58839,0.9,0.53184,0.33333
2023-01-14,0.64518,0.95589,0.5352,0.44444
2023-01-15,0.58965,0.90008,0.53555,0.33333
2023-01-16,0.58762,0.89709,0.53244,0.33333
2023-01-17,0.59052,0.90352,0.5347,0.33333
2023-01-18,0.59008,0.87783,0.55906,0.33333
2023-01-19,0.60328,0.90455,0.57194,0.33333
2023-01-20,0.62823,0.84013,0.60011,0.44444
2023-01-21,0.58521,0.69716,0.61403,0.44444
2023-01-22,0.58704,0.69607,0.62062,0.44444
2023-01-23,0.58611,0.69087,0.62302,0.44444
2023-01-24,0.58445,0.68448,0.62441,0.44444
2023-01-25,0.57967,0.68228,0.61228,0.44444
2023-01-26,0.56736,0.67359,0.58403,0.44444
2023-01-27,0.5648,0.67863,0.57132,0.44444
2023-01-28,0.56192,0.68101,0.56031,0.44444
2023-01-29,0.54521,0.65086,0.54033,0.44444
2023-01-30,0.53977,0.66166,0.5132,0.44444
2023-01-31,0.52352,0.63848,0.48764,0.44444
2023-02-01,0.50983,0.62357,0.46148,0.44444
2023-02-02,0.49562,0.6125,0.42991,0.44444
2023-02-03,0.48458,0.6129,0.3964,0.44444
2023-02-04,0.47396,0.61507,0.36237,0.44444
2023-02-05,0.45916,0.60451,0.32852,0.44444
2023-02-06,0.44627,0.5946,0.29976,0.44444
2023-02-07,0.43182,0.58301,0.26801,0.44444
2023-02-08,0.42157,0.57829,0.24198,0.44444
2023-02-09,0.40274,0.56024,0.20352,0.44444
2023-02-10,0.37913,0.51383,0.17913,0.44444
2023-02-11,0.31611,0.44162,0.17338,0.33333
2023-02-12,0.24346,0.33529,0.17288,0.22222
2023-02-13,0.22548,0.39322,0.17211,0.11111
2023-02-14,0.22338,0.38612,0.17292,0.11111
2023-02-15,0.27539,0.39979,0.20416,0.22222
2023-02-16,0.29385,0.44199,0.21735,0.22222
2023-02-17,0.30058,0.45268,0.22685,0.22222
2023-02-18,0.30037,0.44126,0.23763,0.22222
2023-02-19,0.28892,0.50943,0.24621,0.11111
2023-02-20,0.28731,0.49571,0.2551,0.11111
2023-02-21,0.28803,0.48645,0.26653,0.11111
2023-02-22,0.288,0.48446,0.26844,0.11111
2023-02-23,0.29126,0.49027,0.27242,0.11111
2023-02-24,0.29309,0.48513,0.28303,0.11111
2023-02-25,0.28391,0.44672,0.29389,0.11111
2023-02-26,0.27272,0.42845,0.27861,0.11111
2023-02-27,0.27687,0.45018,0.2693,0.11111
2023-02-28,0.27056,0.43009,0.27048,0.11111
2023-03-01,0.27549,0.4396,0.27576,0.11111
2023-03-02,0.27706,0.43908,0.28099,0.11111
2023-03-03,0.26917,0.41513,0.28129,0.11111
2023-03-04,0.25143,0.36131,0.28186,0.11111
2023-03-05,0.25285,0.36375,0.28369,0.11111
2023-03-06,0.25943,0.38169,0.28549,0.11111
2023-03-07,0.26252,0.39135,0.2851,0.11111
2023-03-08,0.26024,0.39104,0.27857,0.11111
2023-03-09,0.29902,0.4064,0.26845,0.22222
2023-03-10,0.2861,0.384,0.25208,0.22222
2023-03-11,0.29184,0.40435,0.24895,0.22222
2023-03-12,0.3328,0.40615,0.25891,0.33333
2023-03-13,0.43193,0.55629,0.29504,0.44444
2023-03-14,0.42559,0.5145,0.31782,0.44444
2023-03-15,0.42915,0.51139,0.33161,0.44444
2023-03-16,0.4398,0.54937,0.32557,0.44444
2023-03-17,0.43791,0.54514,0.32414,0.44444
2023-03-18,0.42415,0.49814,0.32986,0.44444
2023-03-19,0.42886,0.50923,0.3329,0.44444
2023-03-20,0.42203,0.48868,0.33298,0.44444
2023-03-21,0.42324,0.49255,0.33272,0.44444
2023-03-22,0.42208,0.48788,0.33392,0.44444
2023-03-23,0.4216,0.48585,0.33452,0.44444
2023-03-24,0.41732,0.47798,0.32953,0.44444
2023-03-25,0.41416,0.47644,0.3216,0.44444
2023-03-26,0.41512,0.49148,0.30944,0.44444
2023-03-27,0.40661,0.48105,0.29435,0.44444
2023-03-28,0.39806,0.46594,0.2838,0.44444
2023-03-29,0.38404,0.44198,0.26569,0.44444
2023-03-30,0.37476,0.42993,0.24989,0.44444
2023-03-31,0.37375,0.43303,0.24378,0.44444
2023-04-01,0.38256,0.46603,0.2372,0.44444
2023-04-02,0.39863,0.51284,0.23861,0.44444
2023-04-03,0.39615,0.49881,0.24519,0.44444
2023-04-04,0.39149,0.48102,0.249,0.44444
2023-04-05,0.39598,0.47611,0.2674,0.44444
2023-04-06,0.40942,0.49736,0.28645,0.44444
2023-04-07,0.42618,0.52784,0.30625,0.44444
2023-04-08,0.41771,0.58465,0.33514,0.33333
2023-04-09,0.42743,0.59174,0.3572,0.33333
2023-04-10,0.43298,0.59765,0.36796,0.33333
2023-04-11,0.34807,0.44265,0.37933,0.22222
2023-04-12,0.30953,0.44387,0.37362,0.11111
2023-04-13,0.31091,0.45711,0.36452,0.11111
2023-04-14,0.31126,0.47169,0.35098,0.11111
2023-04-15,0.31031,0.46351,0.3563,0.11111
2023-04-16,0.28764,0.50624,0.3567,0
2023-04-17,0.27126,0.46778,0.34601,0
2023-04-18,0.28553,0.52757,0.32904,0
2023-04-19,0.33933,0.59199,0.31489,0.11111
2023-04-20,0.33311,0.59024,0.29799,0.11111
2023-04-21,0.31506,0.56532,0.26876,0.11111
2023-04-22,0.29538,0.54062,0.23441,0.11111
2023-04-23,0.30608,0.57199,0.23515,0.11111
2023-04-24,0.31271,0.59066,0.23635,0.11111
2023-04-25,0.30441,0.56218,0.23994,0.11111
2023-04-26,0.30475,0.56638,0.23675,0.11111
2023-04-27,0.30514,0.56979,0.23452,0.11111
2023-04-28,0.29875,0.55277,0.23236,0.11111
2023-04-29,0.30346,0.56593,0.23335,0.11111
2023-04-30,0.31112,0.58541,0.23682,0.11111
2023-05-01,0.28954,0.51919,0.23832,0.11111
2023-05-02,0.29205,0.52605,0.23899,0.11111
2023-05-03,0.29071,0.52266,0.23835,0.11111
2023-05-04,0.29153,0.52529,0.23819,0.11111
2023-05-05,0.27745,0.49743,0.22382,0.11111
2023-05-06,0.26787,0.48585,0.20664,0.11111
2023-05-07,0.25092,0.46203,0.17963,0.11111
2023-05-08,0.23815,0.45234,0.15101,0.11111
2023-05-09,0.23067,0.45196,0.12893,0.11111
2023-05-10,0.23904,0.47534,0.13067,0.11111
2023-05-11,0.2365,0.4672,0.1312,0.11111
2023-05-12,0.23612,0.44533,0.15193,0.11111
2023-05-13,0.24314,0.44988,0.16842,0.11111
2023-05-14,0.24746,0.45265,0.17861,0.11111
2023-05-15,0.24887,0.43968,0.19581,0.11111
2023-05-16,0.26851,0.48161,0.2128,0.11111
2023-05-17,0.26325,0.45934,0.21931,0.11111
2023-05-18,0.23702,0.36782,0.23212,0.11111
2023-05-19,0.18331,0.30592,0.24401,0
2023-05-20,0.17995,0.28604,0.25382,0
2023-05-21,0.16789,0.24572,0.25793,0
2023-05-22,0.16805,0.25041,0.25374,0
2023-05-23,0.16024,0.23705,0.24366,0
2023-05-24,0.16794,0.2782,0.22561,0
2023-05-25,0.16083,0.27576,0.20671,0
2023-05-26,0.17624,0.32427,0.20444,0
2023-05-27,0.18966,0.37282,0.19616,0
2023-05-28,0.20684,0.30827,0.20114,0.11111
2023-05-29,0.19887,0.27767,0.20784,0.11111
2023-05-30,0.22589,0.35415,0.21241,0.11111
2023-05-31,0.1986,0.28069,0.20402,0.11111
2023-06-01,0.19859,0.2856,0.19907,0.11111
2023-06-02,0.1964,0.28413,0.19395,0.11111
2023-06-03,0.2021,0.29813,0.19706,0.11111
2023-06-04,0.2008,0.28819,0.20309,0.11111
2023-06-05,0.21025,0.20976,0.19875,0.22222
2023-06-06,0.35659,0.49885,0.23757,0.33333
2023-06-07,0.40536,0.60266,0.28008,0.33333
2023-06-08,0.40047,0.55693,0.31114,0.33333
2023-06-09,0.41651,0.586,0.33019,0.33333
2023-06-10,0.41843,0.57477,0.34718,0.33333
2023-06-11,0.40941,0.54852,0.34637,0.33333
2023-06-12,0.40571,0.55082,0.33299,0.33333
2023-06-13,0.40837,0.56466,0.32712,0.33333
2023-06-14,0.39263,0.52693,0.31762,0.33333
2023-06-15,0.38805,0.52636,0.30445,0.33333
2023-06-16,0.38461,0.52932,0.29119,0.33333
2023-06-17,0.37829,0.52313,0.27842,0.33333
2023-06-18,0.37324,0.5223,0.26409,0.33333
2023-06-19,0.36644,0.51643,0.24954,0.33333
2023-06-20,0.39842,0.51448,0.23635,0.44444
2023-06-21,0.46408,0.61652,0.22018,0.55556
2023-06-22,0.43775,0.55152,0.20617,0.55556
2023-06-23,0.43832,0.55977,0.19963,0.55556
2023-06-24,0.42902,0.54038,0.19111,0.55556
2023-06-25,0.42852,0.54732,0.18269,0.55556
2023-06-26,0.44229,0.59743,0.1739,0.55556
2023-06-27,0.41283,0.62092,0.17314,0.44444
2023-06-28,0.41555,0.6162,0.18599,0.44444
2023-06-29,0.41963,0.61732,0.19714,0.44444
2023-06-30,0.42724,0.62234,0.21494,0.44444
2023-07-01,0.43778,0.63555,0.23335,0.44444
2023-07-02,0.44807,0.64817,0.25161,0.44444
2023-07-03,0.4489,0.63538,0.26689,0.44444
2023-07-04,0.47187,0.70769,0.26349,0.44444
2023-07-05,0.41354,0.62445,0.28282,0.33333
2023-07-06,0.35833,0.56067,0.29208,0.22222
2023-07-07,0.36706,0.58698,0.29198,0.22222
2023-07-08,0.36163,0.57395,0.28873,0.22222
2023-07-09,0.37145,0.60868,0.28344,0.22222
2023-07-10,0.37613,0.63159,0.27457,0.22222
2023-07-11,0.36796,0.62366,0.25801,0.22222
2023-07-12,0.36386,0.61227,0.25707,0.22222
2023-07-13,0.36823,0.62418,0.25828,0.22222
2023-07-14,0.38034,0.66389,0.25489,0.22222
2023-07-15,0.36229,0.61062,0.25401,0.22222
2023-07-16,0.37305,0.64281,0.25412,0.22222
2023-07-17,0.37517,0.64913,0.25417,0.22222
2023-07-18,0.37835,0.65858,0.25424,0.22222
2023-07-19,0.38416,0.67584,0.25442,0.22222
2023-07-20,0.26763,0.43862,0.25317,0.11111
2023-07-21,0.28218,0.55985,0.28671,0
2023-07-22,0.30724,0.60911,0.31261,0
2023-07-23,0.32335,0.64374,0.32632,0
2023-07-24,0.34892,0.62233,0.31332,0.11111
2023-07-25,0.31802,0.54523,0.29772,0.11111
2023-07-26,0.31168,0.5597,0.26423,0.11111
2023-07-27,0.30586,0.55909,0.24737,0.11111
2023-07-28,0.30678,0.56093,0.24829,0.11111
2023-07-29,0.31286,0.57835,0.24913,0.11111
2023-07-30,0.31285,0.57973,0.24771,0.11111
2023-07-31,0.3242,0.58076,0.28074,0.11111
2023-08-01,0.33173,0.58825,0.29583,0.11111
2023-08-02,0.33548,0.59449,0.30084,0.11111
2023-08-03,0.32942,0.57033,0.30682,0.11111
2023-08-04,0.33484,0.58466,0.30875,0.11111
2023-08-05,0.33459,0.57848,0.31419,0.11111
2023-08-06,0.34528,0.60359,0.32112,0.11111
2023-08-07,0.34708,0.60297,0.32717,0.11111
2023-08-08,0.343,0.58768,0.33021,0.11111
2023-08-09,0.34221,0.57809,0.33744,0.11111
2023-08-10,0.34439,0.57876,0.34329,0.11111
2023-08-11,0.36091,0.62222,0.34941,0.11111
2023-08-12,0.28461,0.38465,0.35808,0.11111
2023-08-13,0.31184,0.47404,0.35036,0.11111
2023-08-14,0.30449,0.46482,0.33754,0.11111
2023-08-15,0.3018,0.45652,0.33778,0.11111
2023-08-16,0.30041,0.47076,0.31937,0.11111
2023-08-17,0.3998,0.60506,0.37211,0.22222
2023-08-18,0.41359,0.60737,0.41117,0.22222
2023-08-19,0.42198,0.58518,0.45853,0.22222
2023-08-20,0.42663,0.58686,0.4708,0.22222
2023-08-21,0.42751,0.59182,0.4685,0.22222
2023-08-22,0.4308,0.60107,0.46911,0.22222
2023-08-23,0.40876,0.62619,0.48898,0.11111
2023-08-24,0.40865,0.62377,0.49107,0.11111
2023-08-25,0.41178,0.62067,0.50357,0.11111
2023-08-26,0.41634,0.62173,0.51616,0.11111
2023-08-27,0.42069,0.62211,0.52885,0.11111
2023-08-28,0.425,0.62214,0.54176,0.11111
2023-08-29,0.42946,0.52531,0.54084,0.22222
2023-08-30,0.42032,0.52665,0.5121,0.22222
2023-08-31,0.45812,0.52824,0.51277,0.33333
2023-09-01,0.44932,0.49861,0.51602,0.33333
2023-09-02,0.4478,0.49665,0.51341,0.33333
2023-09-03,0.44509,0.49559,0.50635,0.33333
2023-09-04,0.43966,0.48969,0.49596,0.33333
2023-09-05,0.4335,0.48798,0.47919,0.33333
2023-09-06,0.4328,0.50215,0.46291,0.33333
2023-09-07,0.43404,0.49862,0.47017,0.33333
2023-09-08,0.43221,0.4961,0.46719,0.33333
2023-09-09,0.42905,0.48859,0.46524,0.33333
2023-09-10,0.42802,0.4876,0.46311,0.33333
2023-09-11,0.41777,0.46824,0.45173,0.33333
2023-09-12,0.41448,0.47526,0.43485,0.33333
2023-09-13,0.40736,0.47187,0.41688,0.33333
2023-09-14,0.39698,0.47286,0.38475,0.33333
2023-09-15,0.39436,0.48834,0.3614,0.33333
2023-09-16,0.34107,0.43515,0.36584,0.22222
2023-09-17,0.35136,0.46177,0.3701,0.22222
2023-09-18,0.35525,0.45667,0.38687,0.22222
2023-09-19,0.35937,0.447,0.4089,0.22222
2023-09-20,0.36144,0.43162,0.43047,0.22222
2023-09-21,0.36214,0.42438,0.4398,0.22222
2023-09-22,0.35886,0.41047,0.44387,0.22222
2023-09-23,0.36383,0.4245,0.44477,0.22222
2023-09-24,0.3568,0.41475,0.43343,0.22222
2023-09-25,0.34962,0.40332,0.42331,0.22222
2023-09-26,0.349,0.40238,0.42241,0.22222
2023-09-27,0.3835,0.50953,0.41875,0.22222
2023-09-28,0.33532,0.46582,0.42901,0.11111
2023-09-29,0.3174,0.40471,0.43637,0.11111
2023-09-30,0.30071,0.47965,0.42247,0
2023-10-01,0.30155,0.40058,0.39296,0.11111
2023-10-02,0.3006,0.43957,0.35113,0.11111
2023-10-03,0.27559,0.42204,0.2936,0.11111
2023-10-04,0.24249,0.4077,0.20865,0.11111
2023-10-05,0.23549,0.38913,0.20622,0.11111
2023-10-06,0.24556,0.42003,0.20554,0.11111
2023-10-07,0.23353,0.39019,0.19929,0.11111
2023-10-08,0.24134,0.42076,0.19214,0.11111
2023-10-09,0.23012,0.39358,0.18566,0.11111
2023-10-10,0.24007,0.43084,0.17825,0.11111
2023-10-11,0.20992,0.33931,0.17934,0.11111
2023-10-12,0.19312,0.28935,0.17889,0.11111
2023-10-13,0.19747,0.29337,0.18794,0.11111
2023-10-14,0.20814,0.31563,0.19767,0.11111
2023-10-15,0.20171,0.2934,0.20063,0.11111
2023-10-16,0.25079,0.31236,0.21778,0.22222
2023-10-17,0.23895,0.26297,0.23165,0.22222
2023-10-18,0.24373,0.27814,0.23084,0.22222
2023-10-19,0.24108,0.28274,0.21829,0.22222
2023-10-20,0.28575,0.31641,0.2075,0.33333
2023-10-21,0.28855,0.32558,0.20674,0.33333
2023-10-22,0.28194,0.30657,0.20591,0.33333
2023-10-23,0.32403,0.24426,0.28339,0.44444
2023-10-24,0.37317,0.35264,0.32243,0.44444
2023-10-25,0.37523,0.3426,0.33864,0.44444
2023-10-26,0.37462,0.3322,0.34721,0.44444
2023-10-27,0.38083,0.34254,0.35552,0.44444
2023-10-28,0.38755,0.35596,0.36224,0.44444
2023-10-29,0.38454,0.34676,0.36241,0.44444
2023-10-30,0.39136,0.37026,0.35939,0.44444
2023-10-31,0.36029,0.3764,0.37115,0.33333
2023-11-01,0.36324,0.37274,0.38364,0.33333
2023-11-02,0.36629,0.37155,0.39399,0.33333
2023-11-03,0.36998,0.37176,0.40484,0.33333
2023-11-04,0.37424,0.37461,0.41478,0.33333
2023-11-05,0.38121,0.38357,0.42674,0.33333
2023-11-06,0.38544,0.38426,0.43873,0.33333
2023-11-07,0.38649,0.38548,0.44065,0.33333
2023-11-08,0.38934,0.38624,0.44843,0.33333
2023-11-09,0.38813,0.38009,0.45095,0.33333
2023-11-10,0.39199,0.38623,0.45641,0.33333
2023-11-11,0.38901,0.37661,0.45709,0.33333
2023-11-12,0.38484,0.37414,0.44704,0.33333
2023-11-13,0.37819,0.36983,0.43139,0.33333
2023-11-14,0.37654,0.38008,0.41619,0.33333
2023-11-15,0.40174,0.45295,0.41895,0.33333
2023-11-16,0.42861,0.52568,0.42683,0.33333
2023-11-17,0.4236,0.50748,0.43,0.33333
2023-11-18,0.42695,0.51705,0.43048,0.33333
2023-11-19,0.39185,0.52091,0.43243,0.22222
2023-11-20,0.38735,0.50865,0.43117,0.22222
2023-11-21,0.42689,0.6258,0.43264,0.22222
2023-11-22,0.41934,0.71618,0.43073,0.11111
2023-11-23,0.3991,0.65753,0.42867,0.11111
2023-11-24,0.39997,0.66115,0.42763,0.11111
2023-11-25,0.39847,0.66022,0.42409,0.11111
2023-11-26,0.3964,0.66017,0.4179,0.11111
2023-11-27,0.39514,0.66399,0.41033,0.11111
2023-11-28,0.39375,0.6632,0.40693,0.11111
2023-11-29,0.39218,0.64892,0.41652,0.11111
2023-11-30,0.40045,0.67056,0.41966,0.11111
2023-12-01,0.39446,0.65524,0.41704,0.11111
2023-12-02,0.39444,0.65862,0.41359,0.11111
2023-12-03,0.39236,0.65316,0.41281,0.11111
2023-12-04,0.41564,0.62105,0.40365,0.22222
2023-12-05,0.42511,0.6639,0.38921,0.22222
2023-12-06,0.40204,0.61043,0.37347,0.22222
2023-12-07,0.39701,0.61075,0.35805,0.22222
2023-12-08,0.39359,0.62373,0.33481,0.22222
2023-12-09,0.38787,0.62498,0.3164,0.22222
2023-12-10,0.38331,0.63325,0.29445,0.22222
2023-12-11,0.38343,0.53887,0.27809,0.33333
2023-12-12,0.35528,0.47339,0.25912,0.33333
2023-12-13,0.34575,0.45857,0.24536,0.33333
2023-12-14,0.3322,0.42482,0.23844,0.33333
2023-12-15,0.25506,0.3049,0.23807,0.22222
2023-12-16,0.25518,0.30929,0.23403,0.22222
2023-12-17,0.2496,0.29633,0.23025,0.22222
2023-12-18,0.25145,0.30476,0.22736,0.22222
2023-12-19,0.24717,0.29828,0.22101,0.22222
2023-12-20,0.25384,0.3248,0.21449,0.22222
2023-12-21,0.21469,0.22373,0.19813,0.22222
2023-12-22,0.23105,0.27726,0.19368,0.22222
2023-12-23,0.23502,0.2873,0.19554,0.22222
2023-12-24,0.23272,0.27791,0.19803,0.22222
2023-12-25,0.22912,0.2609,0.20424,0.22222
2023-12-26,0.22424,0.24468,0.20581,0.22222
2023-12-27,0.22538,0.24336,0.21058,0.22222
2023-12-28,0.2228,0.23458,0.21158,0.22222
2023-12-29,0.20216,0.19503,0.18922,0.22222
2023-12-30,0.20341,0.22291,0.16509,0.22222
2023-12-31,0.21144,0.25877,0.15334,0.22222
2024-01-01,0.19468,0.22231,0.13952,0.22222
2024-01-02,0.19317,0.23705,0.12023,0.22222
2024-01-03,0.1117,0.10657,0.11741,0.11111
2024-01-04,0.14215,0.19433,0.121,0.11111
2024-01-05,0.13206,0.16139,0.12367,0.11111
2024-01-06,0.14577,0.19953,0.12668,0.11111
2024-01-07,0.15754,0.23218,0.12932,0.11111
2024-01-08,0.17493,0.16074,0.14184,0.22222
2024-01-09,0.20202,0.22905,0.15478,0.22222
2024-01-10,0.17716,0.2708,0.14958,0.11111
2024-01-11,0.18788,0.30278,0.14974,0.11111
2024-01-12,0.2238,0.27117,0.17801,0.22222
2024-01-13,0.21199,0.21281,0.20095,0.22222
2024-01-14,0.21868,0.21233,0.22148,0.22222
2024-01-15,0.21878,0.21176,0.22236,0.22222
2024-01-16,0.21907,0.2107,0.22429,0.22222
2024-01-17,0.22189,0.22109,0.22236,0.22222
2024-01-18,0.22129,0.22067,0.22098,0.22222
2024-01-19,0.2228,0.22179,0.22437,0.22222
2024-01-20,0.22284,0.21863,0.22768,0.22222
2024-01-21,0.22577,0.22541,0.22968,0.22222
2024-01-22,0.2139,0.19455,0.22494,0.22222
2024-01-23,0.20649,0.17753,0.21973,0.22222
2024-01-24,0.20777,0.1926,0.20849,0.22222
2024-01-25,0.21231,0.20856,0.20615,0.22222
2024-01-26,0.20121,0.18885,0.19256,0.22222
2024-01-27,0.19245,0.1746,0.18052,0.22222
2024-01-28,0.19014,0.18046,0.16775,0.22222
2024-01-29,0.1796,0.14953,0.16706,0.22222
2024-01-30,0.18237,0.16291,0.16197,0.22222
2024-01-31,0.18607,0.16994,0.16606,0.22222
2024-02-01,0.18692,0.17064,0.16791,0.22222
2024-02-02,0.18547,0.14319,0.19099,0.22222
2024-02-03,0.20105,0.16927,0.21166,0.22222
2024-02-04,0.2035,0.1589,0.22939,0.22222
2024-02-05,0.21234,0.15111,0.26369,0.22222
2024-02-06,0.23587,0.19146,0.29393,0.22222
2024-02-07,0.19036,0.15056,0.30942,0.11111
2024-02-08,0.19707,0.16107,0.31904,0.11111
2024-02-09,0.20359,0.17418,0.32548,0.11111
2024-02-10,0.21023,0.18553,0.33405,0.11111
2024-02-11,0.19506,0.25821,0.32698,0
2024-02-12,0.19402,0.26804,0.314,0
2024-02-13,0.17334,0.24092,0.27909,0
2024-02-14,0.16148,0.21292,0.27152,0
2024-02-15,0.14458,0.18027,0.25348,0
2024-02-16,0.14905,0.21153,0.23561,0
2024-02-17,0.14511,0.2297,0.20562,0
2024-02-18,0.14226,0.22117,0.20561,0
2024-02-19,0.13665,0.20333,0.20661,0
2024-02-20,0.15266,0.25036,0.20763,0
2024-02-21,0.16498,0.26897,0.22598,0
2024-02-22,0.16852,0.26449,0.24108,0
2024-02-23,0.16754,0.25036,0.25225,0
2024-02-24,0.18526,0.29632,0.25945,0
2024-02-25,0.18915,0.32134,0.2461,0
2024-02-26,0.19374,0.24556,0.22456,0.11111
2024-02-27,0.30558,0.47706,0.21747,0.22222
2024-02-28,0.43898,0.6825,0.30109,0.33333
2024-02-29,0.43457,0.60403,0.36635,0.33333
2024-03-01,0.44456,0.60091,0.39945,0.33333
2024-03-02,0.4529,0.59305,0.43233,0.33333
2024-03-03,0.45252,0.57994,0.4443,0.33333
2024-03-04,0.48209,0.54197,0.45987,0.44444
2024-03-05,0.56911,0.64186,0.50991,0.55556
2024-03-06,0.56477,0.63792,0.50083,0.55556
2024-03-07,0.55801,0.63327,0.48522,0.55556
2024-03-08,0.55519,0.63492,0.47509,0.55556
2024-03-09,0.55308,0.63951,0.46418,0.55556
2024-03-10,0.55817,0.66056,0.45838,0.55556
2024-03-11,0.54524,0.63547,0.4447,0.55556
2024-03-12,0.53837,0.62417,0.4354,0.55556
2024-03-13,0.5396,0.6367,0.42653,0.55556
2024-03-14,0.5438,0.6591,0.41673,0.55556
2024-03-15,0.54915,0.68531,0.40659,0.55556
2024-03-16,0.53935,0.66747,0.39503,0.55556
2024-03-17,0.53748,0.67541,0.38147,0.55556
2024-03-18,0.52391,0.64625,0.36991,0.55556
2024-03-19,0.53188,0.56752,0.36146,0.66667
2024-03-20,0.60033,0.65589,0.36733,0.77778
2024-03-21,0.58987,0.62477,0.36707,0.77778
2024-03-22,0.57752,0.60876,0.34602,0.77778
2024-03-23,0.5648,0.59773,0.3189,0.77778
2024-03-24,0.54452,0.5661,0.28969,0.77778
2024-03-25,0.53091,0.55094,0.26401,0.77778
2024-03-26,0.52416,0.56729,0.22742,0.77778
2024-03-27,0.49027,0.58728,0.21686,0.66667
2024-03-28,0.45426,0.58971,0.21751,0.55556
2024-03-29,0.43898,0.64121,0.23127,0.44444
2024-03-30,0.44685,0.65165,0.24447,0.44444
2024-03-31,0.4518,0.64803,0.26293,0.44444
2024-04-01,0.45747,0.64213,0.28583,0.44444
2024-04-02,0.46809,0.6679,0.29193,0.44444
2024-04-03,0.40032,0.56936,0.29826,0.33333
2024-04-04,0.35752,0.55271,0.29764,0.22222
2024-04-05,0.3574,0.54936,0.30061,0.22222
2024-04-06,0.35961,0.55353,0.30309,0.22222
2024-04-07,0.362,0.55747,0.30631,0.22222
2024-04-08,0.35413,0.53157,0.30859,0.22222
2024-04-09,0.36381,0.55146,0.31776,0.22222
2024-04-10,0.37156,0.5669,0.32556,0.22222
2024-04-11,0.37017,0.56847,0.31984,0.22222
2024-04-12,0.35912,0.54977,0.30538,0.22222
2024-04-13,0.35903,0.55952,0.29534,0.22222
2024-04-14,0.35818,0.56467,0.28765,0.22222
2024-04-15,0.35213,0.545,0.28916,0.22222
2024-04-16,0.35518,0.55118,0.29215,0.22222
2024-04-17,0.37621,0.6114,0.29502,0.22222
2024-04-18,0.2689,0.40065,0.29494,0.11111
2024-04-19,0.19613,0.30917,0.27921,0
2024-04-20,0.19252,0.31778,0.25979,0
2024-04-21,0.19022,0.33615,0.2345,0
2024-04-22,0.19369,0.36973,0.21135,0
2024-04-23,0.16294,0.31388,0.17494,0
2024-04-24,0.14859,0.33544,0.11033,0
2024-04-25,0.12446,0.27742,0.095955,0
2024-04-26,0.13357,0.2957,0.10501,0
2024-04-27,0.1431,0.31257,0.11674,0
2024-04-28,0.14979,0.324,0.12537,0
2024-04-29,0.16435,0.34671,0.14633,0
2024-04-30,0.15342,0.31826,0.14201,0
2024-05-01,0.1651,0.365,0.13031,0
2024-05-02,0.18148,0.41256,0.13188,0
2024-05-03,0.21755,0.40216,0.13939,0.11111
2024-05-04,0.21615,0.39181,0.14554,0.11111
2024-05-05,0.21954,0.39637,0.15113,0.11111
2024-05-06,0.22322,0.40255,0.156,0.11111
2024-05-07,0.23074,0.42524,0.15589,0.11111
2024-05-08,0.22755,0.41671,0.15482,0.11111
2024-05-09,0.22657,0.41578,0.15283,0.11111
2024-05-10,0.2306,0.42481,0.15587,0.11111
2024-05-11,0.23083,0.4228,0.15859,0.11111
2024-05-12,0.22129,0.38875,0.16399,0.11111
2024-05-13,0.21084,0.35575,0.16566,0.11111
2024-05-14,0.20461,0.33968,0.16303,0.11111
2024-05-15,0.25493,0.37538,0.1672,0.22222
2024-05-16,0.25567,0.37339,0.1714,0.22222
2024-05-17,0.24688,0.34629,0.17213,0.22222
2024-05-18,0.24827,0.35492,0.16768,0.22222
2024-05-19,0.25217,0.36825,0.16605,0.22222
2024-05-20,0.27886,0.32388,0.17937,0.33333
2024-05-21,0.28194,0.32321,0.18929,0.33333
2024-05-22,0.28448,0.33171,0.18838,0.33333
2024-05-23,0.28861,0.34487,0.18761,0.33333
2024-05-24,0.29307,0.36228,0.18361,0.33333
2024-05-25,0.28845,0.35857,0.17344,0.33333
2024-05-26,0.28386,0.35473,0.16352,0.33333
2024-05-27,0.2826,0.34115,0.17331,0.33333
2024-05-28,0.28279,0.3312,0.18382,0.33333
2024-05-29,0.29274,0.36011,0.18477,0.33333
2024-05-30,0.28743,0.32558,0.20339,0.33333
2024-05-31,0.2981,0.33921,0.22177,0.33333
2024-06-01,0.3148,0.3675,0.24355,0.33333
2024-06-02,0.29668,0.40228,0.26554,0.22222
2024-06-03,0.30303,0.40307,0.28381,0.22222
2024-06-04,0.30456,0.39455,0.29691,0.22222
2024-06-05,0.30636,0.38503,0.31183,0.22222
2024-06-06,0.31674,0.39893,0.32906,0.22222
2024-06-07,0.32024,0.39601,0.34248,0.22222
2024-06-08,0.31665,0.37248,0.35525,0.22222
2024-06-09,0.33572,0.41926,0.36569,0.22222
2024-06-10,0.34139,0.42583,0.37613,0.22222
2024-06-11,0.33903,0.40846,0.3864,0.22222
2024-06-12,0.33969,0.40083,0.39602,0.22222
2024-06-13,0.33327,0.3735,0.4041,0.22222
2024-06-14,0.29325,0.36142,0.40722,0.11111
2024-06-15,0.2943,0.36462,0.40717,0.11111
2024-06-16,0.30693,0.39907,0.41059,0.11111
2024-06-17,0.30916,0.40399,0.41237,0.11111
2024-06-18,0.3305,0.46576,0.41463,0.11111
2024-06-19,0.23377,0.30721,0.3941,0
2024-06-20,0.23242,0.33159,0.36567,0
2024-06-21,0.22366,0.31809,0.35288,0
2024-06-22,0.21587,0.32066,0.32696,0
2024-06-23,0.19755,0.30054,0.2921,0
2024-06-24,0.2407,0.39238,0.2186,0.11111
2024-06-25,0.24213,0.50083,0.11445,0.11111
2024-06-26,0.25309,0.50916,0.13901,0.11111
2024-06-27,0.26278,0.51134,0.16589,0.11111
2024-06-28,0.27015,0.51101,0.18833,0.11111
2024-06-29,0.27365,0.50303,0.20682,0.11111
2024-06-30,0.27802,0.48904,0.23392,0.11111
2024-07-01,0.25409,0.42194,0.22922,0.11111
2024-07-02,0.25404,0.42859,0.22243,0.11111
2024-07-03,0.25049,0.42143,0.21892,0.11111
2024-07-04,0.33525,0.54931,0.23423,0.22222
2024-07-05,0.30457,0.45125,0.24023,0.22222
2024-07-06,0.30468,0.43904,0.25279,0.22222
2024-07-07,0.36268,0.49554,0.25915,0.33333
2024-07-08,0.35309,0.45893,0.267,0.33333
2024-07-09,0.3488,0.43349,0.27958,0.33333
2024-07-10,0.35792,0.45783,0.28261,0.33333
2024-07-11,0.36367,0.48335,0.27433,0.33333
2024-07-12,0.36535,0.49496,0.26775,0.33333
2024-07-13,0.36286,0.49265,0.26259,0.33333
2024-07-14,0.36368,0.49045,0.26727,0.33333
2024-07-15,0.40285,0.5029,0.26121,0.44444
2024-07-16,0.36088,0.38291,0.2553,0.44444
2024-07-17,0.3621,0.39223,0.24962,0.44444
2024-07-18,0.36137,0.4019,0.23778,0.44444
2024-07-19,0.33152,0.33076,0.21936,0.44444
2024-07-20,0.30657,0.28262,0.19264,0.44444
2024-07-21,0.29336,0.27246,0.16317,0.44444
2024-07-22,0.28382,0.27162,0.13538,0.44444
2024-07-23,0.27182,0.27371,0.097304,0.44444
2024-07-24,0.22319,0.24804,0.088182,0.33333
2024-07-25,0.2304,0.26884,0.089028,0.33333
2024-07-26,0.22632,0.25065,0.09497,0.33333
2024-07-27,0.22226,0.23143,0.10201,0.33333
2024-07-28,0.23467,0.26016,0.11052,0.33333
2024-07-29,0.23863,0.26702,0.11554,0.33333
2024-07-30,0.24563,0.27994,0.12363,0.33333
2024-07-31,0.24005,0.26335,0.12348,0.33333
2024-08-01,0.24009,0.26591,0.12102,0.33333
2024-08-02,0.25205,0.19291,0.1188,0.44444
2024-08-03,0.22248,0.21643,0.11767,0.33333
2024-08-04,0.22183,0.21544,0.11672,0.33333
2024-08-05,0.29635,0.32736,0.11724,0.44444
2024-08-06,0.2948,0.40593,0.14513,0.33333
2024-08-07,0.30069,0.40228,0.16645,0.33333
2024-08-08,0.37148,0.37968,0.29031,0.44444
2024-08-09,0.37126,0.31863,0.35069,0.44444
2024-08-10,0.38406,0.31869,0.38904,0.44444
2024-08-11,0.38777,0.30586,0.41301,0.44444
2024-08-12,0.38595,0.29945,0.41395,0.44444
2024-08-13,0.37979,0.29757,0.39737,0.44444
2024-08-14,0.35291,0.32976,0.39563,0.33333
2024-08-15,0.35045,0.31895,0.39907,0.33333
2024-08-16,0.3475,0.30849,0.40068,0.33333
2024-08-17,0.3539,0.32716,0.40121,0.33333
2024-08-18,0.36225,0.34645,0.40697,0.33333
2024-08-19,0.36201,0.34046,0.41225,0.33333
2024-08-20,0.36383,0.33859,0.41956,0.33333
2024-08-21,0.35973,0.32986,0.41601,0.33333
2024-08-22,0.35841,0.32336,0.41854,0.33333
2024-08-23,0.34484,0.28942,0.41176,0.33333
2024-08-24,0.33239,0.25922,0.40461,0.33333
2024-08-25,0.34078,0.2935,0.39551,0.33333
2024-08-26,0.33043,0.27427,0.38367,0.33333
2024-08-27,0.32206,0.26563,0.36723,0.33333
2024-08-28,0.3087,0.23915,0.35363,0.33333
2024-08-29,0.30865,0.25648,0.33613,0.33333
2024-08-30,0.31436,0.27678,0.33297,0.33333
2024-08-31,0.32881,0.32221,0.33089,0.33333
2024-09-01,0.29887,0.33854,0.33584,0.22222
2024-09-02,0.30157,0.34933,0.33315,0.22222
2024-09-03,0.28844,0.30567,0.33742,0.22222
2024-09-04,0.23948,0.26064,0.34669,0.11111
2024-09-05,0.24165,0.25779,0.35605,0.11111
2024-09-06,0.24032,0.24772,0.36213,0.11111
2024-09-07,0.18752,0.22483,0.33772,0
2024-09-08,0.17869,0.22339,0.31269,0
2024-09-09,0.17272,0.24218,0.27597,0
2024-09-10,0.1558,0.24123,0.22618,0
2024-09-11,0.15184,0.26029,0.19522,0
2024-09-12,0.14272,0.27063,0.15753,0
2024-09-13,0.11926,0.25807,0.099715,0
2024-09-14,0.11387,0.23849,0.10311,0
2024-09-15,0.11778,0.24851,0.10484,0
2024-09-16,0.11857,0.2468,0.1089,0
2024-09-17,0.11674,0.24319,0.10704,0
2024-09-18,0.11606,0.2423,0.10588,0
2024-09-19,0.12053,0.25939,0.1022,0
2024-09-20,0.12474,0.27071,0.1035,0
2024-09-21,0.14322,0.32506,0.1046,0
2024-09-22,0.18426,0.4381,0.11468,0
2024-09-23,0.18642,0.42847,0.13079,0
2024-09-24,0.20127,0.44396,0.15985,0
2024-09-25,0.20092,0.42705,0.1757,0
2024-09-26,0.21946,0.49654,0.16183,0
2024-09-27,0.20303,0.45648,0.1526,0
2024-09-28,0.1969,0.45336,0.13733,0
2024-09-29,0.2002,0.45719,0.14341,0
2024-09-30,0.19461,0.44061,0.14323,0
2024-10-01,0.20792,0.47913,0.14462,0
2024-10-02,0.18229,0.4046,0.14226,0
2024-10-03,0.19734,0.44909,0.14293,0
2024-10-04,0.19981,0.4567,0.14274,0
2024-10-05,0.17872,0.3936,0.14257,0
2024-10-06,0.19741,0.45217,0.14007,0
2024-10-07,0.19633,0.45163,0.13735,0
2024-10-08,0.2117,0.48047,0.15464,0
2024-10-09,0.20797,0.4735,0.15042,0
2024-10-10,0.19853,0.44797,0.14763,0
2024-10-11,0.18233,0.40909,0.13789,0
2024-10-12,0.18018,0.4063,0.13425,0
2024-10-13,0.19047,0.43835,0.13307,0
2024-10-14,0.20994,0.37813,0.14056,0.11111
2024-10-15,0.21057,0.37503,0.14558,0.11111
2024-10-16,0.20931,0.37125,0.14557,0.11111
2024-10-17,0.20361,0.35707,0.14266,0.11111
2024-10-18,0.19922,0.34645,0.14009,0.11111
2024-10-19,0.20046,0.35441,0.13586,0.11111
2024-10-20,0.19841,0.34741,0.13671,0.11111
2024-10-21,0.19296,0.32384,0.14392,0.11111
2024-10-22,0.18383,0.28787,0.15251,0.11111
2024-10-23,0.18578,0.29103,0.15521,0.11111
2024-10-24,0.18003,0.29072,0.13826,0.11111
2024-10-25,0.17785,0.29375,0.12869,0.11111
2024-10-26,0.17703,0.29443,0.12555,0.11111
2024-10-27,0.17268,0.28477,0.12216,0.11111
2024-10-28,0.16319,0.25985,0.1186,0.11111
2024-10-29,0.1927,0.34961,0.11739,0.11111
2024-10-30,0.15167,0.22717,0.11675,0.11111
2024-10-31,0.15744,0.2445,0.11672,0.11111
2024-11-01,0.14354,0.20569,0.11383,0.11111
2024-11-02,0.15259,0.22925,0.11742,0.11111
2024-11-03,0.16337,0.25895,0.12005,0.11111
2024-11-04,0.16018,0.24979,0.11964,0.11111
2024-11-05,0.15902,0.24435,0.12161,0.11111
2024-11-06,0.24664,0.33325,0.18446,0.22222
2024-11-07,0.22781,0.26733,0.19388,0.22222
2024-11-08,0.238,0.2873,0.20448,0.22222
2024-11-09,0.2498,0.31775,0.20943,0.22222
2024-11-10,0.24442,0.29291,0.21812,0.22222
2024-11-11,0.34124,0.45195,0.23844,0.33333
2024-11-12,0.33523,0.41035,0.26201,0.33333
2024-11-13,0.30169,0.41286,0.27,0.22222
2024-11-14,0.30968,0.41762,0.28919,0.22222
2024-11-15,0.31541,0.4235,0.3005,0.22222
2024-11-16,0.30963,0.39806,0.30862,0.22222
2024-11-17,0.31159,0.40234,0.31022,0.22222
2024-11-18,0.3078,0.39894,0.30225,0.22222
2024-11-19,0.30535,0.40199,0.29185,0.22222
2024-11-20,0.3005,0.40452,0.27475,0.22222
2024-11-21,0.2914,0.39201,0.25997,0.22222
2024-11-22,0.28225,0.37377,0.25077,0.22222
2024-11-23,0.28445,0.38396,0.24717,0.22222
2024-11-24,0.28806,0.39437,0.24757,0.22222
2024-11-25,0.27189,0.35744,0.236,0.22222
2024-11-26,0.26388,0.34438,0.22504,0.22222
2024-11-27,0.25554,0.33053,0.21387,0.22222
2024-11-28,0.25262,0.32648,0.20915,0.22222
2024-11-29,0.25353,0.33659,0.20176,0.22222
2024-11-30,0.25489,0.34323,0.19921,0.22222
2024-12-01,0.25212,0.33959,0.19456,0.22222
2024-12-02,0.25046,0.33015,0.19902,0.22222
2024-12-03,0.25337,0.33246,0.20541,0.22222
2024-12-04,0.25514,0.32738,0.21583,0.22222
2024-12-05,0.25195,0.32332,0.21032,0.22222
2024-12-06,0.23874,0.3891,0.21601,0.11111
2024-12-07,0.23055,0.3566,0.22394,0.11111
2024-12-08,0.23177,0.3528,0.23139,0.11111
2024-12-09,0.23916,0.3733,0.23307,0.11111
2024-12-10,0.17641,0.18391,0.23421,0.11111
2024-12-11,0.13814,0.18549,0.22891,0
2024-12-12,0.13201,0.17928,0.21677,0
2024-12-13,0.1245,0.15938,0.21412,0
2024-12-14,0.10072,0.10421,0.19795,0
2024-12-15,0.095653,0.11149,0.17547,0
2024-12-16,0.07909,0.089798,0.14747,0
2024-12-17,0.062752,0.081658,0.1066,0
2024-12-18,0.086491,0.040452,0.10791,0.11111
2024-12-19,0.10785,0.10187,0.11058,0.11111
2024-12-20,0.10198,0.082459,0.11238,0.11111
2024-12-21,0.11763,0.13127,0.11052,0.11111
2024-12-22,0.10995,0.11752,0.10122,0.11111
2024-12-23,0.1027,0.10043,0.096558,0.11111
2024-12-24,0.10372,0.11132,0.088715,0.11111
2024-12-25,0.098521,0.095338,0.089116,0.11111
2024-12-26,0.094502,0.084832,0.087564,0.11111
2024-12-27,0.10164,0.11475,0.079052,0.11111
2024-12-28,0.10086,0.11329,0.078172,0.11111
2024-12-29,0.10055,0.11458,0.075969,0.11111
2024-12-30,0.096502,0.10479,0.073607,0.11111
2024-12-31,0.10156,0.1123,0.081271,0.11111
2025-01-01,0.10303,0.11122,0.086766,0.11111
2025-01-02,0.10806,0.11934,0.093728,0.11111
2025-01-03,0.1056,0.10874,0.096943,0.11111
2025-01-04,0.11039,0.11265,0.10741,0.11111
2025-01-05,0.14098,0.17889,0.13294,0.11111
2025-01-06,0.1317,0.13595,0.14805,0.11111
2025-01-07,0.20325,0.23942,0.14811,0.22222
2025-01-08,0.21504,0.27183,0.15108,0.22222
2025-01-09,0.22502,0.29978,0.15305,0.22222
2025-01-10,0.23356,0.32436,0.15408,0.22222
2025-01-11,0.22993,0.31125,0.15632,0.22222
2025-01-12,0.23966,0.33718,0.15959,0.22222
2025-01-13,0.25796,0.39199,0.15966,0.22222
2025-01-14,0.25704,0.38518,0.16371,0.22222
2025-01-15,0.25914,0.39302,0.16218,0.22222
2025-01-16,0.27983,0.45247,0.16478,0.22222
2025-01-17,0.21628,0.37346,0.16427,0.11111
2025-01-18,0.20085,0.32964,0.1618,0.11111
2025-01-19,0.1835,0.27884,0.16053,0.11111
2025-01-20,0.18005,0.26998,0.15905,0.11111
2025-01-21,0.17665,0.25652,0.16232,0.11111
2025-01-22,0.19316,0.3038,0.16457,0.11111
2025-01-23,0.19988,0.32575,0.16277,0.11111
2025-01-24,0.21461,0.37065,0.16207,0.11111
2025-01-25,0.22115,0.39013,0.16221,0.11111
2025-01-26,0.22001,0.38494,0.16397,0.11111
2025-01-27,0.21948,0.38172,0.1656,0.11111
2025-01-28,0.2305,0.39427,0.18612,0.11111
2025-01-29,0.23045,0.38017,0.20006,0.11111
2025-01-30,0.22861,0.36806,0.20665,0.11111
2025-01-31,0.23038,0.37027,0.20974,0.11111
2025-02-01,0.2318,0.37506,0.20922,0.11111
2025-02-02,0.22626,0.36566,0.20202,0.11111
2025-02-03,0.21933,0.3562,0.19067,0.11111
2025-02-04,0.23773,0.43153,0.17054,0.11111
2025-02-05,0.20353,0.34531,0.15416,0.11111
2025-02-06,0.1676,0.35025,0.15255,0
2025-02-07,0.1791,0.3881,0.1492,0
2025-02-08,0.18593,0.41149,0.14629,0
2025-02-09,0.1993,0.45653,0.14138,0
2025-02-10,0.19619,0.44195,0.14661,0
2025-02-11,0.19285,0.41062,0.16794,0
2025-02-12,0.20223,0.42235,0.18434,0
2025-02-13,0.20042,0.40663,0.19464,0
2025-02-14,0.21615,0.44312,0.20534,0
2025-02-15,0.24064,0.50925,0.21266,0
2025-02-16,0.27538,0.60629,0.21984,0
2025-02-17,0.29897,0.6689,0.22802,0
2025-02-18,0.31558,0.71249,0.23426,0
2025-02-19,0.34013,0.77337,0.24701,0
2025-02-20,0.33198,0.74593,0.25002,0
2025-02-21,0.34436,0.79188,0.2412,0
2025-02-22,0.32843,0.7564,0.2289,0
2025-02-23,0.33121,0.76252,0.2311,0
2025-02-24,0.32594,0.63553,0.23119,0.11111
2025-02-25,0.34774,0.69454,0.23756,0.11111
2025-02-26,0.39844,0.72523,0.24787,0.22222
2025-02-27,0.36749,0.6387,0.24155,0.22222
2025-02-28,0.37314,0.65766,0.23953,0.22222
2025-03-01,0.37319,0.65512,0.24222,0.22222
2025-03-02,0.42428,0.60446,0.33504,0.33333
2025-03-03,0.56099,0.81327,0.42525,0.44444
2025-03-04,0.54518,0.71286,0.47823,0.44444
2025-03-05,0.54996,0.69533,0.51011,0.44444
2025-03-06,0.55562,0.68751,0.53491,0.44444
2025-03-07,0.55735,0.67227,0.55532,0.44444
2025-03-08,0.55236,0.64567,0.56696,0.44444
2025-03-09,0.56839,0.58739,0.56223,0.55556
2025-03-10,0.55846,0.56428,0.55553,0.55556
2025-03-11,0.55103,0.55193,0.54561,0.55556
2025-03-12,0.53497,0.52421,0.52514,0.55556
2025-03-13,0.52253,0.51782,0.49421,0.55556
2025-03-14,0.51445,0.51909,0.46871,0.55556
2025-03-15,0.50041,0.50053,0.44514,0.55556
2025-03-16,0.48924,0.48811,0.42407,0.55556
2025-03-17,0.47944,0.47847,0.4043,0.55556
2025-03-18,0.47305,0.47158,0.39201,0.55556
2025-03-19,0.45488,0.43626,0.37281,0.55556
2025-03-20,0.44145,0.41821,0.35057,0.55556
2025-03-21,0.42849,0.40516,0.32477,0.55556
2025-03-22,0.42967,0.4332,0.30027,0.55556
2025-03-23,0.42213,0.42965,0.28119,0.55556
2025-03-24,0.40728,0.40421,0.26209,0.55556
2025-03-25,0.41539,0.44893,0.24168,0.55556
2025-03-26,0.38857,0.47144,0.24984,0.44444
2025-03-27,0.40175,0.48909,0.27171,0.44444
2025-03-28,0.37439,0.50748,0.28237,0.33333
2025-03-29,0.36905,0.48645,0.28736,0.33333
2025-03-30,0.37272,0.48492,0.29991,0.33333
2025-03-31,0.40131,0.5509,0.3197,0.33333
2025-04-01,0.27441,0.27057,0.33044,0.22222
2025-04-02,0.24833,0.30667,0.32722,0.11111
2025-04-03,0.24554,0.30579,0.31971,0.11111
2025-04-04,0.25607,0.34209,0.31502,0.11111
2025-04-05,0.26619,0.38061,0.30686,0.11111
2025-04-06,0.27788,0.33725,0.27417,0.22222
2025-04-07,0.27168,0.36156,0.23126,0.22222
2025-04-08,0.21556,0.32128,0.21428,0.11111
2025-04-09,0.284,0.39914,0.23065,0.22222
2025-04-10,0.31629,0.48557,0.24109,0.22222
2025-04-11,0.33397,0.51564,0.26404,0.22222
2025-04-12,0.33716,0.50469,0.28457,0.22222
2025-04-13,0.34456,0.52394,0.28751,0.22222
2025-04-14,0.34627,0.52637,0.29022,0.22222
2025-04-15,0.34981,0.53427,0.29294,0.22222
2025-04-16,0.35347,0.54406,0.29413,0.22222
2025-04-17,0.36345,0.57121,0.29692,0.22222
2025-04-18,0.3673,0.56424,0.31544,0.22222
2025-04-19,0.38494,0.59336,0.33923,0.22222
2025-04-20,0.39343,0.58861,0.36945,0.22222
2025-04-21,0.39921,0.58611,0.38931,0.22222
2025-04-22,0.43926,0.59306,0.39139,0.33333
2025-04-23,0.41522,0.51903,0.39329,0.33333
2025-04-24,0.41611,0.52112,0.39387,0.33333
2025-04-25,0.41366,0.51985,0.38781,0.33333
2025-04-26,0.41727,0.54885,0.36962,0.33333
2025-04-27,0.41805,0.55842,0.36239,0.33333
2025-04-28,0.41872,0.56487,0.35797,0.33333
2025-04-29,0.42125,0.55501,0.37541,0.33333
2025-04-30,0.4344,0.58199,0.38788,0.33333
2025-05-01,0.43391,0.56655,0.40184,0.33333
2025-05-02,0.44136,0.57178,0.41896,0.33333
2025-05-03,0.44642,0.5718,0.43412,0.33333
2025-05-04,0.44773,0.56573,0.44412,0.33333
2025-05-05,0.47453,0.63685,0.45341,0.33333
2025-05-06,0.45459,0.67309,0.46846,0.22222
2025-05-07,0.46164,0.67929,0.48342,0.22222
2025-05-08,0.4546,0.54556,0.48492,0.33333
2025-05-09,0.3605,0.38376,0.47551,0.22222
2025-05-10,0.33064,0.30979,0.45991,0.22222
2025-05-11,0.3068,0.27012,0.42805,0.22222
2025-05-12,0.28824,0.26374,0.37875,0.22222
2025-05-13,0.2776,0.26519,0.3454,0.22222
2025-05-14,0.26272,0.2645,0.30145,0.22222
2025-05-15,0.25649,0.27096,0.27627,0.22222
2025-05-16,0.26294,0.28176,0.28483,0.22222
2025-05-17,0.27334,0.29125,0.30654,0.22222
2025-05-18,0.26613,0.2704,0.30576,0.22222
2025-05-19,0.25903,0.25457,0.3003,0.22222
2025-05-20,0.25935,0.27132,0.28451,0.22222
2025-05-21,0.21192,0.13523,0.2783,0.22222
2025-05-22,0.18764,0.17208,0.27974,0.11111
2025-05-23,0.23358,0.19841,0.28012,0.22222
2025-05-24,0.2231,0.16745,0.27963,0.22222
2025-05-25,0.21964,0.15811,0.27858,0.22222
2025-05-26,0.21676,0.15164,0.27642,0.22222
2025-05-27,0.22092,0.16844,0.27209,0.22222
2025-05-28,0.22082,0.17219,0.26805,0.22222
2025-05-29,0.20837,0.15607,0.24683,0.22222
2025-05-30,0.21037,0.17411,0.23476,0.22222
2025-05-31,0.21375,0.18424,0.23481,0.22222
2025-06-01,0.21391,0.184,0.23549,0.22222
2025-06-02,0.21874,0.19469,0.23931,0.22222
2025-06-03,0.2281,0.21642,0.24565,0.22222
2025-06-04,0.23636,0.23585,0.25101,0.22222
2025-06-05,0.23693,0.23562,0.25294,0.22222
2025-06-06,0.27432,0.35072,0.25001,0.22222
2025-06-07,0.27475,0.47029,0.24285,0.11111
2025-06-08,0.27609,0.48384,0.23333,0.11111
2025-06-09,0.28562,0.40421,0.23042,0.22222
2025-06-10,0.2588,0.32338,0.2308,0.22222
2025-06-11,0.25728,0.32082,0.22878,0.22222
2025-06-12,0.25758,0.32522,0.22529,0.22222
2025-06-13,0.2398,0.28025,0.21693,0.22222
2025-06-14,0.23359,0.2726,0.20594,0.22222
2025-06-15,0.2282,0.26852,0.19385,0.22222
2025-06-16,0.23642,0.3081,0.17895,0.22222
2025-06-17,0.24218,0.32295,0.18136,0.22222
2025-06-18,0.23642,0.30491,0.18213,0.22222
2025-06-19,0.24994,0.33496,0.19264,0.22222
2025-06-20,0.24685,0.31509,0.20323,0.22222
2025-06-21,0.23424,0.26766,0.21285,0.22222
2025-06-22,0.2102,0.30314,0.21635,0.11111
2025-06-23,0.25172,0.32168,0.21126,0.22222
2025-06-24,0.23558,0.27566,0.20887,0.22222
2025-06-25,0.22993,0.2599,0.20766,0.22222
2025-06-26,0.22877,0.25764,0.20644,0.22222
2025-06-27,0.23686,0.28181,0.20656,0.22222
2025-06-28,0.24203,0.29732,0.20656,0.22222
2025-06-29,0.24204,0.30502,0.19888,0.22222
2025-06-30,0.24562,0.30273,0.21191,0.22222
2025-07-01,0.24578,0.29818,0.21694,0.22222
2025-07-02,0.24062,0.28953,0.21012,0.22222
2025-07-03,0.2298,0.26382,0.20336,0.22222
2025-07-04,0.23156,0.27887,0.19359,0.22222
2025-07-05,0.208,0.21118,0.1906,0.22222
2025-07-06,0.20875,0.21245,0.19159,0.22222
2025-07-07,0.20923,0.2125,0.19296,0.22222
2025-07-08,0.22764,0.26449,0.19621,0.22222
2025-07-09,0.21056,0.32469,0.19587,0.11111
2025-07-10,0.27603,0.41814,0.18773,0.22222
2025-07-11,0.27013,0.4131,0.17507,0.22222
2025-07-12,0.27649,0.4433,0.16393,0.22222
2025-07-13,0.2677,0.42338,0.1575,0.22222
2025-07-14,0.26003,0.40528,0.15258,0.22222
2025-07-15,0.25523,0.39706,0.1464,0.22222
2025-07-16,0.25266,0.39317,0.14258,0.22222
2025-07-17,0.26379,0.41982,0.14933,0.22222
2025-07-18,0.25894,0.39988,0.15473,0.22222
2025-07-19,0.25974,0.40627,0.15072,0.22222
2025-07-20,0.2668,0.42308,0.15511,0.22222
2025-07-21,0.27408,0.43746,0.16256,0.22222
2025-07-22,0.26515,0.40853,0.16468,0.22222
2025-07-23,0.25197,0.48435,0.16045,0.11111
2025-07-24,0.25306,0.4882,0.15987,0.11111
2025-07-25,0.25674,0.50171,0.15739,0.11111
2025-07-26,0.25197,0.49348,0.15133,0.11111
2025-07-27,0.24021,0.46394,0.14557,0.11111
2025-07-28,0.23795,0.46352,0.13923,0.11111
2025-07-29,0.23809,0.45439,0.14876,0.11111
2025-07-30,0.24806,0.48331,0.14975,0.11111
2025-07-31,0.23407,0.44216,0.14893,0.11111
2025-08-01,0.25228,0.49623,0.14949,0.11111
2025-08-02,0.2492,0.48578,0.15071,0.11111
2025-08-03,0.25193,0.49634,0.14835,0.11111
2025-08-04,0.24848,0.48924,0.14509,0.11111
2025-08-05,0.24772,0.49053,0.14151,0.11111
2025-08-06,0.24665,0.49016,0.13867,0.11111
2025-08-07,0.2496,0.49807,0.13961,0.11111
2025-08-08,0.20251,0.35653,0.1399,0.11111
2025-08-09,0.1352,0.28135,0.12426,0
2025-08-10,0.15805,0.24428,0.11877,0.11111
2025-08-11,0.15308,0.23636,0.11175,0.11111
2025-08-12,0.15072,0.23774,0.10331,0.11111
2025-08-13,0.20355,0.28399,0.10443,0.22222
2025-08-14,0.33089,0.51251,0.14681,0.33333
2025-08-15,0.32324,0.45303,0.18335,0.33333
2025-08-16,0.33646,0.46051,0.21554,0.33333
2025-08-17,0.35037,0.48974,0.22805,0.33333
2025-08-18,0.34889,0.47559,0.23775,0.33333
2025-08-19,0.34347,0.45381,0.24326,0.33333
2025-08-20,0.35132,0.48537,0.23525,0.33333
2025-08-21,0.35141,0.49175,0.22916,0.33333
2025-08-22,0.39604,0.50956,0.23411,0.44444
2025-08-23,0.38792,0.48199,0.23731,0.44444
2025-08-24,0.3831,0.46694,0.23791,0.44444
2025-08-25,0.38664,0.47416,0.24131,0.44444
2025-08-26,0.38612,0.47309,0.24082,0.44444
2025-08-27,0.3843,0.46844,0.24001,0.44444
2025-08-28,0.36713,0.43136,0.22559,0.44444
2025-08-29,0.35659,0.42245,0.20287,0.44444
2025-08-30,0.33099,0.36081,0.18771,0.44444
2025-08-31,0.33889,0.39404,0.1782,0.44444
2025-09-01,0.33877,0.40491,0.16695,0.44444
2025-09-02,0.33444,0.402,0.15688,0.44444
2025-09-03,0.32601,0.38549,0.14809,0.44444
2025-09-04,0.32383,0.38784,0.13921,0.44444
2025-09-05,0.33808,0.41389,0.15592,0.44444
2025-09-06,0.35589,0.45057,0.17265,0.44444
2025-09-07,0.3572,0.4448,0.18236,0.44444
2025-09-08,0.37098,0.47838,0.19013,0.44444
2025-09-09,0.35091,0.50805,0.21135,0.33333
2025-09-10,0.34744,0.48989,0.21909,0.33333
2025-09-11,0.35193,0.49552,0.22692,0.33333
2025-09-12,0.29867,0.4337,0.24007,0.22222
2025-09-13,0.28682,0.49248,0.25688,0.11111
2025-09-14,0.29362,0.50099,0.26876,0.11111
2025-09-15,0.29354,0.49046,0.27906,0.11111
2025-09-16,0.2962,0.48507,0.29241,0.11111
2025-09-17,0.30803,0.50115,0.31183,0.11111
2025-09-18,0.31957,0.51331,0.3343,0.11111
2025-09-19,0.32393,0.50936,0.3513,0.11111
2025-09-20,0.31892,0.48012,0.36552,0.11111
2025-09-21,0.28747,0.4848,0.37762,0
2025-09-22,0.27384,0.44494,0.37657,0
2025-09-23,0.25238,0.38009,0.37705,0
2025-09-24,0.2276,0.32168,0.36113,0
2025-09-25,0.27372,0.36927,0.34079,0.11111
2025-09-26,0.25759,0.33965,0.32201,0.11111
2025-09-27,0.24581,0.32579,0.30054,0.11111
2025-09-28,0.24876,0.33074,0.30442,0.11111
2025-09-29,0.26505,0.37856,0.30549,0.11111
2025-09-30,0.25705,0.35308,0.30697,0.11111
2025-10-01,0.28487,0.29804,0.33434,0.22222
2025-10-02,0.30811,0.37178,0.33034,0.22222
2025-10-03,0.30721,0.37359,0.32581,0.22222
2025-10-04,0.30245,0.36346,0.32168,0.22222
2025-10-05,0.29551,0.34999,0.31433,0.22222
2025-10-06,0.29196,0.34593,0.30772,0.22222
2025-10-07,0.29048,0.34133,0.30788,0.22222
2025-10-08,0.29088,0.35143,0.29899,0.22222
2025-10-09,0.29117,0.36939,0.2819,0.22222
2025-10-10,0.3503,0.38589,0.33167,0.33333
2025-10-11,0.3759,0.43527,0.35911,0.33333
2025-10-12,0.39052,0.44028,0.39794,0.33333
2025-10-13,0.37731,0.38322,0.41537,0.33333
2025-10-14,0.37227,0.35959,0.42388,0.33333
2025-10-15,0.36946,0.35372,0.42132,0.33333
2025-10-16,0.36594,0.35084,0.41365,0.33333
2025-10-17,0.35099,0.33117,0.38848,0.33333
2025-10-18,0.33914,0.32594,0.35815,0.33333
2025-10-19,0.33132,0.32005,0.34056,0.33333
2025-10-20,0.31323,0.28773,0.31863,0.33333
2025-10-21,0.3077,0.29398,0.29578,0.33333
2025-10-22,0.30562,0.29848,0.28505,0.33333
2025-10-23,0.29487,0.28358,0.26771,0.33333
2025-10-24,0.29594,0.29423,0.26027,0.33333
2025-10-25,0.27468,0.33827,0.26355,0.22222
2025-10-26,0.26201,0.29834,0.26547,0.22222
2025-10-27,0.26104,0.29312,0.26779,0.22222
2025-10-28,0.26907,0.30772,0.27728,0.22222
2025-10-29,0.26876,0.30433,0.27972,0.22222
2025-10-30,0.28332,0.34457,0.28317,0.22222
2025-10-31,0.24771,0.3453,0.28672,0.11111
2025-11-01,0.24992,0.35591,0.28275,0.11111
2025-11-02,0.25474,0.36816,0.28494,0.11111
2025-11-03,0.23493,0.31509,0.27861,0.11111
2025-11-04,0.29313,0.38826,0.26891,0.22222
2025-11-05,0.29618,0.40728,0.25904,0.22222
2025-11-06,0.29793,0.4133,0.25828,0.22222
2025-11-07,0.29494,0.41119,0.25141,0.22222
2025-11-08,0.31484,0.47804,0.24426,0.22222
2025-11-09,0.27004,0.45553,0.24349,0.11111
2025-11-10,0.26177,0.43333,0.24086,0.11111
2025-11-11,0.28416,0.5154,0.22598,0.11111
2025-11-12,0.2771,0.51022,0.20997,0.11111
2025-11-13,0.2696,0.50615,0.19155,0.11111
2025-11-14,0.29852,0.49668,0.17665,0.22222
2025-11-15,0.27331,0.43585,0.16185,0.22222
2025-11-16,0.27348,0.43604,0.16217,0.22222
2025-11-17,0.26936,0.42326,0.16259,0.22222
2025-11-18,0.26422,0.41522,0.15523,0.22222
2025-11-19,0.26461,0.41911,0.15249,0.22222
2025-11-20,0.29605,0.40169,0.15313,0.33333
2025-11-21,0.29086,0.3913,0.14795,0.33333
2025-11-22,0.29194,0.39854,0.14396,0.33333
2025-11-23,0.27723,0.36398,0.13439,0.33333
2025-11-24,0.27665,0.37145,0.12517,0.33333
2025-11-25,0.28014,0.38916,0.11793,0.33333
2025-11-26,0.26261,0.33874,0.11575,0.33333
2025-11-27,0.25153,0.31939,0.10186,0.33333
2025-11-28,0.26379,0.3547,0.10334,0.33333
2025-11-29,0.27728,0.39437,0.10415,0.33333
2025-11-30,0.28517,0.41486,0.10732,0.33333
2025-12-01,0.25548,0.33325,0.099855,0.33333
2025-12-02,0.33519,0.4702,0.090924,0.44444
2025-12-03,0.3208,0.42812,0.089833,0.44444
2025-12-04,0.28486,0.42517,0.096093,0.33333
2025-12-05,0.28578,0.41727,0.10674,0.33333
2025-12-06,0.28142,0.39515,0.11578,0.33333
2025-12-07,0.28956,0.41119,0.12414,0.33333
2025-12-08,0.29568,0.42942,0.12427,0.33333
2025-12-09,0.29601,0.42677,0.12793,0.33333
2025-12-10,0.30042,0.43101,0.1369,0.33333
2025-12-11,0.31143,0.45463,0.14632,0.33333
2025-12-12,0.31257,0.44603,0.15834,0.33333
2025-12-13,0.31391,0.43938,0.16901,0.33333
2025-12-14,0.28511,0.45507,0.17802,0.22222
2025-12-15,0.28701,0.45435,0.18446,0.22222
2025-12-16,0.29066,0.45595,0.19379,0.22222
2025-12-17,0.29411,0.461,0.19913,0.22222
2025-12-18,0.29596,0.45684,0.20881,0.22222
2025-12-19,0.29657,0.45737,0.21012,0.22222
2025-12-20,0.2516,0.43225,0.21143,0.11111
2025-12-21,0.26181,0.4595,0.21483,0.11111
2025-12-22,0.2768,0.49973,0.21957,0.11111
2025-12-23,0.28059,0.50348,0.22718,0.11111
2025-12-24,0.28597,0.50843,0.23836,0.11111
2025-12-25,0.30157,0.54351,0.25008,0.11111
2025-12-26,0.32445,0.58224,0.28,0.11111
2025-12-27,0.33656,0.58753,0.31103,0.11111
2025-12-28,0.34526,0.58521,0.33945,0.11111
2025-12-29,0.35214,0.58076,0.36455,0.11111
2025-12-30,0.3818,0.6493,0.38498,0.11111
