date,MFI,persistence_norm,vol_of_vol_norm,tail_freq_norm
2010-04-28,0.33333,0,0,1
2010-04-29,0.37579,0.12737,0,1
2010-04-30,0.36936,0.10807,0,1
2010-05-03,0.36727,0.095117,0.0066923,1
2010-05-04,0.38472,0.15416,0,1
2010-05-05,0.38559,0.15678,0,1
2010-05-06,0.39674,0.1803,0.0099117,1
2010-05-07,0.39945,0.18719,0.011166,1
2010-05-10,0.62824,0.53422,0.35051,1
2010-05-11,0.69001,0.53969,0.53035,1
2010-05-12,0.72012,0.5249,0.63547,1
2010-05-13,0.7438,0.53739,0.694,1
2010-05-14,0.75292,0.50153,0.75722,1
2010-05-17,0.75432,0.48927,0.77369,1
2010-05-18,0.61057,0.54889,0.78281,0.5
2010-05-19,0.7044,0.36068,0.75253,1
2010-05-20,0.68397,0.3296,0.72233,1
2010-05-21,0.68295,0.33765,0.71119,1
2010-05-24,0.68927,0.36823,0.69957,1
2010-05-25,0.65601,0.27299,0.69505,1
2010-05-26,0.71843,0.42576,0.72953,1
2010-05-27,0.7436,0.47294,0.75785,1
2010-05-28,0.73864,0.48507,0.73086,1
2010-05-31,0.72742,0.47909,0.70318,1
2010-06-01,0.69966,0.40809,0.69089,1
2010-06-02,0.67123,0.36988,0.64379,1
2010-06-03,0.64085,0.3473,0.57524,1
2010-06-04,0.60533,0.30069,0.51532,1
2010-06-07,0.55325,0.22663,0.43311,1
2010-06-08,0.52864,0.24099,0.34492,1
2010-06-09,0.4094,0.27105,0.29048,0.66667
2010-06-10,0.38068,0.23443,0.24096,0.66667
2010-06-11,0.35854,0.21806,0.1909,0.66667
2010-06-14,0.34458,0.21372,0.15335,0.66667
2010-06-15,0.3324,0.21033,0.12022,0.66667
2010-06-16,0.34383,0.23078,0.13404,0.66667
2010-06-17,0.38025,0.2622,0.21188,0.66667
2010-06-18,0.38674,0.24145,0.2521,0.66667
2010-06-21,0.28607,0.19021,0.33467,0.33333
2010-06-22,0.29579,0.17472,0.37932,0.33333
2010-06-23,0.31351,0.17113,0.43607,0.33333
2010-06-24,0.3626,0.26481,0.48967,0.33333
2010-06-25,0.37804,0.28504,0.51576,0.33333
2010-06-28,0.3743,0.25915,0.53042,0.33333
2010-06-29,0.41499,0.37806,0.53357,0.33333
2010-06-30,0.33395,0.45276,0.54909,0
2010-07-01,0.32938,0.42628,0.56185,0
2010-07-02,0.31487,0.37121,0.5734,0
2010-07-05,0.38729,0.57797,0.5839,0
2010-07-06,0.32102,0.3689,0.59417,0
2010-07-07,0.27746,0.25163,0.58074,0
2010-07-08,0.25027,0.21539,0.53541,0
2010-07-09,0.25617,0.23712,0.53138,0
2010-07-12,0.28674,0.31878,0.54144,0
2010-07-13,0.26993,0.31519,0.4946,0
2010-07-14,0.24745,0.34026,0.4021,0
2010-07-15,0.27993,0.44058,0.3992,0
2010-07-16,0.3351,0.55862,0.44667,0
2010-07-19,0.34386,0.5725,0.45907,0
2010-07-20,0.37344,0.6211,0.49922,0
2010-07-21,0.41097,0.71254,0.52038,0
2010-07-22,0.41693,0.70866,0.54213,0
2010-07-23,0.41683,0.68876,0.56173,0
2010-07-26,0.4318,0.73661,0.55879,0
2010-07-27,0.42348,0.72976,0.54068,0
2010-07-28,0.43773,0.74639,0.56681,0
2010-07-29,0.44418,0.76122,0.57133,0
2010-07-30,0.49187,0.89237,0.58323,0
2010-08-02,0.50587,0.93368,0.58392,0
2010-08-03,0.48338,0.86023,0.58992,0
2010-08-04,0.47244,0.81998,0.59734,0
2010-08-05,0.5002,0.89806,0.60255,0
2010-08-06,0.49673,0.88004,0.61016,0
2010-08-09,0.44375,0.72739,0.60387,0
2010-08-10,0.38925,0.60425,0.56352,0
2010-08-11,0.34955,0.49359,0.55506,0
2010-08-12,0.34824,0.51915,0.52556,0
2010-08-13,0.3118,0.45253,0.48288,0
2010-08-16,0.33076,0.56958,0.42269,0
2010-08-17,0.26509,0.46702,0.32825,0
2010-08-18,0.24442,0.2326,0.25066,0.25
2010-08-19,0.24518,0.2876,0.19793,0.25
2010-08-20,0.18825,0.19245,0.1223,0.25
2010-08-23,0.19511,0.22954,0.1058,0.25
2010-08-24,0.18735,0.19826,0.11381,0.25
2010-08-25,0.18834,0.1924,0.12261,0.25
2010-08-26,0.17339,0.13418,0.13599,0.25
2010-08-27,0.15091,0.052731,0.15001,0.25
2010-08-30,0.12617,0,0.12851,0.25
2010-08-31,0.12096,0.052908,0.059967,0.25
2010-09-01,0.091334,0.0089938,0.015007,0.25
2010-09-02,0.083333,0,0,0.25
2010-09-03,0.096335,0.039004,0,0.25
2010-09-06,0.18287,0,0.048598,0.5
2010-09-07,0.18115,0.029335,0.014109,0.5
2010-09-08,0.18194,0.045807,0,0.5
2010-09-09,0.18756,0.062686,0,0.5
2010-09-13,0.27946,0.088371,0,0.75
2010-09-14,0.30956,0.17091,0.0077567,0.75
2010-09-15,0.30668,0.16401,0.0060315,0.75
2010-09-16,0.30508,0.15597,0.0092607,0.75
2010-09-17,0.29729,0.12776,0.01411,0.75
2010-09-20,0.31816,0.19227,0.012209,0.75
2010-09-21,0.31588,0.18059,0.017043,0.75
2010-09-22,0.31729,0.19578,0.0060873,0.75
2010-09-23,0.31865,0.20595,0,0.75
2010-09-24,0.31399,0.19197,0,0.75
2010-09-27,0.30954,0.17863,0,0.75
2010-09-28,0.31919,0.20758,0,0.75
2010-09-29,0.33717,0.25238,0.0091425,0.75
2010-09-30,0.24791,0.21692,0.0268,0.5
2010-10-01,0.34574,0.25299,0.034212,0.75
2010-10-04,0.31335,0.16093,0.029124,0.75
2010-10-05,0.32084,0.19133,0.021177,0.75
2010-10-06,0.32267,0.1972,0.020812,0.75
2010-10-07,0.32987,0.19842,0.041188,0.75
2010-10-08,0.33595,0.20702,0.050829,0.75
2010-10-11,0.35408,0.25364,0.058603,0.75
2010-10-12,0.33648,0.21177,0.047666,0.75
2010-10-13,0.4462,0.26442,0.074187,1
2010-10-14,0.49031,0.33146,0.13947,1
2010-10-15,0.51729,0.31042,0.24145,1
2010-10-18,0.53778,0.31298,0.30036,1
2010-10-19,0.48268,0.34216,0.35589,0.75
2010-10-20,0.48379,0.31357,0.3878,0.75
2010-10-21,0.49992,0.28583,0.46394,0.75
2010-10-22,0.4968,0.28938,0.45103,0.75
2010-10-25,0.42464,0.31706,0.45687,0.5
2010-10-26,0.42776,0.33365,0.44962,0.5
2010-10-27,0.41981,0.3268,0.43262,0.5
2010-10-28,0.41343,0.31648,0.42379,0.5
2010-10-29,0.40914,0.31264,0.41479,0.5
2010-11-01,0.40752,0.31403,0.40852,0.5
2010-11-02,0.37673,0.22534,0.40485,0.5
2010-11-03,0.37201,0.22339,0.39264,0.5
2010-11-04,0.36975,0.22363,0.38563,0.5
2010-11-08,0.34952,0.16636,0.38219,0.5
2010-11-09,0.34311,0.15103,0.37829,0.5
2010-11-10,0.33785,0.14988,0.36367,0.5
2010-11-11,0.31444,0.1298,0.31352,0.5
2010-11-12,0.32716,0.2069,0.27459,0.5
2010-11-15,0.26213,0.26085,0.27553,0.25
2010-11-16,0.24167,0.21976,0.25524,0.25
2010-11-18,0.20388,0.12759,0.23404,0.25
2010-11-19,0.18263,0.086426,0.21145,0.25
2010-11-22,0.22845,0.18214,0.25322,0.25
2010-11-23,0.23509,0.17587,0.2794,0.25
2010-11-24,0.23264,0.16339,0.28454,0.25
2010-11-25,0.22103,0.18255,0.23054,0.25
2010-11-26,0.1359,0.1787,0.22901,0
2010-11-29,0.13762,0.17512,0.23773,0
2010-11-30,0.15122,0.21625,0.23741,0
2010-12-01,0.13606,0.1718,0.23637,0
2010-12-02,0.13069,0.15753,0.23455,0
2010-12-03,0.1432,0.19193,0.23768,0
2010-12-06,0.17675,0.29622,0.23403,0
2010-12-07,0.20684,0.35233,0.2682,0
2010-12-08,0.20024,0.31991,0.28082,0
2010-12-09,0.21327,0.36359,0.27622,0
2010-12-10,0.23572,0.43206,0.27509,0
2010-12-13,0.22218,0.39443,0.27211,0
2010-12-14,0.23273,0.42993,0.26825,0
2010-12-15,0.24904,0.49105,0.25607,0
2010-12-16,0.23363,0.4598,0.2411,0
2010-12-20,0.2409,0.50298,0.21972,0
2010-12-21,0.28209,0.59223,0.25404,0
2010-12-22,0.27992,0.55614,0.28362,0
2010-12-23,0.29624,0.5855,0.3032,0
2010-12-24,0.32563,0.6383,0.33858,0
2010-12-27,0.35141,0.64494,0.4093,0
2010-12-28,0.40411,0.71058,0.50174,0
2010-12-29,0.42716,0.71897,0.5625,0
2010-12-30,0.48919,0.84079,0.62677,0
2010-12-31,0.54858,0.94981,0.69592,0
2011-01-03,0.55128,0.88509,0.76874,0
2011-01-04,0.5578,0.86964,0.80376,0
2011-01-05,0.53759,0.81446,0.79832,0
2011-01-06,0.52554,0.78612,0.79051,0
2011-01-07,0.57274,0.6955,0.77272,0.25
2011-01-10,0.7167,0.8813,0.7688,0.5
2011-01-11,0.66648,0.75596,0.74348,0.5
2011-01-12,0.65515,0.70684,0.75862,0.5
2011-01-13,0.68806,0.77909,0.78508,0.5
2011-01-14,0.71444,0.82779,0.81553,0.5
2011-01-17,0.69444,0.73515,0.84816,0.5
2011-01-18,0.68344,0.67801,0.87232,0.5
2011-01-19,0.6826,0.68781,0.85998,0.5
2011-01-20,0.68036,0.68311,0.85797,0.5
2011-01-21,0.66362,0.63356,0.85731,0.5
2011-01-24,0.66392,0.62973,0.86203,0.5
2011-01-25,0.67047,0.63132,0.8801,0.5
2011-01-27,0.67338,0.6392,0.88095,0.5
2011-01-28,0.68524,0.67375,0.88198,0.5
2011-01-31,0.66814,0.62944,0.87499,0.5
2011-02-01,0.6525,0.58556,0.87193,0.5
2011-02-02,0.63647,0.54941,0.85999,0.5
2011-02-03,0.60506,0.47483,0.84035,0.5
2011-02-04,0.61867,0.53131,0.82471,0.5
2011-02-07,0.57001,0.40739,0.80263,0.5
2011-02-08,0.52584,0.32176,0.75575,0.5
2011-02-09,0.50433,0.32536,0.68764,0.5
2011-02-10,0.48599,0.32367,0.63429,0.5
2011-02-11,0.45821,0.29319,0.58143,0.5
2011-02-14,0.53959,0.33181,0.53696,0.75
2011-02-15,0.47435,0.22384,0.44921,0.75
2011-02-16,0.46136,0.27148,0.3626,0.75
2011-02-17,0.44258,0.27006,0.30768,0.75
2011-02-18,0.43984,0.31225,0.25727,0.75
2011-02-21,0.31195,0.18894,0.24692,0.5
2011-02-22,0.25183,0.26111,0.24438,0.25
2011-02-23,0.27325,0.31832,0.25144,0.25
2011-02-24,0.32116,0.20894,0.25455,0.5
2011-02-25,0.30602,0.15752,0.26053,0.5
2011-02-28,0.32023,0.20112,0.25955,0.5
2011-03-01,0.4097,0.16079,0.31831,0.75
2011-03-03,0.40143,0.093932,0.36037,0.75
2011-03-04,0.4241,0.12639,0.39591,0.75
2011-03-07,0.42156,0.081047,0.43362,0.75
2011-03-08,0.40916,0.058078,0.41941,0.75
2011-03-09,0.40244,0.066763,0.39057,0.75
2011-03-10,0.39422,0.099071,0.33359,0.75
2011-03-11,0.39958,0.095018,0.35371,0.75
2011-03-14,0.39903,0.10942,0.33768,0.75
2011-03-15,0.39842,0.13396,0.31129,0.75
2011-03-16,0.39514,0.14871,0.28672,0.75
2011-03-17,0.3956,0.16765,0.26915,0.75
2011-03-18,0.38016,0.12011,0.27036,0.75
2011-03-21,0.40109,0.17413,0.27915,0.75
2011-03-22,0.41477,0.21003,0.28428,0.75
2011-03-23,0.41701,0.20786,0.29316,0.75
2011-03-24,0.4223,0.20494,0.31195,0.75
2011-03-25,0.4213,0.20158,0.31232,0.75
2011-03-28,0.3977,0.11765,0.32544,0.75
2011-03-29,0.34555,0.16483,0.37181,0.5
2011-03-30,0.35576,0.11554,0.45174,0.5
2011-03-31,0.37987,0.11595,0.52365,0.5
2011-04-01,0.40247,0.13841,0.569,0.5
2011-04-04,0.41106,0.12269,0.61049,0.5
2011-04-05,0.43117,0.11011,0.6834,0.5
2011-04-06,0.46519,0.15893,0.73664,0.5
2011-04-07,0.50297,0.23424,0.77466,0.5
2011-04-08,0.43537,0.24524,0.81087,0.25
2011-04-11,0.44229,0.2402,0.83668,0.25
2011-04-13,0.4596,0.29277,0.83603,0.25
2011-04-15,0.43814,0.53774,0.77669,0
2011-04-18,0.40859,0.51928,0.7065,0
2011-04-19,0.37641,0.50121,0.62801,0
2011-04-20,0.31532,0.41283,0.53313,0
2011-04-21,0.30732,0.37897,0.54298,0
2011-04-25,0.31082,0.38803,0.54442,0
2011-04-26,0.32477,0.45481,0.51949,0
2011-04-27,0.32959,0.48494,0.50383,0
2011-04-28,0.32047,0.45018,0.51123,0
2011-04-29,0.31764,0.43706,0.51585,0
2011-05-02,0.33538,0.42943,0.57671,0
2011-05-03,0.41846,0.41094,0.59446,0.25
2011-05-04,0.41705,0.38859,0.61256,0.25
2011-05-05,0.41902,0.37161,0.63544,0.25
2011-05-06,0.42866,0.40395,0.63203,0.25
2011-05-09,0.41225,0.3526,0.63415,0.25
2011-05-10,0.43785,0.42367,0.63989,0.25
2011-05-11,0.45667,0.48282,0.63719,0.25
2011-05-12,0.44911,0.46105,0.63629,0.25
2011-05-13,0.44724,0.47118,0.62054,0.25
2011-05-16,0.43366,0.47085,0.58014,0.25
2011-05-17,0.42154,0.4677,0.54691,0.25
2011-05-18,0.42598,0.49373,0.5342,0.25
2011-05-19,0.44729,0.56913,0.52274,0.25
2011-05-20,0.4112,0.51614,0.46745,0.25
2011-05-23,0.38985,0.49195,0.42759,0.25
2011-05-24,0.35141,0.41124,0.393,0.25
2011-05-25,0.34487,0.41628,0.36834,0.25
2011-05-26,0.33421,0.40914,0.34349,0.25
2011-05-27,0.31151,0.34104,0.34349,0.25
2011-05-30,0.28654,0.26623,0.34338,0.25
2011-06-01,0.27442,0.22473,0.34853,0.25
2011-06-02,0.29023,0.27715,0.34355,0.25
2011-06-03,0.28611,0.30332,0.30502,0.25
2011-06-06,0.26939,0.29713,0.26103,0.25
2011-06-07,0.24615,0.26689,0.22156,0.25
2011-06-08,0.24148,0.25794,0.2165,0.25
2011-06-09,0.25124,0.2866,0.21712,0.25
2011-06-10,0.28261,0.30353,0.29431,0.25
2011-06-13,0.31621,0.32091,0.37772,0.25
2011-06-14,0.3313,0.34514,0.39877,0.25
2011-06-15,0.27099,0.37179,0.44119,0
2011-06-16,0.29339,0.39577,0.4844,0
2011-06-17,0.27519,0.30701,0.51855,0
2011-06-20,0.38296,0.37285,0.52604,0.25
2011-06-21,0.34111,0.2532,0.52015,0.25
2011-06-22,0.34267,0.26831,0.5097,0.25
2011-06-23,0.34338,0.29223,0.48793,0.25
2011-06-24,0.44769,0.29674,0.54632,0.5
2011-06-27,0.47904,0.3514,0.58571,0.5
2011-06-28,0.48599,0.34287,0.61511,0.5
2011-06-29,0.48678,0.34683,0.61352,0.5
2011-06-30,0.47743,0.31924,0.61304,0.5
2011-07-01,0.4809,0.33261,0.6101,0.5
2011-07-04,0.47672,0.31964,0.61052,0.5
2011-07-05,0.51302,0.39172,0.64734,0.5
2011-07-06,0.53732,0.42383,0.68814,0.5
2011-07-07,0.51756,0.35702,0.69565,0.5
2011-07-08,0.52702,0.38534,0.69571,0.5
2011-07-11,0.53509,0.41244,0.69284,0.5
2011-07-12,0.56696,0.50843,0.69245,0.5
2011-07-13,0.5736,0.54108,0.6797,0.5
2011-07-15,0.56804,0.51761,0.68652,0.5
2011-07-18,0.57703,0.54113,0.68996,0.5
2011-07-19,0.57093,0.52327,0.68953,0.5
2011-07-20,0.56901,0.51691,0.69012,0.5
2011-07-21,0.56402,0.50081,0.69126,0.5
2011-07-22,0.55163,0.46214,0.69276,0.5
2011-07-25,0.53086,0.44821,0.64438,0.5
2011-07-26,0.4973,0.4049,0.587,0.5
2011-07-27,0.46492,0.3726,0.52217,0.5
2011-07-28,0.44587,0.36599,0.47162,0.5
2011-07-29,0.42126,0.35545,0.40832,0.5
2011-08-01,0.41514,0.40506,0.34037,0.5
2011-08-02,0.34273,0.45866,0.31954,0.25
2011-08-03,0.33161,0.42035,0.32448,0.25
2011-08-04,0.33696,0.41549,0.34539,0.25
2011-08-05,0.37014,0.51364,0.34678,0.25
2011-08-08,0.31556,0.64307,0.30361,0
2011-08-09,0.30085,0.64202,0.26053,0
2011-08-10,0.29114,0.63963,0.2338,0
2011-08-11,0.27824,0.58682,0.24789,0
2011-08-12,0.27282,0.56119,0.25725,0
2011-08-16,0.26153,0.5175,0.2671,0
2011-08-17,0.25334,0.49248,0.26754,0
2011-08-18,0.1861,0.34356,0.21474,0
2011-08-19,0.23342,0.54393,0.15633,0
2011-08-22,0.22236,0.53379,0.13329,0
2011-08-23,0.22758,0.5381,0.14463,0
2011-08-24,0.23598,0.55592,0.15202,0
2011-08-25,0.24072,0.5566,0.16557,0
2011-08-26,0.24441,0.55579,0.17745,0
2011-08-29,0.39772,0.62692,0.31624,0.25
2011-08-30,0.42357,0.6302,0.39052,0.25
2011-09-02,0.42889,0.60162,0.43504,0.25
2011-09-05,0.43902,0.6048,0.46225,0.25
2011-09-06,0.45506,0.64951,0.46566,0.25
2011-09-07,0.45586,0.6661,0.45148,0.25
2011-09-08,0.45525,0.6917,0.42403,0.25
2011-09-09,0.45743,0.69745,0.42483,0.25
2011-09-12,0.46497,0.72467,0.42025,0.25
2011-09-13,0.4261,0.61305,0.41524,0.25
2011-09-14,0.40108,0.54475,0.40849,0.25
2011-09-15,0.39613,0.53478,0.40361,0.25
2011-09-16,0.38662,0.53023,0.37963,0.25
2011-09-19,0.3766,0.54794,0.33187,0.25
2011-09-20,0.34661,0.52862,0.2612,0.25
2011-09-21,0.30439,0.42249,0.24068,0.25
2011-09-22,0.33587,0.25204,0.25556,0.5
2011-09-23,0.33379,0.26234,0.23904,0.5
2011-09-26,0.34158,0.28259,0.24215,0.5
2011-09-27,0.34255,0.24242,0.28524,0.5
2011-09-28,0.33669,0.19577,0.3143,0.5
2011-09-29,0.32963,0.16616,0.32273,0.5
2011-09-30,0.3382,0.1956,0.31901,0.5
2011-10-03,0.32317,0.16858,0.30094,0.5
2011-10-04,0.32413,0.18191,0.29047,0.5
2011-10-05,0.3123,0.1708,0.26611,0.5
2011-10-07,0.29229,0.12268,0.2542,0.5
2011-10-10,0.29917,0.15481,0.24271,0.5
2011-10-11,0.2924,0.14773,0.22946,0.5
2011-10-12,0.24994,0.03257,0.21725,0.5
2011-10-13,0.15429,0,0.21286,0.25
2011-10-14,0.16527,0.020245,0.22555,0.25
2011-10-17,0.16727,0.012781,0.23903,0.25
2011-10-18,0.16554,0,0.24663,0.25
2011-10-19,0.17018,0.0066641,0.25388,0.25
2011-10-20,0.16916,0,0.25747,0.25
2011-10-21,0.17595,0.021494,0.25636,0.25
2011-10-24,0.1671,0.006074,0.24522,0.25
2011-10-25,0.17393,0.028263,0.24353,0.25
2011-10-28,0.18676,0.08206,0.22823,0.25
2011-10-31,0.17622,0.056076,0.22259,0.25
2011-11-01,0.17084,0.045064,0.21746,0.25
2011-11-02,0.16485,0.035343,0.2092,0.25
2011-11-03,0.19409,0.12816,0.20411,0.25
2011-11-04,0.22031,0.20676,0.20419,0.25
2011-11-08,0.26122,0.36013,0.17354,0.25
2011-11-09,0.2055,0.3494,0.26711,0
2011-11-11,0.23023,0.3463,0.3444,0
2011-11-14,0.27559,0.39226,0.43451,0
2011-11-15,0.29806,0.42627,0.46792,0
2011-11-16,0.30876,0.42539,0.50088,0
2011-11-17,0.31445,0.40594,0.5374,0
2011-11-18,0.31813,0.3724,0.582,0
2011-11-21,0.31206,0.31604,0.62013,0
2011-11-22,0.3106,0.30544,0.62635,0
2011-11-23,0.32108,0.33514,0.62808,0
2011-11-25,0.27734,0.20973,0.6223,0
2011-11-28,0.34941,0.17037,0.62787,0.25
2011-11-29,0.36831,0.22207,0.63286,0.25
2011-11-30,0.38146,0.26436,0.63002,0.25
2011-12-01,0.37319,0.23713,0.63244,0.25
2011-12-02,0.3966,0.29007,0.64972,0.25
2011-12-05,0.38664,0.26099,0.64894,0.25
2011-12-07,0.39338,0.28127,0.64887,0.25
2011-12-08,0.38615,0.25653,0.6519,0.25
2011-12-09,0.39519,0.27783,0.65775,0.25
2011-12-12,0.40277,0.28979,0.66851,0.25
2011-12-13,0.39943,0.28054,0.66775,0.25
2011-12-14,0.38095,0.21938,0.67348,0.25
2011-12-15,0.39604,0.26525,0.67286,0.25
2011-12-16,0.39077,0.24078,0.68154,0.25
2011-12-19,0.3926,0.23319,0.69462,0.25
2011-12-20,0.37044,0.15241,0.70892,0.25
2011-12-21,0.45418,0.14615,0.7164,0.5
2011-12-22,0.42785,0.059572,0.72396,0.5
2011-12-23,0.43478,0.074153,0.7302,0.5
2011-12-27,0.43055,0.10581,0.68583,0.5
2011-12-28,0.41174,0.097848,0.63737,0.5
2011-12-29,0.39165,0.10325,0.57171,0.5
2011-12-30,0.37821,0.11444,0.5202,0.5
2012-01-03,0.34795,0.085904,0.45795,0.5
2012-01-04,0.31455,0.054653,0.38901,0.5
2012-01-05,0.3136,0.15502,0.28577,0.5
2012-01-06,0.3247,0.25101,0.2231,0.5
2012-01-09,0.34132,0.3215,0.20246,0.5
2012-01-10,0.33697,0.32766,0.18324,0.5
2012-01-11,0.34706,0.36446,0.17671,0.5
2012-01-12,0.28553,0.39694,0.20964,0.25
2012-01-13,0.29888,0.40216,0.24446,0.25
2012-01-16,0.32247,0.44615,0.27126,0.25
2012-01-17,0.29588,0.35118,0.28645,0.25
2012-01-18,0.3006,0.36446,0.28734,0.25
2012-01-19,0.30403,0.33274,0.32936,0.25
2012-01-20,0.32729,0.3626,0.36928,0.25
2012-01-23,0.33617,0.34305,0.41545,0.25
2012-01-24,0.32191,0.27688,0.43884,0.25
2012-01-25,0.32121,0.27339,0.44024,0.25
2012-01-27,0.33445,0.27288,0.48046,0.25
2012-01-30,0.33325,0.27004,0.4797,0.25
2012-01-31,0.37012,0.38085,0.47952,0.25
2012-02-01,0.36609,0.37271,0.47557,0.25
2012-02-02,0.36503,0.38236,0.46272,0.25
2012-02-03,0.33472,0.30595,0.4482,0.25
2012-02-06,0.23952,0.28935,0.42921,0
2012-02-07,0.23365,0.29408,0.40687,0
2012-02-08,0.23861,0.29743,0.41839,0
2012-02-09,0.25583,0.29953,0.46795,0
2012-02-10,0.26611,0.29963,0.4987,0
2012-02-13,0.28036,0.32436,0.51672,0
2012-02-14,0.31257,0.38329,0.55442,0
2012-02-15,0.40789,0.42369,0.54996,0.25
2012-02-16,0.37519,0.32839,0.54718,0.25
2012-02-17,0.35659,0.27862,0.54115,0.25
2012-02-21,0.33902,0.23286,0.5342,0.25
2012-02-22,0.35349,0.28661,0.52385,0.25
2012-02-23,0.3584,0.31613,0.50907,0.25
2012-02-24,0.35025,0.29435,0.50641,0.25
2012-02-27,0.44585,0.32483,0.51273,0.5
2012-02-28,0.49382,0.431,0.55046,0.5
2012-02-29,0.50352,0.43966,0.5709,0.5
2012-03-01,0.52632,0.4957,0.58325,0.5
2012-03-02,0.53572,0.51737,0.58981,0.5
2012-03-05,0.52941,0.50137,0.58686,0.5
2012-03-06,0.52062,0.48136,0.58049,0.5
2012-03-07,0.52384,0.51778,0.55375,0.5
2012-03-09,0.49528,0.4519,0.53395,0.5
2012-03-12,0.47242,0.40806,0.50919,0.5
2012-03-13,0.45534,0.40433,0.4617,0.5
2012-03-14,0.40795,0.2622,0.46166,0.5
2012-03-15,0.40642,0.26179,0.45747,0.5
2012-03-16,0.40759,0.26969,0.4531,0.5
2012-03-19,0.40957,0.27553,0.45317,0.5
2012-03-20,0.40795,0.27036,0.4535,0.5
2012-03-21,0.39336,0.2283,0.45178,0.5
2012-03-22,0.42378,0.3152,0.45615,0.5
2012-03-23,0.41476,0.3069,0.43738,0.5
2012-03-26,0.38594,0.29422,0.36361,0.5
2012-03-27,0.35925,0.25734,0.32042,0.5
2012-03-28,0.32278,0.20271,0.26562,0.5
2012-03-29,0.31277,0.25812,0.1802,0.5
2012-03-30,0.22594,0.26117,0.16665,0.25
2012-04-02,0.18375,0.1814,0.11986,0.25
2012-04-03,0.17098,0.19455,0.0684,0.25
2012-04-04,0.16682,0.2241,0.026355,0.25
2012-04-09,0.16962,0.23897,0.019873,0.25
2012-04-10,0.15626,0.19869,0.020085,0.25
2012-04-11,0.17807,0.25937,0.024851,0.25
2012-04-12,0.07057,0.14048,0.071232,0
2012-04-13,0.089572,0.17811,0.090602,0
2012-04-16,0.087685,0.14387,0.11918,0
2012-04-17,0.084266,0.12263,0.13017,0
2012-04-18,0.10459,0.13834,0.17543,0
2012-04-19,0.12768,0.17213,0.21092,0
2012-04-20,0.13731,0.17932,0.23261,0
2012-04-23,0.16017,0.24663,0.23387,0
2012-04-24,0.16905,0.25737,0.24979,0
2012-04-25,0.19146,0.30899,0.26539,0
2012-04-26,0.22187,0.36276,0.30286,0
2012-04-27,0.26083,0.44278,0.3397,0
2012-04-30,0.25827,0.41461,0.3602,0
2012-05-02,0.2603,0.39793,0.38296,0
2012-05-03,0.27818,0.40514,0.42939,0
2012-05-04,0.29634,0.44983,0.43919,0
2012-05-07,0.24518,0.29012,0.44541,0
2012-05-08,0.30337,0.22473,0.43538,0.25
2012-05-09,0.28468,0.18435,0.41971,0.25
2012-05-10,0.27549,0.17439,0.40208,0.25
2012-05-11,0.2653,0.1783,0.3676,0.25
2012-05-14,0.25337,0.18462,0.3255,0.25
2012-05-15,0.25201,0.23119,0.27485,0.25
2012-05-16,0.22793,0.26607,0.16772,0.25
2012-05-17,0.20959,0.22153,0.15723,0.25
2012-05-18,0.20945,0.24449,0.13387,0.25
2012-05-22,0.21346,0.25176,0.13863,0.25
2012-05-23,0.22274,0.30142,0.11681,0.25
2012-05-24,0.20137,0.25271,0.10139,0.25
2012-05-25,0.1759,0.19713,0.080569,0.25
2012-05-28,0.16151,0.15284,0.081704,0.25
2012-05-29,0.15845,0.14245,0.082908,0.25
2012-05-30,0.16393,0.15877,0.083026,0.25
2012-05-31,0.16767,0.17659,0.076438,0.25
2012-06-01,0.16564,0.15587,0.091065,0.25
2012-06-04,0.15116,0.11758,0.085905,0.25
2012-06-05,0.15764,0.13811,0.084801,0.25
2012-06-06,0.25467,0.12833,0.13566,0.5
2012-06-07,0.29537,0.19426,0.19185,0.5
2012-06-08,0.29691,0.167,0.22372,0.5
2012-06-11,0.29291,0.14686,0.23186,0.5
2012-06-12,0.2863,0.14437,0.21452,0.5
2012-06-13,0.28251,0.13876,0.20877,0.5
2012-06-14,0.27769,0.12322,0.20986,0.5
2012-06-15,0.26668,0.13549,0.16456,0.5
2012-06-18,0.28604,0.19643,0.16171,0.5
2012-06-19,0.29176,0.21194,0.16333,0.5
2012-06-20,0.21459,0.2352,0.15857,0.25
2012-06-21,0.20575,0.21357,0.15367,0.25
2012-06-22,0.20298,0.20509,0.15386,0.25
2012-06-25,0.20419,0.21177,0.1508,0.25
2012-06-26,0.2138,0.22456,0.16684,0.25
2012-06-27,0.24676,0.25381,0.23647,0.25
2012-06-28,0.29233,0.31316,0.31384,0.25
2012-06-29,0.34046,0.22789,0.2935,0.5
2012-07-02,0.31034,0.1516,0.27941,0.5
2012-07-03,0.32007,0.19229,0.26791,0.5
2012-07-04,0.33066,0.23034,0.26164,0.5
2012-07-05,0.35248,0.28436,0.27308,0.5
2012-07-06,0.36809,0.32442,0.27985,0.5
2012-07-09,0.37346,0.34806,0.27232,0.5
2012-07-10,0.38637,0.3518,0.3073,0.5
2012-07-11,0.39446,0.3519,0.33149,0.5
2012-07-12,0.40013,0.36462,0.33577,0.5
2012-07-13,0.40656,0.38043,0.33924,0.5
2012-07-16,0.40432,0.36675,0.34622,0.5
2012-07-17,0.43317,0.44584,0.35366,0.5
2012-07-18,0.32221,0.37868,0.33796,0.25
2012-07-19,0.32492,0.39371,0.33104,0.25
2012-07-20,0.31882,0.37979,0.32666,0.25
2012-07-23,0.32105,0.4091,0.30405,0.25
2012-07-24,0.31784,0.39122,0.31229,0.25
2012-07-25,0.33876,0.44563,0.32065,0.25
2012-07-26,0.29764,0.35339,0.28954,0.25
2012-07-27,0.2761,0.28909,0.2892,0.25
2012-07-30,0.3889,0.35444,0.31226,0.5
2012-07-31,0.39266,0.34992,0.32807,0.5
2012-08-01,0.39168,0.36276,0.31226,0.5
2012-08-02,0.39731,0.38868,0.30324,0.5
2012-08-03,0.39881,0.40584,0.29058,0.5
2012-08-06,0.3891,0.37897,0.28834,0.5
2012-08-07,0.39064,0.38261,0.2893,0.5
2012-08-08,0.37509,0.34629,0.27898,0.5
2012-08-09,0.40665,0.4744,0.24557,0.5
2012-08-10,0.392,0.66175,0.26426,0.25
2012-08-13,0.39031,0.63549,0.28545,0.25
2012-08-14,0.39381,0.61625,0.31517,0.25
2012-08-16,0.40648,0.6092,0.36023,0.25
2012-08-17,0.43729,0.62194,0.43994,0.25
2012-08-21,0.44224,0.59879,0.47794,0.25
2012-08-22,0.44066,0.56262,0.50936,0.25
2012-08-23,0.45806,0.58642,0.53776,0.25
2012-08-24,0.46306,0.57835,0.56083,0.25
2012-08-27,0.48774,0.6315,0.58173,0.25
2012-08-29,0.49124,0.63776,0.58596,0.25
2012-08-30,0.48855,0.62787,0.58779,0.25
2012-08-31,0.4867,0.60977,0.60032,0.25
2012-09-03,0.47643,0.56838,0.6109,0.25
2012-09-04,0.48177,0.58492,0.61039,0.25
2012-09-05,0.47484,0.56701,0.60752,0.25
2012-09-06,0.49486,0.62603,0.60854,0.25
2012-09-07,0.54913,0.52747,0.61991,0.5
2012-09-10,0.54412,0.5036,0.62875,0.5
2012-09-11,0.52954,0.45998,0.62864,0.5
2012-09-12,0.48774,0.34347,0.61976,0.5
2012-09-13,0.36821,0.30812,0.54651,0.25
2012-09-14,0.3949,0.217,0.4677,0.5
2012-09-17,0.39854,0.246,0.44964,0.5
2012-09-18,0.38437,0.23113,0.42199,0.5
2012-09-20,0.39022,0.24527,0.42539,0.5
2012-09-21,0.51758,0.28058,0.52217,0.75
2012-09-24,0.54942,0.27938,0.61889,0.75
2012-09-25,0.56636,0.27189,0.67718,0.75
2012-09-26,0.56689,0.27626,0.67441,0.75
2012-09-27,0.56845,0.28558,0.66977,0.75
2012-09-28,0.56283,0.27638,0.66212,0.75
2012-10-01,0.55153,0.26605,0.63854,0.75
2012-10-03,0.55432,0.26262,0.65033,0.75
2012-10-04,0.54591,0.26713,0.62059,0.75
2012-10-05,0.54404,0.28131,0.6008,0.75
2012-10-08,0.51901,0.24868,0.55835,0.75
2012-10-09,0.49574,0.22515,0.51207,0.75
2012-10-10,0.48267,0.22082,0.47719,0.75
2012-10-11,0.4726,0.22622,0.44159,0.75
2012-10-12,0.46858,0.22955,0.42619,0.75
2012-10-15,0.4717,0.24533,0.41976,0.75
2012-10-16,0.46955,0.26381,0.39483,0.75
2012-10-17,0.45856,0.24384,0.38184,0.75
2012-10-18,0.45179,0.23767,0.36769,0.75
2012-10-19,0.45168,0.24157,0.36347,0.75
2012-10-22,0.4692,0.28479,0.37282,0.75
2012-10-23,0.40292,0.31328,0.39546,0.5
2012-10-25,0.4118,0.3193,0.41611,0.5
2012-10-29,0.41874,0.32092,0.43529,0.5
2012-10-30,0.42157,0.32642,0.4383,0.5
2012-10-31,0.46172,0.42975,0.4554,0.5
2012-11-01,0.39014,0.45121,0.46922,0.25
2012-11-02,0.38797,0.438,0.4759,0.25
2012-11-05,0.38694,0.42687,0.48396,0.25
2012-11-06,0.36948,0.37463,0.48381,0.25
2012-11-07,0.29915,0.44954,0.44792,0
2012-11-08,0.2801,0.41379,0.42651,0
2012-11-09,0.21509,0.31602,0.32925,0
2012-11-12,0.17104,0.2055,0.30763,0
2012-11-15,0.15717,0.19205,0.27947,0
2012-11-16,0.1658,0.27735,0.22004,0
2012-11-19,0.11712,0.16335,0.188,0
2012-11-20,0.17093,0.33119,0.18159,0
2012-11-21,0.14731,0.28973,0.1522,0
2012-11-22,0.12989,0.23856,0.15111,0
2012-11-23,0.15022,0.30155,0.1491,0
2012-11-26,0.17638,0.36868,0.16046,0
2012-11-27,0.2104,0.22483,0.15637,0.25
2012-11-29,0.38432,0.5309,0.12207,0.5
2012-11-30,0.3899,0.59587,0.073816,0.5
2012-12-03,0.37937,0.57347,0.064643,0.5
2012-12-04,0.38478,0.6001,0.054244,0.5
2012-12-05,0.40255,0.65039,0.057251,0.5
2012-12-06,0.3988,0.64979,0.046612,0.5
2012-12-07,0.39807,0.6502,0.04401,0.5
2012-12-10,0.41638,0.65976,0.089372,0.5
2012-12-11,0.45482,0.68204,0.18242,0.5
2012-12-12,0.4897,0.70898,0.26013,0.5
2012-12-13,0.49864,0.68799,0.30792,0.5
2012-12-14,0.51175,0.71083,0.32441,0.5
2012-12-17,0.52744,0.71026,0.37205,0.5
2012-12-18,0.5338,0.71313,0.38827,0.5
2012-12-19,0.54688,0.75442,0.38623,0.5
2012-12-20,0.54244,0.74304,0.38428,0.5
2012-12-21,0.52608,0.70053,0.37773,0.5
2012-12-24,0.50791,0.64837,0.37535,0.5
2012-12-26,0.49647,0.63473,0.3547,0.5
2012-12-27,0.51439,0.67965,0.36352,0.5
2012-12-28,0.53218,0.72527,0.37128,0.5
2012-12-31,0.51739,0.67825,0.37393,0.5
2013-01-02,0.59841,0.63147,0.41375,0.75
2013-01-03,0.56757,0.53896,0.41376,0.75
2013-01-04,0.57581,0.58084,0.39659,0.75
2013-01-07,0.58163,0.59659,0.39829,0.75
2013-01-08,0.57532,0.57714,0.39882,0.75
2013-01-09,0.56578,0.54858,0.39876,0.75
2013-01-10,0.59458,0.64253,0.39121,0.75
2013-01-11,0.43849,0.36708,0.44839,0.5
2013-01-14,0.35894,0.1313,0.44551,0.5
2013-01-15,0.38366,0.20638,0.44459,0.5
2013-01-16,0.38123,0.20645,0.43724,0.5
2013-01-17,0.38222,0.21308,0.43357,0.5
2013-01-18,0.37982,0.2099,0.42955,0.5
2013-01-21,0.38118,0.2158,0.42774,0.5
2013-01-22,0.3745,0.1934,0.4301,0.5
2013-01-23,0.34785,0.13331,0.41023,0.5
2013-01-24,0.31362,0.090027,0.35083,0.5
2013-01-25,0.29989,0.10999,0.28969,0.5
2013-01-28,0.27445,0.072464,0.2509,0.5
2013-01-29,0.27443,0.097829,0.22547,0.5
2013-01-30,0.26519,0.12058,0.17498,0.5
2013-01-31,0.26805,0.13935,0.16481,0.5
2013-02-01,0.26601,0.13833,0.1597,0.5
2013-02-04,0.27509,0.16255,0.16272,0.5
2013-02-05,0.32511,0.20791,0.26741,0.5
2013-02-06,0.36487,0.23933,0.35527,0.5
2013-02-07,0.38916,0.23461,0.43289,0.5
2013-02-08,0.41021,0.21856,0.51206,0.5
2013-02-11,0.43347,0.22513,0.57527,0.5
2013-02-12,0.4782,0.32755,0.60703,0.5
2013-02-13,0.39861,0.36471,0.58112,0.25
2013-02-14,0.39059,0.32607,0.59571,0.25
2013-02-15,0.38985,0.31044,0.60911,0.25
2013-02-18,0.401,0.34183,0.61118,0.25
2013-02-19,0.39701,0.32306,0.61797,0.25
2013-02-20,0.38759,0.29499,0.61778,0.25
2013-02-21,0.43172,0.16534,0.62981,0.5
2013-02-22,0.40442,0.098443,0.61482,0.5
2013-02-25,0.32176,0.089641,0.62564,0.25
2013-02-26,0.40232,0.018589,0.68837,0.5
2013-02-27,0.4547,0.1117,0.75239,0.5
2013-02-28,0.59713,0.2191,0.82229,0.75
2013-03-01,0.63558,0.25331,0.90341,0.75
2013-03-04,0.6498,0.25549,0.94391,0.75
2013-03-05,0.75222,0.25666,1,1
2013-03-06,0.761,0.28299,1,1
2013-03-07,0.76033,0.281,1,1
2013-03-08,0.78241,0.34722,1,1
2013-03-11,0.75659,0.28156,0.98822,1
2013-03-12,0.75093,0.2781,0.9747,1
2013-03-13,0.7405,0.25792,0.96357,1
2013-03-14,0.74398,0.2883,0.94364,1
2013-03-15,0.73909,0.28862,0.92864,1
2013-03-18,0.72933,0.28045,0.90754,1
2013-03-19,0.70682,0.2785,0.84196,1
2013-03-20,0.68599,0.28137,0.7766,1
2013-03-21,0.66093,0.27451,0.70828,1
2013-03-22,0.63375,0.2712,0.63007,1
2013-03-25,0.62189,0.27817,0.58748,1
2013-03-26,0.6133,0.28849,0.55142,1
2013-03-28,0.59439,0.28102,0.50216,1
2013-04-01,0.58102,0.2718,0.47126,1
2013-04-02,0.55661,0.22586,0.44398,1
2013-04-03,0.54157,0.22894,0.39578,1
2013-04-04,0.55322,0.31062,0.34905,1
2013-04-05,0.54232,0.3313,0.29566,1
2013-04-08,0.49019,0.43111,0.28946,0.75
2013-04-09,0.4603,0.35124,0.27965,0.75
2013-04-10,0.48593,0.43564,0.27215,0.75
2013-04-11,0.40755,0.44754,0.27512,0.5
2013-04-12,0.41413,0.46552,0.27688,0.5
2013-04-15,0.34831,0.51901,0.27593,0.25
2013-04-16,0.42287,0.48255,0.28605,0.5
2013-04-17,0.38891,0.36881,0.29793,0.5
2013-04-18,0.27927,0.30078,0.28705,0.25
2013-04-22,0.27787,0.31389,0.26972,0.25
2013-04-23,0.27876,0.31237,0.27392,0.25
2013-04-25,0.27652,0.31514,0.26442,0.25
2013-04-26,0.26025,0.27584,0.25491,0.25
2013-04-29,0.26367,0.28791,0.25309,0.25
2013-04-30,0.26681,0.29448,0.25595,0.25
2013-05-02,0.26651,0.28405,0.26549,0.25
2013-05-03,0.26743,0.28651,0.26579,0.25
2013-05-06,0.2698,0.29324,0.26615,0.25
2013-05-07,0.25775,0.25926,0.26399,0.25
2013-05-08,0.25535,0.24495,0.27109,0.25
2013-05-09,0.25834,0.25232,0.27269,0.25
2013-05-10,0.24344,0.20755,0.27279,0.25
2013-05-13,0.21116,0.16091,0.22258,0.25
2013-05-14,0.17379,0.086981,0.18438,0.25
2013-05-15,0.24615,0.022519,0.21592,0.5
2013-05-16,0.23425,0,0.20275,0.5
2013-05-17,0.23871,0.044688,0.17143,0.5
2013-05-20,0.23046,0.019129,0.17226,0.5
2013-05-21,0.24633,0.045227,0.19377,0.5
2013-05-22,0.23663,0.016576,0.19331,0.5
2013-05-23,0.23919,0,0.21756,0.5
2013-05-24,0.23982,0,0.21947,0.5
2013-05-27,0.2403,0,0.22089,0.5
2013-05-28,0.24081,0,0.22242,0.5
2013-05-29,0.25343,0.037294,0.22299,0.5
2013-05-30,0.25848,0.060489,0.21496,0.5
2013-05-31,0.27503,0.088163,0.23694,0.5
2013-06-03,0.29429,0.14375,0.23911,0.5
2013-06-04,0.29274,0.13677,0.24143,0.5
2013-06-05,0.30546,0.17,0.24639,0.5
2013-06-06,0.33372,0.2461,0.25505,0.5
2013-06-07,0.33394,0.25315,0.24868,0.5
2013-06-10,0.34114,0.26136,0.26205,0.5
2013-06-11,0.34202,0.22668,0.29939,0.5
2013-06-12,0.35314,0.22456,0.33486,0.5
2013-06-13,0.35545,0.21427,0.35209,0.5
2013-06-14,0.36547,0.25141,0.34501,0.5
2013-06-17,0.36643,0.26134,0.33794,0.5
2013-06-18,0.36603,0.2702,0.32787,0.5
2013-06-19,0.35586,0.2664,0.30119,0.5
2013-06-20,0.42204,0.2143,0.30182,0.75
2013-06-21,0.40987,0.18025,0.29936,0.75
2013-06-24,0.4186,0.1882,0.3176,0.75
2013-06-25,0.42272,0.20495,0.3132,0.75
2013-06-26,0.34869,0.2362,0.30988,0.5
2013-06-27,0.34112,0.20579,0.31756,0.5
2013-06-28,0.47907,0.31309,0.37412,0.75
2013-07-01,0.48522,0.33051,0.37515,0.75
2013-07-02,0.48373,0.32211,0.37908,0.75
2013-07-03,0.49248,0.346,0.38143,0.75
2013-07-04,0.50775,0.38774,0.38552,0.75
2013-07-05,0.5092,0.40666,0.37095,0.75
2013-07-08,0.51527,0.42205,0.37377,0.75
2013-07-09,0.50894,0.39933,0.3775,0.75
2013-07-10,0.50079,0.36845,0.38392,0.75
2013-07-11,0.51058,0.40025,0.38148,0.75
2013-07-12,0.438,0.4309,0.38311,0.5
2013-07-15,0.43413,0.41402,0.38836,0.5
2013-07-16,0.41806,0.36601,0.38816,0.5
2013-07-17,0.38975,0.29128,0.37797,0.5
2013-07-18,0.37511,0.26345,0.3619,0.5
2013-07-19,0.36121,0.23592,0.34771,0.5
2013-07-22,0.39177,0.32926,0.34604,0.5
2013-07-23,0.39359,0.36218,0.31858,0.5
2013-07-24,0.37421,0.35803,0.26462,0.5
2013-07-25,0.35866,0.36356,0.21242,0.5
2013-07-26,0.36099,0.36129,0.2217,0.5
2013-07-29,0.3695,0.35788,0.25062,0.5
2013-07-30,0.3689,0.33314,0.27355,0.5
2013-07-31,0.40557,0.41748,0.29924,0.5
2013-08-01,0.39299,0.57677,0.35219,0.25
2013-08-02,0.423,0.6102,0.40879,0.25
2013-08-05,0.44672,0.63645,0.45373,0.25
2013-08-06,0.48565,0.49394,0.46301,0.5
2013-08-07,0.47702,0.45948,0.47159,0.5
2013-08-08,0.43468,0.34133,0.4627,0.5
2013-08-12,0.31158,0.29737,0.38738,0.25
2013-08-13,0.31296,0.3008,0.38807,0.25
2013-08-14,0.31111,0.30352,0.3798,0.25
2013-08-16,0.4395,0.32073,0.49777,0.5
2013-08-19,0.51912,0.49147,0.5659,0.5
2013-08-20,0.53033,0.46523,0.62576,0.5
2013-08-21,0.53701,0.43649,0.67455,0.5
2013-08-22,0.569,0.47026,0.73675,0.5
2013-08-23,0.58701,0.48856,0.77246,0.5
2013-08-26,0.59225,0.47469,0.80205,0.5
2013-08-27,0.6496,0.39283,0.80598,0.75
2013-08-28,0.62432,0.32099,0.80196,0.75
2013-08-29,0.61878,0.28888,0.81746,0.75
2013-08-30,0.61886,0.29083,0.81576,0.75
2013-09-02,0.61522,0.28555,0.8101,0.75
2013-09-03,0.70294,0.28292,0.82591,1
2013-09-04,0.7185,0.32796,0.82754,1
2013-09-05,0.71598,0.35531,0.79263,1
2013-09-06,0.71113,0.36358,0.7698,1
2013-09-10,0.7108,0.37914,0.75327,1
2013-09-11,0.67844,0.3032,0.73213,1
2013-09-12,0.67179,0.31665,0.69871,1
2013-09-13,0.66086,0.32835,0.65422,1
2013-09-16,0.6478,0.33906,0.60435,1
2013-09-17,0.6313,0.36424,0.52968,1
2013-09-18,0.6029,0.36485,0.44385,1
2013-09-19,0.57469,0.36962,0.35444,1
2013-09-20,0.48509,0.4064,0.29888,0.75
2013-09-23,0.45818,0.38821,0.23634,0.75
2013-09-24,0.43205,0.36161,0.18455,0.75
2013-09-25,0.43228,0.40653,0.1403,0.75
2013-09-26,0.43547,0.4439,0.11253,0.75
2013-09-27,0.44511,0.50491,0.080424,0.75
2013-09-30,0.3824,0.48143,0.16577,0.5
2013-10-01,0.40323,0.48542,0.22428,0.5
2013-10-03,0.41399,0.48527,0.25671,0.5
2013-10-04,0.41359,0.45405,0.28671,0.5
2013-10-07,0.43694,0.49839,0.31243,0.5
2013-10-08,0.45265,0.52155,0.33642,0.5
2013-10-09,0.48281,0.58873,0.35971,0.5
2013-10-10,0.4439,0.66327,0.41842,0.25
2013-10-11,0.4738,0.70101,0.4704,0.25
2013-10-14,0.50017,0.70331,0.5472,0.25
2013-10-15,0.52749,0.71873,0.61375,0.25
2013-10-17,0.54852,0.73087,0.66468,0.25
2013-10-18,0.44262,0.65923,0.66864,0
2013-10-21,0.41311,0.58351,0.65581,0
2013-10-22,0.41228,0.57737,0.65947,0
2013-10-23,0.40091,0.54192,0.66081,0
2013-10-24,0.42194,0.62952,0.63629,0
2013-10-25,0.41376,0.64739,0.59388,0
2013-10-28,0.38895,0.66009,0.50675,0
2013-10-29,0.38436,0.63212,0.52097,0
2013-10-30,0.37308,0.59156,0.52769,0
2013-10-31,0.37675,0.5931,0.53715,0
2013-11-01,0.39162,0.62552,0.54934,0
2013-11-05,0.34271,0.47283,0.55529,0
2013-11-06,0.30488,0.37221,0.54242,0
2013-11-07,0.31309,0.43394,0.50533,0
2013-11-08,0.29829,0.41107,0.48381,0
2013-11-11,0.27841,0.392,0.44322,0
2013-11-12,0.27234,0.40243,0.41459,0
2013-11-13,0.25915,0.38489,0.39254,0
2013-11-14,0.25657,0.36604,0.40366,0
2013-11-18,0.35798,0.40954,0.4144,0.25
2013-11-19,0.36634,0.43704,0.41197,0.25
2013-11-20,0.34355,0.36361,0.41704,0.25
2013-11-21,0.36808,0.4072,0.44704,0.25
2013-11-22,0.35734,0.35458,0.46743,0.25
2013-11-25,0.36011,0.31752,0.51281,0.25
2013-11-26,0.3835,0.35025,0.55027,0.25
2013-11-27,0.38751,0.36279,0.54973,0.25
2013-11-28,0.37655,0.36056,0.51909,0.25
2013-11-29,0.36432,0.34724,0.49573,0.25
2013-12-02,0.35802,0.34315,0.48091,0.25
2013-12-03,0.38059,0.40866,0.48312,0.25
2013-12-04,0.37338,0.37506,0.49509,0.25
2013-12-05,0.36492,0.33449,0.51028,0.25
2013-12-06,0.35372,0.28469,0.52645,0.25
2013-12-09,0.33261,0.21501,0.53282,0.25
2013-12-10,0.32377,0.1834,0.53792,0.25
2013-12-11,0.33242,0.20579,0.54147,0.25
2013-12-12,0.33365,0.21575,0.53522,0.25
2013-12-13,0.33288,0.21967,0.52897,0.25
2013-12-16,0.32403,0.19474,0.52735,0.25
2013-12-17,0.33735,0.23729,0.52476,0.25
2013-12-18,0.33485,0.21948,0.53508,0.25
2013-12-19,0.33347,0.20577,0.54465,0.25
2013-12-20,0.33144,0.20203,0.5423,0.25
2013-12-23,0.30935,0.16437,0.51367,0.25
2013-12-24,0.31751,0.21563,0.4869,0.25
2013-12-26,0.31184,0.26381,0.42171,0.25
2013-12-27,0.28474,0.29181,0.3124,0.25
2013-12-30,0.26871,0.25426,0.30187,0.25
2013-12-31,0.21989,0.33028,0.32939,0
2014-01-02,0.2316,0.32832,0.36649,0
2014-01-03,0.20272,0.20972,0.39843,0
2014-01-06,0.23762,0.30462,0.40823,0
2014-01-07,0.27203,0.3979,0.41819,0
2014-01-08,0.24999,0.35075,0.39922,0
2014-01-09,0.25406,0.40835,0.35383,0
2014-01-10,0.27028,0.44791,0.36293,0
2014-01-13,0.23578,0.37969,0.32766,0
2014-01-14,0.20922,0.36178,0.26587,0
2014-01-15,0.20595,0.35613,0.26172,0
2014-01-16,0.19087,0.31633,0.25627,0
2014-01-17,0.18405,0.29431,0.25784,0
2014-01-20,0.19168,0.31694,0.25811,0
2014-01-21,0.20118,0.34704,0.2565,0
2014-01-22,0.20818,0.3633,0.26123,0
2014-01-23,0.21498,0.37483,0.27011,0
2014-01-24,0.20736,0.3482,0.27387,0
2014-01-27,0.32514,0.45431,0.27112,0.25
2014-01-28,0.30478,0.40848,0.25587,0.25
2014-01-29,0.30729,0.41895,0.25293,0.25
2014-01-30,0.3112,0.43321,0.25038,0.25
2014-01-31,0.30313,0.40884,0.25054,0.25
2014-02-03,0.2817,0.34431,0.25078,0.25
2014-02-04,0.2681,0.33793,0.21638,0.25
2014-02-05,0.26456,0.33753,0.20616,0.25
2014-02-06,0.26243,0.3309,0.2064,0.25
2014-02-07,0.2627,0.3346,0.2035,0.25
2014-02-10,0.26556,0.34048,0.20619,0.25
2014-02-11,0.27106,0.35155,0.21163,0.25
2014-02-12,0.31876,0.38559,0.32067,0.25
2014-02-13,0.32351,0.4023,0.31825,0.25
2014-02-14,0.32561,0.41655,0.31029,0.25
2014-02-18,0.3283,0.43321,0.3017,0.25
2014-02-19,0.31884,0.41617,0.29034,0.25
2014-02-20,0.30314,0.38546,0.27396,0.25
2014-02-21,0.29297,0.36601,0.26288,0.25
2014-02-24,0.30405,0.41901,0.24316,0.25
2014-02-25,0.30956,0.43854,0.24016,0.25
2014-02-26,0.31248,0.44742,0.24003,0.25
2014-02-28,0.33172,0.49429,0.25087,0.25
2014-03-03,0.33919,0.51706,0.25051,0.25
2014-03-04,0.34639,0.53595,0.25323,0.25
2014-03-05,0.34513,0.52646,0.25893,0.25
2014-03-06,0.33611,0.50019,0.25815,0.25
2014-03-07,0.43659,0.5521,0.25768,0.5
2014-03-10,0.42021,0.50696,0.25369,0.5
2014-03-11,0.39631,0.43063,0.25829,0.5
2014-03-12,0.34651,0.54475,0.24478,0.25
2014-03-13,0.33751,0.52972,0.23281,0.25
2014-03-14,0.346,0.55851,0.22951,0.25
2014-03-18,0.35672,0.5927,0.22746,0.25
2014-03-19,0.41578,0.6728,0.32454,0.25
2014-03-20,0.46502,0.75773,0.38732,0.25
2014-03-21,0.4778,0.73714,0.44627,0.25
2014-03-24,0.4525,0.66095,0.44656,0.25
2014-03-25,0.42866,0.58345,0.45252,0.25
2014-03-26,0.43804,0.60348,0.46065,0.25
2014-03-27,0.42974,0.57516,0.46406,0.25
2014-03-28,0.42357,0.55597,0.46474,0.25
2014-03-31,0.40856,0.57762,0.39805,0.25
2014-04-01,0.41792,0.58481,0.41894,0.25
2014-04-02,0.43718,0.57266,0.48887,0.25
2014-04-03,0.46075,0.59762,0.53463,0.25
2014-04-04,0.46837,0.60545,0.54966,0.25
2014-04-07,0.45562,0.56096,0.5559,0.25
2014-04-09,0.50216,0.47938,0.5271,0.5
2014-04-10,0.46502,0.40451,0.49055,0.5
2014-04-11,0.47233,0.4277,0.48931,0.5
2014-04-15,0.47065,0.42294,0.48901,0.5
2014-04-16,0.47207,0.42399,0.49221,0.5
2014-04-17,0.56808,0.43913,0.5151,0.75
2014-04-21,0.57935,0.44935,0.5387,0.75
2014-04-22,0.58022,0.45104,0.53962,0.75
2014-04-23,0.53226,0.30444,0.54234,0.75
2014-04-25,0.4624,0.34355,0.54366,0.5
2014-04-28,0.45636,0.3296,0.53949,0.5
2014-04-29,0.44572,0.31641,0.52074,0.5
2014-04-30,0.44255,0.29795,0.52971,0.5
2014-05-02,0.45341,0.31106,0.54917,0.5
2014-05-05,0.46509,0.33246,0.5628,0.5
2014-05-06,0.47228,0.33152,0.58532,0.5
2014-05-07,0.45682,0.32314,0.54731,0.5
2014-05-08,0.44324,0.30459,0.52514,0.5
2014-05-09,0.53502,0.27789,0.57717,0.75
2014-05-12,0.80504,0.72185,0.69327,1
2014-05-13,0.84403,0.76617,0.76593,1
2014-05-14,0.84753,0.72574,0.81686,1
2014-05-15,0.86446,0.74055,0.85282,1
2014-05-16,0.86091,0.73192,0.8508,1
2014-05-19,0.84946,0.72495,0.82344,1
2014-05-20,0.83514,0.71254,0.79287,1
2014-05-21,0.81855,0.7177,0.73795,1
2014-05-22,0.81272,0.72427,0.71389,1
2014-05-23,0.80488,0.70979,0.70485,1
2014-05-26,0.80547,0.73,0.68641,1
2014-05-27,0.73981,0.78007,0.68937,0.75
2014-05-28,0.7395,0.76927,0.69922,0.75
2014-05-29,0.72814,0.74095,0.69347,0.75
2014-05-30,0.71662,0.70949,0.69038,0.75
2014-06-02,0.69467,0.64473,0.68927,0.75
2014-06-03,0.61394,0.65241,0.6894,0.5
2014-06-04,0.6122,0.64711,0.6895,0.5
2014-06-05,0.60408,0.62536,0.68688,0.5
2014-06-06,0.60889,0.6402,0.68646,0.5
2014-06-09,0.61528,0.6524,0.69345,0.5
2014-06-10,0.61359,0.63987,0.7009,0.5
2014-06-11,0.62029,0.65145,0.70943,0.5
2014-06-12,0.61118,0.64282,0.69071,0.5
2014-06-13,0.57952,0.59491,0.64364,0.5
2014-06-16,0.54625,0.5421,0.59666,0.5
2014-06-17,0.52258,0.52513,0.54262,0.5
2014-06-18,0.50973,0.53845,0.49072,0.5
2014-06-19,0.53309,0.65823,0.44103,0.5
2014-06-20,0.35075,0.37142,0.43081,0.25
2014-06-23,0.20863,0.23024,0.39565,0
2014-06-24,0.20256,0.25323,0.35445,0
2014-06-25,0.16023,0.18135,0.29935,0
2014-06-26,0.13847,0.18414,0.23127,0
2014-06-27,0.12283,0.1537,0.21478,0
2014-06-30,0.11127,0.13662,0.19719,0
2014-07-01,0.0957,0.090108,0.19699,0
2014-07-02,0.079001,0.055641,0.18136,0
2014-07-03,0.062253,0.050085,0.13667,0
2014-07-04,0.066812,0.093065,0.10737,0
2014-07-07,0.069244,0.084267,0.12347,0
2014-07-08,0.15756,0.082994,0.1397,0.25
2014-07-09,0.16237,0.11612,0.12097,0.25
2014-07-10,0.17798,0.15663,0.12732,0.25
2014-07-11,0.18457,0.17859,0.12512,0.25
2014-07-14,0.16195,0.11782,0.11803,0.25
2014-07-15,0.16028,0.10489,0.12594,0.25
2014-07-16,0.18203,0.13899,0.1571,0.25
2014-07-17,0.16318,0.084656,0.15487,0.25
2014-07-18,0.15644,0.07451,0.1448,0.25
2014-07-21,0.16399,0.1056,0.13636,0.25
2014-07-22,0.16113,0.062107,0.17127,0.25
2014-07-23,0.16736,0.034937,0.21715,0.25
2014-07-24,0.19224,0.062537,0.26419,0.25
2014-07-25,0.21857,0.096506,0.30919,0.25
2014-07-28,0.23669,0.12675,0.33332,0.25
2014-07-30,0.23019,0.086348,0.35423,0.25
2014-07-31,0.2351,0.096249,0.35905,0.25
2014-08-01,0.24596,0.12772,0.36016,0.25
2014-08-04,0.25899,0.16582,0.36116,0.25
2014-08-05,0.26851,0.19104,0.36448,0.25
2014-08-06,0.27958,0.21882,0.36991,0.25
2014-08-07,0.28262,0.22381,0.37404,0.25
2014-08-08,0.28141,0.22353,0.3707,0.25
2014-08-11,0.2913,0.25974,0.36415,0.25
2014-08-12,0.30397,0.29658,0.36532,0.25
2014-08-13,0.29802,0.28045,0.36362,0.25
2014-08-14,0.31073,0.31917,0.36302,0.25
2014-08-18,0.30037,0.28873,0.36237,0.25
2014-08-19,0.29073,0.2588,0.36338,0.25
2014-08-20,0.31229,0.32617,0.36071,0.25
2014-08-21,0.25481,0.39125,0.37319,0
2014-08-22,0.27669,0.4137,0.41638,0
2014-08-25,0.32463,0.52374,0.45015,0
2014-08-26,0.38996,0.68062,0.48925,0
2014-08-27,0.43795,0.74679,0.56705,0
2014-08-28,0.45249,0.72516,0.63231,0
2014-09-01,0.46997,0.7658,0.6441,0
2014-09-02,0.47762,0.75048,0.6824,0
2014-09-03,0.48241,0.72752,0.71971,0
2014-09-04,0.51284,0.78935,0.74917,0
2014-09-05,0.53877,0.85056,0.76574,0
2014-09-08,0.51318,0.77966,0.75988,0
2014-09-09,0.49243,0.73335,0.74393,0
2014-09-10,0.4826,0.72023,0.72759,0
2014-09-11,0.47618,0.70138,0.72717,0
2014-09-12,0.48657,0.73033,0.72938,0
2014-09-15,0.46662,0.66694,0.73291,0
2014-09-16,0.44504,0.60215,0.73297,0
2014-09-17,0.43061,0.56532,0.72651,0
2014-09-18,0.50593,0.53389,0.73389,0.25
2014-09-19,0.47681,0.45078,0.72965,0.25
2014-09-22,0.49001,0.49323,0.72682,0.25
2014-09-23,0.56446,0.43538,0.75798,0.5
2014-09-24,0.54291,0.35626,0.77247,0.5
2014-09-25,0.5513,0.36612,0.78779,0.5
2014-09-26,0.5673,0.39089,0.81103,0.5
2014-09-29,0.55917,0.36997,0.80754,0.5
2014-09-30,0.57448,0.41635,0.8071,0.5
2014-10-01,0.57829,0.4278,0.80708,0.5
2014-10-07,0.56327,0.39207,0.79775,0.5
2014-10-08,0.54421,0.34356,0.78906,0.5
2014-10-09,0.51351,0.28093,0.75962,0.5
2014-10-10,0.52359,0.33456,0.7362,0.5
2014-10-13,0.49976,0.29073,0.70855,0.5
2014-10-14,0.47775,0.29443,0.63881,0.5
2014-10-16,0.44946,0.27694,0.57144,0.5
2014-10-17,0.42631,0.26093,0.51801,0.5
2014-10-20,0.40985,0.2502,0.47934,0.5
2014-10-21,0.38518,0.23371,0.42184,0.5
2014-10-22,0.35243,0.19351,0.36379,0.5
2014-10-27,0.3371,0.20678,0.30451,0.5
2014-10-28,0.33549,0.24526,0.26121,0.5
2014-10-29,0.34517,0.24299,0.29252,0.5
2014-10-30,0.35865,0.24512,0.33082,0.5
2014-10-31,0.36194,0.25651,0.32932,0.5
2014-11-03,0.33588,0.19176,0.31588,0.5
2014-11-05,0.34951,0.23816,0.31038,0.5
2014-11-07,0.37069,0.29048,0.32158,0.5
2014-11-10,0.38676,0.34323,0.31704,0.5
2014-11-11,0.33313,0.425,0.32438,0.25
2014-11-12,0.33612,0.42238,0.33597,0.25
2014-11-13,0.38915,0.46914,0.44832,0.25
2014-11-14,0.34858,0.52357,0.52218,0
2014-11-17,0.37835,0.55493,0.58012,0
2014-11-18,0.39476,0.54966,0.63463,0
2014-11-19,0.40578,0.56034,0.65701,0
2014-11-20,0.4116,0.53617,0.69862,0
2014-11-21,0.40704,0.50169,0.71944,0
2014-11-24,0.42445,0.53069,0.74267,0
2014-11-25,0.43922,0.57145,0.74622,0
2014-11-26,0.45908,0.62578,0.75145,0
2014-11-27,0.43497,0.54722,0.75769,0
2014-11-28,0.4335,0.54464,0.75586,0
2014-12-01,0.42217,0.51917,0.74733,0
2014-12-02,0.4371,0.57299,0.7383,0
2014-12-03,0.43779,0.60512,0.70825,0
2014-12-04,0.44085,0.6363,0.68627,0
2014-12-05,0.41094,0.62381,0.60901,0
2014-12-08,0.38003,0.58429,0.55579,0
2014-12-09,0.40924,0.70552,0.52219,0
2014-12-10,0.37808,0.65503,0.47921,0
2014-12-11,0.35867,0.64099,0.43502,0
2014-12-12,0.35169,0.6338,0.42127,0
2014-12-15,0.29646,0.48067,0.40872,0
2014-12-16,0.38511,0.49008,0.41524,0.25
2014-12-17,0.37611,0.45996,0.41836,0.25
2014-12-18,0.4827,0.4304,0.5177,0.5
2014-12-19,0.51885,0.43815,0.61841,0.5
2014-12-22,0.55148,0.43373,0.72069,0.5
2014-12-23,0.57087,0.41927,0.79334,0.5
2014-12-24,0.5911,0.40528,0.86801,0.5
2014-12-26,0.55682,0.36684,0.80362,0.5
2014-12-29,0.53454,0.36497,0.73865,0.5
2014-12-30,0.51078,0.35926,0.67309,0.5
2014-12-31,0.49226,0.37088,0.6059,0.5
2015-01-02,0.46679,0.34094,0.55942,0.5
2015-01-05,0.44146,0.31259,0.51179,0.5
2015-01-06,0.51504,0.24391,0.5512,0.75
2015-01-07,0.51571,0.23075,0.56636,0.75
2015-01-08,0.52514,0.21032,0.61511,0.75
2015-01-09,0.52294,0.17245,0.64636,0.75
2015-01-12,0.53355,0.18754,0.66311,0.75
2015-01-13,0.54004,0.21045,0.65968,0.75
2015-01-14,0.54197,0.21917,0.65674,0.75
2015-01-15,0.59876,0.16461,0.63166,1
2015-01-16,0.56849,0.10463,0.60084,1
2015-01-19,0.55248,0.10211,0.55532,1
2015-01-20,0.53592,0.097249,0.51051,1
2015-01-21,0.52158,0.076431,0.48832,1
2015-01-22,0.51718,0.10152,0.45003,1
2015-01-23,0.50594,0.095041,0.42277,1
2015-01-27,0.51318,0.094832,0.44469,1
2015-01-28,0.51697,0.094535,0.45637,1
2015-01-29,0.53754,0.15588,0.45674,1
2015-01-30,0.44895,0.15438,0.44248,0.75
2015-02-02,0.43924,0.14125,0.42649,0.75
2015-02-03,0.36328,0.15343,0.43642,0.5
2015-02-04,0.37159,0.16137,0.45339,0.5
2015-02-05,0.38811,0.18094,0.4834,0.5
2015-02-06,0.40109,0.18958,0.5137,0.5
2015-02-09,0.41109,0.19649,0.53677,0.5
2015-02-10,0.41594,0.18209,0.56572,0.5
2015-02-11,0.41595,0.16889,0.57895,0.5
2015-02-12,0.4068,0.14456,0.57586,0.5
2015-02-13,0.40787,0.1573,0.5663,0.5
2015-02-16,0.40801,0.16442,0.55962,0.5
2015-02-18,0.41581,0.19754,0.54988,0.5
2015-02-19,0.35642,0.21627,0.60298,0.25
2015-02-20,0.36711,0.23948,0.61184,0.25
2015-02-23,0.35473,0.23503,0.57915,0.25
2015-02-24,0.33675,0.22472,0.53554,0.25
2015-02-25,0.33286,0.25971,0.48888,0.25
2015-02-26,0.30415,0.22897,0.43347,0.25
2015-02-27,0.30465,0.31721,0.34674,0.25
2015-03-02,0.27925,0.49387,0.34388,0
2015-03-03,0.26758,0.46058,0.34216,0
2015-03-04,0.27847,0.48862,0.34678,0
2015-03-05,0.28621,0.5169,0.34172,0
2015-03-09,0.35513,0.41769,0.39771,0.25
2015-03-10,0.36451,0.40138,0.44216,0.25
2015-03-11,0.37033,0.4121,0.44889,0.25
2015-03-12,0.35959,0.41186,0.41691,0.25
2015-03-13,0.3486,0.40672,0.38908,0.25
2015-03-16,0.33299,0.39011,0.35886,0.25
2015-03-17,0.34765,0.42509,0.36787,0.25
2015-03-18,0.33763,0.3954,0.36748,0.25
2015-03-19,0.33544,0.38889,0.36742,0.25
2015-03-20,0.32437,0.36017,0.36294,0.25
2015-03-23,0.31599,0.34708,0.35089,0.25
2015-03-24,0.33624,0.40189,0.35682,0.25
2015-03-25,0.36019,0.46671,0.36385,0.25
2015-03-26,0.41022,0.38089,0.34976,0.5
2015-03-27,0.38091,0.29529,0.34743,0.5
2015-03-30,0.36434,0.23275,0.36027,0.5
2015-03-31,0.35751,0.20216,0.37038,0.5
2015-04-01,0.35576,0.1791,0.38817,0.5
2015-04-06,0.36226,0.18075,0.40603,0.5
2015-04-07,0.34116,0.1769,0.34658,0.5
2015-04-08,0.34221,0.18996,0.33667,0.5
2015-04-09,0.34904,0.19351,0.35361,0.5
2015-04-10,0.34757,0.15232,0.39039,0.5
2015-04-13,0.36284,0.17238,0.41613,0.5
2015-04-16,0.34408,0.13258,0.39965,0.5
2015-04-17,0.33219,0.094549,0.40203,0.5
2015-04-20,0.35727,0.16925,0.40257,0.5
2015-04-21,0.36548,0.19395,0.40248,0.5
2015-04-22,0.36479,0.19195,0.40244,0.5
2015-04-23,0.38054,0.23906,0.40257,0.5
2015-04-24,0.28958,0.23449,0.38425,0.25
2015-04-27,0.28376,0.23326,0.36803,0.25
2015-04-28,0.28533,0.2395,0.36649,0.25
2015-04-29,0.28173,0.22407,0.37113,0.25
2015-04-30,0.29402,0.25628,0.37579,0.25
2015-05-04,0.30222,0.27609,0.38058,0.25
2015-05-05,0.28674,0.23176,0.37847,0.25
2015-05-06,0.36222,0.16001,0.42664,0.5
2015-05-07,0.3731,0.16065,0.45866,0.5
2015-05-08,0.38177,0.14187,0.50345,0.5
2015-05-11,0.39722,0.14524,0.54641,0.5
2015-05-12,0.42492,0.17904,0.59571,0.5
2015-05-13,0.46128,0.27399,0.60985,0.5
2015-05-14,0.40091,0.32466,0.62808,0.25
2015-05-15,0.42222,0.40629,0.61037,0.25
2015-05-18,0.43628,0.44559,0.61326,0.25
2015-05-19,0.43171,0.43189,0.61324,0.25
2015-05-20,0.43809,0.4511,0.61317,0.25
2015-05-21,0.45428,0.46184,0.651,0.25
2015-05-22,0.47457,0.47261,0.70111,0.25
2015-05-25,0.46981,0.46414,0.69529,0.25
2015-05-26,0.45832,0.44452,0.68044,0.25
2015-05-27,0.45878,0.45933,0.66701,0.25
2015-05-28,0.47115,0.51843,0.645,0.25
2015-05-29,0.46203,0.48623,0.64986,0.25
2015-06-01,0.45123,0.44241,0.66127,0.25
2015-06-02,0.4254,0.36576,0.66045,0.25
2015-06-03,0.43623,0.4025,0.6562,0.25
2015-06-04,0.42629,0.37826,0.65061,0.25
2015-06-05,0.43846,0.4219,0.64347,0.25
2015-06-08,0.43138,0.41998,0.62416,0.25
2015-06-09,0.42922,0.42056,0.61709,0.25
2015-06-10,0.42326,0.40864,0.61115,0.25
2015-06-11,0.42561,0.43121,0.59563,0.25
2015-06-12,0.41148,0.40388,0.58056,0.25
2015-06-15,0.43054,0.45767,0.58394,0.25
2015-06-16,0.46391,0.55582,0.58591,0.25
2015-06-17,0.39934,0.60903,0.589,0
2015-06-18,0.40542,0.62597,0.59029,0
2015-06-19,0.38789,0.57649,0.58718,0
2015-06-22,0.36133,0.45932,0.62466,0
2015-06-23,0.31781,0.33368,0.61975,0
2015-06-24,0.32154,0.37584,0.58878,0
2015-06-25,0.30176,0.37388,0.5314,0
2015-06-26,0.30523,0.396,0.51969,0
2015-06-29,0.304,0.42486,0.48714,0
2015-06-30,0.29363,0.42469,0.45621,0
2015-07-01,0.29067,0.42336,0.44865,0
2015-07-02,0.28086,0.38913,0.45344,0
2015-07-03,0.2849,0.41025,0.44445,0
2015-07-06,0.29498,0.42493,0.46003,0
2015-07-07,0.29884,0.41874,0.47777,0
2015-07-08,0.26434,0.33916,0.45385,0
2015-07-09,0.25831,0.34578,0.42913,0
2015-07-10,0.27339,0.39304,0.42713,0
2015-07-13,0.30342,0.48884,0.42141,0
2015-07-14,0.24229,0.31644,0.41044,0
2015-07-15,0.24698,0.34441,0.39652,0
2015-07-16,0.23167,0.31181,0.38321,0
2015-07-17,0.22787,0.3003,0.38332,0
2015-07-20,0.25041,0.36511,0.38613,0
2015-07-21,0.25547,0.37706,0.38935,0
2015-07-22,0.20534,0.24729,0.36875,0
2015-07-23,0.217,0.2941,0.3569,0
2015-07-24,0.20679,0.27321,0.34716,0
2015-07-27,0.30571,0.32711,0.34002,0.25
2015-07-28,0.28522,0.27853,0.32713,0.25
2015-07-29,0.28996,0.29515,0.32472,0.25
2015-07-30,0.28921,0.2975,0.32013,0.25
2015-07-31,0.28907,0.28756,0.32964,0.25
2015-08-03,0.27723,0.27295,0.30873,0.25
2015-08-04,0.2685,0.28272,0.27279,0.25
2015-08-05,0.26497,0.27294,0.27198,0.25
2015-08-06,0.26518,0.26211,0.28344,0.25
2015-08-07,0.2781,0.29038,0.29393,0.25
2015-08-10,0.28499,0.30021,0.30475,0.25
2015-08-11,0.2961,0.29623,0.34208,0.25
2015-08-12,0.30984,0.34162,0.33788,0.25
2015-08-13,0.28728,0.27986,0.33198,0.25
2015-08-14,0.34629,0.2122,0.32665,0.5
2015-08-17,0.33646,0.19168,0.3177,0.5
2015-08-18,0.35333,0.25561,0.30437,0.5
2015-08-19,0.36863,0.29439,0.31151,0.5
2015-08-20,0.3649,0.26509,0.32961,0.5
2015-08-21,0.3803,0.30603,0.33486,0.5
2015-08-24,0.66026,0.48702,0.74376,0.75
2015-08-25,0.72014,0.4958,0.91463,0.75
2015-08-26,0.74875,0.49624,1,0.75
2015-08-27,0.7521,0.5063,1,0.75
2015-08-28,0.74213,0.4764,1,0.75
2015-08-31,0.74287,0.4786,1,0.75
2015-09-01,0.73621,0.45862,1,0.75
2015-09-02,0.7255,0.45855,0.96793,0.75
2015-09-03,0.71438,0.45475,0.93838,0.75
2015-09-04,0.70991,0.47022,0.90951,0.75
2015-09-07,0.62873,0.49367,0.8925,0.5
2015-09-08,0.61844,0.48461,0.87073,0.5
2015-09-09,0.61163,0.48397,0.85091,0.5
2015-09-10,0.60314,0.47611,0.8333,0.5
2015-09-11,0.60631,0.50156,0.81737,0.5
2015-09-14,0.59474,0.48258,0.80163,0.5
2015-09-15,0.5886,0.47206,0.79375,0.5
2015-09-16,0.5767,0.46302,0.76707,0.5
2015-09-18,0.56066,0.44171,0.74028,0.5
2015-09-21,0.55274,0.42839,0.72984,0.5
2015-09-22,0.53065,0.39479,0.69714,0.5
2015-09-23,0.50977,0.38019,0.64911,0.5
2015-09-24,0.50729,0.40232,0.61955,0.5
2015-09-28,0.50593,0.42881,0.58898,0.5
2015-09-29,0.42731,0.44519,0.58675,0.25
2015-09-30,0.41816,0.42296,0.58153,0.25
2015-10-01,0.40646,0.39314,0.57623,0.25
2015-10-05,0.40117,0.37299,0.58051,0.25
2015-10-06,0.39969,0.35876,0.59033,0.25
2015-10-07,0.40532,0.36934,0.59662,0.25
2015-10-08,0.31431,0.33946,0.60348,0
2015-10-09,0.3207,0.34847,0.61363,0
2015-10-12,0.31851,0.33885,0.61668,0
2015-10-13,0.32161,0.37854,0.58629,0
2015-10-14,0.32451,0.40614,0.56738,0
2015-10-15,0.32384,0.45958,0.51195,0
2015-10-16,0.27864,0.45192,0.38399,0
2015-10-19,0.29013,0.45469,0.41569,0
2015-10-20,0.28264,0.40488,0.44302,0
2015-10-21,0.27383,0.3616,0.45989,0
2015-10-23,0.26814,0.30795,0.49645,0
2015-10-26,0.22432,0.16559,0.50737,0
2015-10-27,0.22101,0.18395,0.47909,0
2015-10-28,0.20871,0.15382,0.4723,0
2015-10-29,0.21351,0.17727,0.46327,0
2015-10-30,0.20733,0.17773,0.44427,0
2015-11-02,0.21656,0.18758,0.4621,0
2015-11-03,0.23844,0.20288,0.51244,0
2015-11-04,0.27099,0.25241,0.56056,0
2015-11-05,0.29866,0.30673,0.58925,0
2015-11-06,0.28796,0.26131,0.60258,0
2015-11-09,0.29266,0.26544,0.61253,0
2015-11-10,0.38069,0.29143,0.60065,0.25
2015-11-13,0.36271,0.25907,0.57905,0.25
2015-11-16,0.34901,0.24226,0.55477,0.25
2015-11-17,0.35272,0.29166,0.51651,0.25
2015-11-18,0.37048,0.38704,0.47439,0.25
2015-11-19,0.52843,0.58733,0.49796,0.5
2015-11-20,0.50753,0.50291,0.51969,0.5
2015-11-23,0.51594,0.53914,0.50867,0.5
2015-11-24,0.5229,0.56257,0.50613,0.5
2015-11-26,0.5186,0.5517,0.5041,0.5
2015-11-27,0.52092,0.56175,0.501,0.5
2015-11-30,0.50431,0.52466,0.48827,0.5
2015-12-01,0.52339,0.56493,0.50524,0.5
2015-12-02,0.52769,0.56197,0.5211,0.5
2015-12-03,0.52462,0.54964,0.52421,0.5
2015-12-04,0.53333,0.57836,0.52164,0.5
2015-12-07,0.51165,0.51656,0.51838,0.5
2015-12-08,0.50563,0.49795,0.51892,0.5
2015-12-09,0.51355,0.52645,0.51422,0.5
2015-12-10,0.5195,0.55335,0.50515,0.5
2015-12-11,0.52336,0.57891,0.49118,0.5
2015-12-14,0.51685,0.57004,0.4805,0.5
2015-12-15,0.51202,0.56996,0.4661,0.5
2015-12-16,0.50769,0.56894,0.45412,0.5
2015-12-17,0.49181,0.5348,0.44064,0.5
2015-12-18,0.47793,0.53473,0.39906,0.5
2015-12-21,0.47799,0.57942,0.35456,0.5
2015-12-22,0.48283,0.62764,0.32085,0.5
2015-12-23,0.46297,0.6002,0.2887,0.5
2015-12-24,0.45306,0.61037,0.24882,0.5
2015-12-28,0.39366,0.6874,0.24359,0.25
2015-12-29,0.38016,0.65505,0.23544,0.25
2015-12-30,0.38803,0.6752,0.23889,0.25
2015-12-31,0.40853,0.72797,0.24762,0.25
2016-01-04,0.45132,0.59679,0.25717,0.5
2016-01-05,0.33514,0.51602,0.2394,0.25
2016-01-06,0.31576,0.47681,0.22046,0.25
2016-01-07,0.38295,0.41067,0.23817,0.5
2016-01-08,0.37285,0.35785,0.26071,0.5
2016-01-11,0.38282,0.36859,0.27985,0.5
2016-01-12,0.38366,0.36752,0.28346,0.5
2016-01-13,0.36294,0.31594,0.27288,0.5
2016-01-14,0.33492,0.28205,0.2227,0.5
2016-01-15,0.31257,0.2583,0.17942,0.5
2016-01-18,0.31655,0.29124,0.15842,0.5
2016-01-19,0.32641,0.3293,0.14994,0.5
2016-01-20,0.33704,0.37398,0.13713,0.5
2016-01-21,0.31027,0.33773,0.093095,0.5
2016-01-22,0.29736,0.29465,0.097431,0.5
2016-01-25,0.2863,0.23305,0.12585,0.5
2016-01-27,0.31155,0.3025,0.13215,0.5
2016-01-28,0.32954,0.35542,0.13321,0.5
2016-01-29,0.31644,0.30366,0.14567,0.5
2016-02-01,0.30047,0.25825,0.14316,0.5
2016-02-02,0.29045,0.22506,0.14629,0.5
2016-02-03,0.29662,0.24653,0.14332,0.5
2016-02-04,0.294,0.24152,0.14049,0.5
2016-02-05,0.29162,0.2392,0.13564,0.5
2016-02-08,0.30104,0.26212,0.14099,0.5
2016-02-09,0.30149,0.26991,0.13456,0.5
2016-02-10,0.29832,0.26628,0.12867,0.5
2016-02-11,0.39909,0.30711,0.14017,0.75
2016-02-12,0.3617,0.2023,0.13281,0.75
2016-02-15,0.36407,0.16083,0.18138,0.75
2016-02-16,0.32948,0.26267,0.22578,0.5
2016-02-17,0.32884,0.22376,0.26277,0.5
2016-02-18,0.3469,0.24425,0.29645,0.5
2016-02-19,0.28209,0.27333,0.32293,0.25
2016-02-22,0.28596,0.28888,0.319,0.25
2016-02-23,0.27352,0.25429,0.31627,0.25
2016-02-24,0.27039,0.25607,0.30511,0.25
2016-02-25,0.25942,0.23091,0.29736,0.25
2016-02-26,0.2608,0.24357,0.28882,0.25
2016-02-29,0.26486,0.25079,0.29378,0.25
2016-03-01,0.33226,0.22856,0.26822,0.5
2016-03-02,0.36883,0.34316,0.26334,0.5
2016-03-03,0.37533,0.37057,0.25542,0.5
2016-03-04,0.37571,0.38461,0.24251,0.5
2016-03-08,0.40394,0.46916,0.24267,0.5
2016-03-09,0.39712,0.4485,0.24286,0.5
2016-03-10,0.38384,0.41063,0.2409,0.5
2016-03-11,0.40716,0.46171,0.25977,0.5
2016-03-14,0.44402,0.52213,0.30993,0.5
2016-03-15,0.46131,0.53552,0.34841,0.5
2016-03-16,0.47498,0.53514,0.38981,0.5
2016-03-17,0.49529,0.56164,0.42422,0.5
2016-03-18,0.50134,0.55656,0.44746,0.5
2016-03-21,0.50937,0.55714,0.47099,0.5
2016-03-22,0.51348,0.54417,0.49627,0.5
2016-03-23,0.53038,0.57928,0.51185,0.5
2016-03-28,0.52634,0.55749,0.52152,0.5
2016-03-29,0.48539,0.66802,0.53816,0.25
2016-03-30,0.50735,0.72819,0.54387,0.25
2016-03-31,0.46647,0.61761,0.5318,0.25
2016-04-01,0.47275,0.64115,0.52709,0.25
2016-04-04,0.46828,0.64684,0.50801,0.25
2016-04-05,0.45107,0.6383,0.46492,0.25
2016-04-06,0.41092,0.56645,0.41631,0.25
2016-04-07,0.41972,0.59344,0.41573,0.25
2016-04-08,0.40979,0.56755,0.41183,0.25
2016-04-11,0.40053,0.54008,0.41153,0.25
2016-04-12,0.39579,0.52618,0.41119,0.25
2016-04-13,0.3905,0.50792,0.41358,0.25
2016-04-18,0.40397,0.54764,0.41428,0.25
2016-04-20,0.22435,0.28533,0.3877,0
2016-04-21,0.18654,0.22448,0.33513,0
2016-04-22,0.19344,0.28657,0.29376,0
2016-04-25,0.1758,0.25449,0.27291,0
2016-04-26,0.16669,0.24549,0.25457,0
2016-04-27,0.15706,0.22387,0.24732,0
2016-04-28,0.13655,0.19383,0.21582,0
2016-04-29,0.11948,0.14283,0.21559,0
2016-05-02,0.11969,0.16403,0.19503,0
2016-05-03,0.11158,0.16684,0.16788,0
2016-05-04,0.099171,0.15386,0.14365,0
2016-05-05,0.10316,0.17596,0.13352,0
2016-05-06,0.10173,0.16317,0.14201,0
2016-05-09,0.095213,0.14767,0.13797,0
2016-05-10,0.074891,0.090539,0.13413,0
2016-05-11,0.084565,0.12204,0.13165,0
2016-05-12,0.09215,0.13744,0.13901,0
2016-05-13,0.099722,0.15982,0.13935,0
2016-05-16,0.11255,0.201,0.13665,0
2016-05-17,0.10374,0.17503,0.1362,0
2016-05-18,0.11453,0.18655,0.15703,0
2016-05-19,0.10596,0.15294,0.16495,0
2016-05-20,0.11142,0.18554,0.14872,0
2016-05-23,0.11999,0.2089,0.15107,0
2016-05-24,0.13206,0.24361,0.15257,0
2016-05-25,0.21975,0.24486,0.1644,0.25
2016-05-26,0.29524,0.45392,0.1818,0.25
2016-05-27,0.31807,0.50837,0.19583,0.25
2016-05-30,0.2945,0.47878,0.15471,0.25
2016-05-31,0.30427,0.50486,0.15794,0.25
2016-06-01,0.29673,0.48208,0.15812,0.25
2016-06-02,0.28685,0.45741,0.15315,0.25
2016-06-03,0.2931,0.46514,0.16415,0.25
2016-06-06,0.31885,0.49973,0.20682,0.25
2016-06-07,0.34597,0.52399,0.2639,0.25
2016-06-08,0.37321,0.56431,0.30532,0.25
2016-06-09,0.40085,0.62329,0.32925,0.25
2016-06-10,0.40474,0.61554,0.34867,0.25
2016-06-13,0.40962,0.61348,0.36537,0.25
2016-06-14,0.4117,0.60499,0.38011,0.25
2016-06-15,0.39678,0.56156,0.37878,0.25
2016-06-16,0.39472,0.55653,0.37764,0.25
2016-06-17,0.41953,0.63495,0.37363,0.25
2016-06-20,0.43622,0.68429,0.37438,0.25
2016-06-21,0.43085,0.66707,0.37547,0.25
2016-06-22,0.43812,0.6847,0.37967,0.25
2016-06-23,0.43416,0.67124,0.38124,0.25
2016-06-24,0.52715,0.68899,0.39247,0.5
2016-06-27,0.49153,0.57468,0.39991,0.5
2016-06-28,0.49473,0.57704,0.40715,0.5
2016-06-29,0.49828,0.58825,0.40657,0.5
2016-06-30,0.50799,0.60804,0.41593,0.5
2016-07-01,0.50547,0.59391,0.42251,0.5
2016-07-04,0.49978,0.5804,0.41895,0.5
2016-07-05,0.53949,0.6893,0.42918,0.5
2016-07-07,0.39326,0.48061,0.44917,0.25
2016-07-08,0.37035,0.41662,0.44442,0.25
2016-07-11,0.43373,0.38305,0.41814,0.5
2016-07-12,0.43351,0.38743,0.41309,0.5
2016-07-13,0.4257,0.36868,0.4084,0.5
2016-07-14,0.42525,0.36909,0.40666,0.5
2016-07-15,0.42252,0.36144,0.40613,0.5
2016-07-18,0.41446,0.34081,0.40258,0.5
2016-07-19,0.41288,0.36052,0.37812,0.5
2016-07-20,0.41801,0.38037,0.37366,0.5
2016-07-21,0.41889,0.39487,0.36179,0.5
2016-07-22,0.42279,0.39853,0.36984,0.5
2016-07-25,0.41777,0.38859,0.36473,0.5
2016-07-26,0.41739,0.39444,0.35772,0.5
2016-07-27,0.43234,0.4439,0.35313,0.5
2016-07-28,0.4271,0.4208,0.36051,0.5
2016-07-29,0.43075,0.42727,0.36498,0.5
2016-08-01,0.44459,0.45579,0.37796,0.5
2016-08-02,0.46248,0.49783,0.38961,0.5
2016-08-03,0.45686,0.46263,0.40795,0.5
2016-08-04,0.4595,0.45178,0.42672,0.5
2016-08-05,0.48979,0.29351,0.42585,0.75
2016-08-08,0.42344,0.36376,0.40655,0.5
2016-08-09,0.41519,0.35746,0.38812,0.5
2016-08-10,0.40805,0.35218,0.37197,0.5
2016-08-11,0.37576,0.27478,0.35249,0.5
2016-08-16,0.35958,0.2677,0.31105,0.5
2016-08-17,0.34277,0.26509,0.26323,0.5
2016-08-18,0.32153,0.26304,0.20156,0.5
2016-08-19,0.31263,0.24894,0.18896,0.5
2016-08-22,0.29919,0.22095,0.17662,0.5
2016-08-23,0.32518,0.27055,0.20499,0.5
2016-08-24,0.229,0.20061,0.23638,0.25
2016-08-25,0.23787,0.20272,0.26089,0.25
2016-08-26,0.24247,0.19462,0.28278,0.25
2016-08-29,0.25401,0.2017,0.31032,0.25
2016-08-30,0.34596,0.2254,0.31246,0.5
2016-08-31,0.35372,0.25081,0.31036,0.5
2016-09-01,0.35363,0.25057,0.31032,0.5
2016-09-02,0.35004,0.26192,0.28818,0.5
2016-09-06,0.43056,0.26983,0.27185,0.75
2016-09-07,0.42235,0.259,0.25804,0.75
2016-09-08,0.42025,0.25384,0.25692,0.75
2016-09-09,0.41979,0.2504,0.25897,0.75
2016-09-12,0.5538,0.36532,0.29607,1
2016-09-14,0.54637,0.31316,0.32597,1
2016-09-15,0.55526,0.31772,0.34805,1
2016-09-16,0.54367,0.29174,0.33928,1
2016-09-19,0.54818,0.31282,0.33172,1
2016-09-20,0.55122,0.33932,0.31434,1
2016-09-21,0.56912,0.41509,0.29227,1
2016-09-22,0.49062,0.3995,0.32236,0.75
2016-09-23,0.49272,0.38765,0.3405,0.75
2016-09-26,0.49357,0.38998,0.34073,0.75
2016-09-27,0.49124,0.38771,0.33601,0.75
2016-09-28,0.49152,0.39507,0.32948,0.75
2016-09-29,0.57788,0.39433,0.3393,1
2016-09-30,0.56728,0.35224,0.3496,1
2016-10-03,0.56414,0.3218,0.37063,1
2016-10-04,0.5593,0.291,0.38688,1
2016-10-05,0.5581,0.28676,0.38754,1
2016-10-06,0.53911,0.26236,0.35499,1
2016-10-07,0.53233,0.2798,0.31719,1
2016-10-10,0.53349,0.31328,0.28718,1
2016-10-13,0.50306,0.26339,0.2458,1
2016-10-14,0.47915,0.23598,0.20149,1
2016-10-17,0.39843,0.23041,0.21488,0.75
2016-10-18,0.49289,0.26029,0.21837,1
2016-10-19,0.4771,0.2111,0.2202,1
2016-10-20,0.48482,0.23249,0.22197,1
2016-10-21,0.41233,0.26526,0.22174,0.75
2016-10-24,0.41761,0.28541,0.21742,0.75
2016-10-25,0.42495,0.31238,0.21247,0.75
2016-10-26,0.39844,0.23597,0.20935,0.75
2016-10-27,0.33663,0.25599,0.2539,0.5
2016-10-28,0.34894,0.25715,0.28966,0.5
2016-11-01,0.36675,0.26702,0.33322,0.5
2016-11-02,0.3619,0.23814,0.34756,0.5
2016-11-03,0.36283,0.22228,0.36622,0.5
2016-11-04,0.36264,0.2043,0.38361,0.5
2016-11-07,0.37123,0.22537,0.38833,0.5
2016-11-08,0.36264,0.23055,0.35738,0.5
2016-11-09,0.35819,0.24216,0.33242,0.5
2016-11-10,0.38378,0.3185,0.33284,0.5
2016-11-11,0.52029,0.44151,0.36936,0.75
2016-11-15,0.71176,0.70891,0.42638,1
2016-11-16,0.62917,0.65887,0.47864,0.75
2016-11-17,0.65239,0.70006,0.50711,0.75
2016-11-18,0.66812,0.73098,0.52339,0.75
2016-11-21,0.65294,0.66744,0.54137,0.75
2016-11-22,0.65708,0.6674,0.55385,0.75
2016-11-23,0.6524,0.65201,0.55518,0.75
2016-11-24,0.64531,0.62843,0.5575,0.75
2016-11-25,0.65224,0.66751,0.53922,0.75
2016-11-28,0.64775,0.65529,0.53796,0.75
2016-11-29,0.64786,0.67557,0.518,0.75
2016-11-30,0.64019,0.67241,0.49815,0.75
2016-12-01,0.57157,0.71251,0.5022,0.5
2016-12-02,0.56353,0.68868,0.50189,0.5
2016-12-05,0.55641,0.66669,0.50254,0.5
2016-12-06,0.55548,0.65079,0.51567,0.5
2016-12-07,0.55271,0.63957,0.51856,0.5
2016-12-08,0.54409,0.62072,0.51154,0.5
2016-12-09,0.52903,0.57999,0.50711,0.5
2016-12-12,0.49856,0.53722,0.45846,0.5
2016-12-13,0.47271,0.50433,0.4138,0.5
2016-12-14,0.46355,0.53476,0.35589,0.5
2016-12-15,0.46346,0.56455,0.32582,0.5
2016-12-16,0.45608,0.57844,0.2898,0.5
2016-12-19,0.46102,0.59364,0.28943,0.5
2016-12-20,0.47136,0.60552,0.30856,0.5
2016-12-21,0.49622,0.6337,0.35495,0.5
2016-12-22,0.51164,0.6125,0.42241,0.5
2016-12-23,0.5161,0.56459,0.4837,0.5
2016-12-26,0.33135,0.21804,0.52602,0.25
2016-12-27,0.28268,0.33976,0.50828,0
2016-12-28,0.24722,0.25984,0.48181,0
2016-12-29,0.22883,0.22759,0.45889,0
2016-12-30,0.2444,0.29393,0.43928,0
2017-01-02,0.21023,0.21837,0.41231,0
2017-01-03,0.2182,0.27026,0.38434,0
2017-01-04,0.23523,0.31972,0.38597,0
2017-01-05,0.21511,0.23321,0.4121,0
2017-01-06,0.22735,0.26994,0.41212,0
2017-01-09,0.22355,0.25983,0.41083,0
2017-01-10,0.23072,0.27908,0.41307,0
2017-01-11,0.24099,0.29758,0.42539,0
2017-01-12,0.24384,0.2949,0.43662,0
2017-01-13,0.24814,0.31365,0.43078,0
2017-01-16,0.26032,0.34348,0.43748,0
2017-01-17,0.27423,0.36501,0.45768,0
2017-01-18,0.28416,0.37153,0.48094,0
2017-01-19,0.31026,0.44178,0.489,0
2017-01-20,0.31448,0.44987,0.49358,0
2017-01-23,0.30327,0.43376,0.47603,0
2017-01-24,0.30098,0.43837,0.46458,0
2017-01-25,0.41151,0.5334,0.45111,0.25
2017-01-27,0.39669,0.50782,0.43224,0.25
2017-01-30,0.39171,0.50802,0.41712,0.25
2017-01-31,0.38829,0.48316,0.43171,0.25
2017-02-01,0.48727,0.5245,0.4373,0.5
2017-02-02,0.46679,0.47901,0.42137,0.5
2017-02-03,0.47095,0.53138,0.38146,0.5
2017-02-06,0.46411,0.55024,0.34208,0.5
2017-02-07,0.43604,0.49193,0.3162,0.5
2017-02-08,0.46578,0.58297,0.31436,0.5
2017-02-09,0.48352,0.6402,0.31038,0.5
2017-02-10,0.49324,0.63219,0.34753,0.5
2017-02-13,0.51835,0.68355,0.37151,0.5
2017-02-14,0.52881,0.68197,0.40446,0.5
2017-02-15,0.52554,0.64597,0.43065,0.5
2017-02-16,0.54886,0.69706,0.44951,0.5
2017-02-17,0.55602,0.71264,0.45542,0.5
2017-02-20,0.55632,0.70802,0.46094,0.5
2017-02-21,0.56,0.71528,0.46472,0.5
2017-02-22,0.55867,0.71402,0.46198,0.5
2017-02-23,0.57309,0.75022,0.46906,0.5
2017-02-27,0.57655,0.74085,0.48879,0.5
2017-02-28,0.57631,0.72117,0.50774,0.5
2017-03-01,0.56845,0.69038,0.51496,0.5
2017-03-02,0.5647,0.67802,0.51609,0.5
2017-03-03,0.55899,0.66064,0.51634,0.5
2017-03-06,0.5576,0.66797,0.50484,0.5
2017-03-07,0.55067,0.65337,0.49865,0.5
2017-03-08,0.5543,0.66482,0.49808,0.5
2017-03-09,0.52812,0.57803,0.50634,0.5
2017-03-10,0.45669,0.60099,0.51907,0.25
2017-03-14,0.50683,0.5062,0.5143,0.5
2017-03-15,0.48112,0.43622,0.50714,0.5
2017-03-16,0.41607,0.267,0.4812,0.5
2017-03-17,0.318,0.25087,0.45313,0.25
2017-03-20,0.30211,0.2378,0.41853,0.25
2017-03-21,0.29701,0.26069,0.38035,0.25
2017-03-22,0.28771,0.22206,0.39108,0.25
2017-03-23,0.29321,0.26879,0.36085,0.25
2017-03-24,0.26783,0.22712,0.32637,0.25
2017-03-27,0.25377,0.19652,0.31479,0.25
2017-03-28,0.24263,0.18976,0.28813,0.25
2017-03-29,0.22391,0.16219,0.25953,0.25
2017-03-30,0.22046,0.17908,0.2323,0.25
2017-03-31,0.21289,0.17801,0.21066,0.25
2017-04-03,0.20199,0.15318,0.2028,0.25
2017-04-05,0.19734,0.14138,0.20064,0.25
2017-04-06,0.21829,0.16108,0.24379,0.25
2017-04-07,0.21276,0.13895,0.24934,0.25
2017-04-10,0.20564,0.11097,0.25596,0.25
2017-04-11,0.20384,0.10506,0.25647,0.25
2017-04-12,0.19849,0.1049,0.24055,0.25
2017-04-13,0.19794,0.11459,0.22922,0.25
2017-04-17,0.192,0.095393,0.23062,0.25
2017-04-18,0.19648,0.10417,0.23528,0.25
2017-04-19,0.21023,0.13531,0.24537,0.25
2017-04-20,0.22069,0.15672,0.25536,0.25
2017-04-21,0.23003,0.1499,0.29019,0.25
2017-04-24,0.21756,0.11476,0.28791,0.25
2017-04-25,0.23775,0.17878,0.28446,0.25
2017-04-26,0.25317,0.2414,0.26812,0.25
2017-04-27,0.2047,0.35125,0.26285,0
2017-04-28,0.21769,0.39869,0.25437,0
2017-05-02,0.22906,0.44245,0.24471,0
2017-05-03,0.24016,0.48336,0.23712,0
2017-05-04,0.23083,0.4623,0.2302,0
2017-05-05,0.25916,0.55919,0.2183,0
2017-05-08,0.21363,0.49459,0.14631,0
2017-05-09,0.22277,0.52315,0.14515,0
2017-05-10,0.19943,0.45868,0.13961,0
2017-05-11,0.17546,0.38776,0.13863,0
2017-05-12,0.17428,0.39454,0.1283,0
2017-05-15,0.16785,0.39158,0.11197,0
2017-05-16,0.16232,0.39283,0.094124,0
2017-05-17,0.16806,0.40561,0.098582,0
2017-05-18,0.16323,0.36644,0.12326,0
2017-05-19,0.13562,0.28122,0.12563,0
2017-05-22,0.14673,0.35578,0.084402,0
2017-05-23,0.14956,0.36088,0.087792,0
2017-05-24,0.15086,0.36785,0.084725,0
2017-05-25,0.2508,0.35123,0.15116,0.25
2017-05-26,0.32419,0.49724,0.22534,0.25
2017-05-29,0.32022,0.47241,0.23825,0.25
2017-05-30,0.32545,0.48564,0.24072,0.25
2017-05-31,0.33036,0.50034,0.24074,0.25
2017-06-01,0.33274,0.52658,0.22164,0.25
2017-06-02,0.32776,0.52608,0.2072,0.25
2017-06-05,0.33881,0.5656,0.20083,0.25
2017-06-06,0.33058,0.48467,0.25706,0.25
2017-06-07,0.34191,0.47065,0.30509,0.25
2017-06-08,0.35992,0.48324,0.34652,0.25
2017-06-09,0.37529,0.49382,0.38205,0.25
2017-06-12,0.3801,0.48947,0.40082,0.25
2017-06-13,0.3759,0.45109,0.42662,0.25
2017-06-14,0.39586,0.48352,0.45406,0.25
2017-06-15,0.39732,0.46662,0.47534,0.25
2017-06-16,0.40744,0.46956,0.50275,0.25
2017-06-19,0.39859,0.44104,0.50474,0.25
2017-06-20,0.40718,0.46368,0.50786,0.25
2017-06-21,0.42736,0.50853,0.52357,0.25
2017-06-22,0.4346,0.51466,0.53914,0.25
2017-06-23,0.43172,0.49932,0.54583,0.25
2017-06-27,0.43506,0.50665,0.54854,0.25
2017-06-28,0.43642,0.51506,0.54419,0.25
2017-06-29,0.4599,0.56654,0.56314,0.25
2017-06-30,0.49121,0.64782,0.57582,0.25
2017-07-03,0.47215,0.59068,0.57578,0.25
2017-07-04,0.4546,0.53803,0.57577,0.25
2017-07-05,0.45802,0.54951,0.57457,0.25
2017-07-06,0.47753,0.59898,0.58361,0.25
2017-07-07,0.25356,0.20714,0.55354,0
2017-07-10,0.30848,0.20336,0.47209,0.25
2017-07-11,0.28814,0.18561,0.42881,0.25
2017-07-12,0.26627,0.16881,0.37999,0.25
2017-07-13,0.23251,0.13892,0.30861,0.25
2017-07-14,0.20372,0.10819,0.25297,0.25
2017-07-17,0.19396,0.1193,0.21256,0.25
2017-07-18,0.21585,0.1381,0.25944,0.25
2017-07-19,0.25104,0.24919,0.25394,0.25
2017-07-20,0.2465,0.23603,0.25347,0.25
2017-07-21,0.24112,0.22157,0.25179,0.25
2017-07-24,0.24026,0.23228,0.23849,0.25
2017-07-25,0.24075,0.23242,0.23982,0.25
2017-07-26,0.22308,0.18483,0.23441,0.25
2017-07-27,0.21382,0.16994,0.22152,0.25
2017-07-28,0.23015,0.2225,0.21794,0.25
2017-07-31,0.22941,0.22585,0.21238,0.25
2017-08-01,0.24749,0.25934,0.23312,0.25
2017-08-02,0.24115,0.23318,0.24027,0.25
2017-08-03,0.22776,0.20245,0.23084,0.25
2017-08-04,0.23517,0.23528,0.22022,0.25
2017-08-07,0.22376,0.20346,0.21781,0.25
2017-08-08,0.22011,0.18546,0.22487,0.25
2017-08-09,0.23156,0.21837,0.22632,0.25
2017-08-10,0.23258,0.24928,0.19846,0.25
2017-08-11,0.27965,0.4074,0.18156,0.25
2017-08-14,0.34983,0.56987,0.22962,0.25
2017-08-16,0.38671,0.60197,0.30816,0.25
2017-08-17,0.37889,0.5178,0.36887,0.25
2017-08-18,0.37691,0.48244,0.39829,0.25
2017-08-21,0.41243,0.57153,0.41576,0.25
2017-08-22,0.34207,0.59561,0.4306,0
2017-08-23,0.31923,0.52659,0.43111,0
2017-08-24,0.30139,0.48986,0.4143,0
2017-08-28,0.30394,0.51667,0.39514,0
2017-08-29,0.29391,0.49572,0.38601,0
2017-08-30,0.32017,0.58106,0.37944,0
2017-08-31,0.30766,0.54279,0.38019,0
2017-09-01,0.31151,0.55637,0.37815,0
2017-09-04,0.3087,0.54815,0.37794,0
2017-09-05,0.30726,0.54379,0.37798,0
2017-09-06,0.30782,0.54858,0.37488,0
2017-09-07,0.3171,0.57391,0.3774,0
2017-09-08,0.34233,0.63319,0.3938,0
2017-09-11,0.30356,0.53426,0.37643,0
2017-09-12,0.30022,0.55689,0.34378,0
2017-09-13,0.27854,0.51978,0.31584,0
2017-09-14,0.28405,0.56577,0.28638,0
2017-09-15,0.30643,0.63919,0.28011,0
2017-09-18,0.30233,0.61646,0.29054,0
2017-09-19,0.29862,0.59812,0.29772,0
2017-09-20,0.33009,0.68064,0.30963,0
2017-09-21,0.3513,0.69878,0.35513,0
2017-09-22,0.39547,0.58816,0.34825,0.25
2017-09-25,0.40279,0.62006,0.33829,0.25
2017-09-26,0.37428,0.53923,0.33361,0.25
2017-09-27,0.41672,0.41805,0.33213,0.5
2017-09-28,0.41993,0.43789,0.32189,0.5
2017-09-29,0.42401,0.46023,0.31179,0.5
2017-10-03,0.41745,0.43572,0.31663,0.5
2017-10-04,0.42307,0.46293,0.30629,0.5
2017-10-05,0.42833,0.48803,0.29697,0.5
2017-10-06,0.434,0.50395,0.29805,0.5
2017-10-09,0.43255,0.47602,0.32162,0.5
2017-10-10,0.44213,0.4827,0.34368,0.5
2017-10-11,0.42362,0.42102,0.34985,0.5
2017-10-12,0.41925,0.41587,0.34189,0.5
2017-10-13,0.43092,0.45128,0.34147,0.5
2017-10-16,0.43337,0.45536,0.34474,0.5
2017-10-17,0.43076,0.4458,0.3465,0.5
2017-10-18,0.43535,0.46408,0.34197,0.5
2017-10-19,0.4285,0.45085,0.33464,0.5
2017-10-23,0.41718,0.41927,0.33228,0.5
2017-10-24,0.42314,0.4432,0.32623,0.5
2017-10-25,0.40993,0.40547,0.32433,0.5
2017-10-26,0.41967,0.43068,0.32833,0.5
2017-10-27,0.40786,0.40157,0.322,0.5
2017-10-30,0.39338,0.3632,0.31694,0.5
2017-10-31,0.39964,0.38317,0.31575,0.5
2017-11-01,0.39458,0.37747,0.30628,0.5
2017-11-02,0.36351,0.29513,0.29541,0.5
2017-11-03,0.35501,0.27883,0.2862,0.5
2017-11-06,0.37299,0.3673,0.25166,0.5
2017-11-07,0.21793,0.15417,0.24961,0.25
2017-11-08,0.23167,0.20156,0.24347,0.25
2017-11-09,0.26126,0.29712,0.23665,0.25
2017-11-10,0.2001,0.35297,0.24734,0
2017-11-13,0.17927,0.29985,0.23795,0
2017-11-14,0.17916,0.31297,0.22452,0
2017-11-15,0.15294,0.2965,0.16232,0
2017-11-16,0.1573,0.34613,0.12579,0
2017-11-17,0.17609,0.40586,0.12242,0
2017-11-20,0.17724,0.43648,0.095237,0
2017-11-21,0.17805,0.43364,0.1005,0
2017-11-22,0.17667,0.44566,0.084345,0
2017-11-23,0.19907,0.51584,0.081361,0
2017-11-24,0.19102,0.4535,0.11956,0
2017-11-27,0.20881,0.43422,0.1922,0
2017-11-28,0.24397,0.47558,0.25633,0
2017-11-29,0.25835,0.46614,0.30892,0
2017-11-30,0.31671,0.39099,0.30914,0.25
2017-12-01,0.37096,0.55471,0.30819,0.25
2017-12-04,0.3502,0.48994,0.31065,0.25
2017-12-05,0.36827,0.54595,0.30885,0.25
2017-12-06,0.35734,0.51367,0.30834,0.25
2017-12-07,0.47382,0.57223,0.34924,0.5
2017-12-08,0.5198,0.64397,0.41542,0.5
2017-12-11,0.52622,0.64438,0.43429,0.5
2017-12-12,0.5352,0.67605,0.42954,0.5
2017-12-13,0.55186,0.71812,0.43747,0.5
2017-12-14,0.5508,0.7054,0.447,0.5
2017-12-15,0.54352,0.69053,0.44003,0.5
2017-12-18,0.5616,0.75689,0.42792,0.5
2017-12-19,0.56598,0.77025,0.4277,0.5
2017-12-20,0.55872,0.74872,0.42743,0.5
2017-12-21,0.55979,0.74439,0.43499,0.5
2017-12-22,0.57858,0.79238,0.44336,0.5
2017-12-26,0.59241,0.81432,0.46291,0.5
2017-12-27,0.59778,0.82499,0.46834,0.5
2017-12-28,0.59742,0.81934,0.47292,0.5
2017-12-29,0.59786,0.79584,0.49774,0.5
2018-01-02,0.60695,0.81801,0.50285,0.5
2018-01-03,0.58438,0.7459,0.50725,0.5
2018-01-04,0.57407,0.71267,0.50955,0.5
2018-01-05,0.56436,0.68237,0.5107,0.5
2018-01-08,0.56092,0.67366,0.50909,0.5
2018-01-09,0.5444,0.65004,0.48317,0.5
2018-01-10,0.5338,0.67017,0.43122,0.5
2018-01-11,0.53205,0.68317,0.41298,0.5
2018-01-12,0.57731,0.82707,0.40487,0.5
2018-01-15,0.47262,0.71612,0.45176,0.25
2018-01-16,0.51521,0.81804,0.47759,0.25
2018-01-17,0.50083,0.75813,0.49436,0.25
2018-01-18,0.5096,0.7689,0.5099,0.25
2018-01-19,0.48968,0.6971,0.52194,0.25
2018-01-22,0.35896,0.56283,0.51404,0
2018-01-23,0.4358,0.59748,0.45992,0.25
2018-01-24,0.37701,0.45452,0.4265,0.25
2018-01-25,0.38625,0.50747,0.40126,0.25
2018-01-29,0.36655,0.49147,0.3582,0.25
2018-01-30,0.34442,0.4836,0.29965,0.25
2018-01-31,0.31739,0.43739,0.26478,0.25
2018-02-01,0.31674,0.45299,0.24722,0.25
2018-02-02,0.39629,0.33108,0.35777,0.5
2018-02-05,0.47823,0.49852,0.43617,0.5
2018-02-06,0.60987,0.56111,0.51851,0.75
2018-02-07,0.5963,0.50564,0.53326,0.75
2018-02-08,0.61047,0.48346,0.59795,0.75
2018-02-09,0.63356,0.5067,0.64399,0.75
2018-02-12,0.65661,0.51793,0.70189,0.75
2018-02-14,0.65126,0.51466,0.68912,0.75
2018-02-15,0.66017,0.53991,0.69061,0.75
2018-02-16,0.65439,0.53309,0.68009,0.75
2018-02-19,0.65258,0.53658,0.67116,0.75
2018-02-20,0.64738,0.53031,0.66182,0.75
2018-02-21,0.65008,0.54486,0.65538,0.75
2018-02-22,0.64435,0.52477,0.65829,0.75
2018-02-23,0.62042,0.46378,0.64748,0.75
2018-02-26,0.6013,0.45338,0.60052,0.75
2018-02-27,0.57906,0.43711,0.55007,0.75
2018-02-28,0.56209,0.43768,0.49859,0.75
2018-03-01,0.55357,0.44711,0.46362,0.75
2018-03-05,0.54148,0.44299,0.43144,0.75
2018-03-06,0.5365,0.46227,0.39723,0.75
2018-03-07,0.53106,0.47631,0.36687,0.75
2018-03-08,0.52348,0.48393,0.3365,0.75
2018-03-09,0.43996,0.50521,0.31466,0.5
2018-03-12,0.47939,0.37605,0.31211,0.75
2018-03-13,0.44143,0.2801,0.29418,0.75
2018-03-14,0.44776,0.33292,0.26036,0.75
2018-03-15,0.44889,0.34864,0.24803,0.75
2018-03-16,0.42815,0.29153,0.24291,0.75
2018-03-19,0.4671,0.42124,0.23006,0.75
2018-03-20,0.36373,0.35264,0.23854,0.5
2018-03-21,0.36413,0.34638,0.24601,0.5
2018-03-22,0.30871,0.42243,0.25371,0.25
2018-03-23,0.31055,0.42274,0.25892,0.25
2018-03-26,0.31952,0.45427,0.25427,0.25
2018-03-27,0.30812,0.42912,0.24524,0.25
2018-03-28,0.3004,0.43485,0.21636,0.25
2018-04-02,0.29562,0.42249,0.21438,0.25
2018-04-03,0.29243,0.41531,0.212,0.25
2018-04-04,0.28589,0.39002,0.21764,0.25
2018-04-05,0.40339,0.48141,0.22876,0.5
2018-04-06,0.35873,0.34904,0.22715,0.5
2018-04-09,0.35338,0.34419,0.21595,0.5
2018-04-10,0.35485,0.38584,0.17872,0.5
2018-04-11,0.36209,0.42025,0.16602,0.5
2018-04-12,0.37005,0.45109,0.15907,0.5
2018-04-13,0.37384,0.46362,0.15791,0.5
2018-04-16,0.4115,0.47305,0.26147,0.5
2018-04-17,0.45248,0.49936,0.35806,0.5
2018-04-18,0.48185,0.51167,0.43386,0.5
2018-04-19,0.5056,0.51054,0.50627,0.5
2018-04-20,0.52766,0.5191,0.56387,0.5
2018-04-23,0.5606,0.55932,0.62249,0.5
2018-04-24,0.61196,0.65664,0.67925,0.5
2018-04-25,0.5856,0.77965,0.72714,0.25
2018-04-26,0.59229,0.76015,0.76673,0.25
2018-04-27,0.6026,0.75614,0.80165,0.25
2018-04-30,0.62665,0.79292,0.83705,0.25
2018-05-02,0.61535,0.73756,0.85849,0.25
2018-05-03,0.62904,0.76826,0.86888,0.25
2018-05-04,0.62517,0.76006,0.86546,0.25
2018-05-07,0.62683,0.75811,0.8724,0.25
2018-05-08,0.62234,0.73779,0.87923,0.25
2018-05-09,0.60384,0.67021,0.89132,0.25
2018-05-10,0.60643,0.67857,0.89072,0.25
2018-05-11,0.59815,0.65326,0.89118,0.25
2018-05-14,0.57743,0.58705,0.89525,0.25
2018-05-15,0.59393,0.63074,0.90107,0.25
2018-05-16,0.5977,0.63765,0.90544,0.25
2018-05-17,0.47479,0.29097,0.8834,0.25
2018-05-18,0.44385,0.50158,0.82997,0
2018-05-21,0.46349,0.61493,0.77554,0
2018-05-22,0.43106,0.58035,0.71282,0
2018-05-23,0.46769,0.50061,0.65245,0.25
2018-05-24,0.48178,0.60455,0.59079,0.25
2018-05-25,0.4894,0.66611,0.55208,0.25
2018-05-28,0.5225,0.71573,0.60176,0.25
2018-05-29,0.51926,0.72311,0.58466,0.25
2018-05-30,0.4932,0.69367,0.53593,0.25
2018-05-31,0.45884,0.60315,0.52337,0.25
2018-06-01,0.42998,0.55575,0.48419,0.25
2018-06-04,0.40094,0.50086,0.45196,0.25
2018-06-05,0.37389,0.46634,0.40533,0.25
2018-06-06,0.34753,0.436,0.35659,0.25
2018-06-07,0.34433,0.46301,0.31996,0.25
2018-06-08,0.32151,0.42731,0.28722,0.25
2018-06-11,0.33256,0.48924,0.25843,0.25
2018-06-12,0.32056,0.4817,0.22998,0.25
2018-06-13,0.31248,0.46612,0.22132,0.25
2018-06-14,0.31507,0.47691,0.21829,0.25
2018-06-15,0.32084,0.4756,0.23693,0.25
2018-06-18,0.36832,0.5745,0.28046,0.25
2018-06-19,0.3481,0.50289,0.29142,0.25
2018-06-20,0.34254,0.48609,0.29152,0.25
2018-06-21,0.35221,0.51072,0.2959,0.25
2018-06-22,0.36565,0.55036,0.2966,0.25
2018-06-25,0.33702,0.46602,0.29503,0.25
2018-06-26,0.33415,0.46847,0.28397,0.25
2018-06-27,0.30906,0.40846,0.26872,0.25
2018-06-28,0.31646,0.43952,0.25985,0.25
2018-06-29,0.32896,0.47181,0.26506,0.25
2018-07-02,0.33838,0.49225,0.27288,0.25
2018-07-03,0.34971,0.54776,0.25136,0.25
2018-07-04,0.24635,0.50361,0.23544,0
2018-07-05,0.23344,0.46046,0.23987,0
2018-07-06,0.23181,0.4605,0.23494,0
2018-07-09,0.22009,0.43472,0.22556,0
2018-07-10,0.23068,0.46709,0.22496,0
2018-07-11,0.24242,0.47896,0.24831,0
2018-07-12,0.24182,0.47132,0.25415,0
2018-07-13,0.23936,0.44915,0.26894,0
2018-07-16,0.22756,0.41969,0.26299,0
2018-07-17,0.2373,0.45136,0.26054,0
2018-07-18,0.21851,0.39907,0.25647,0
2018-07-19,0.23958,0.46455,0.25417,0
2018-07-20,0.22091,0.41311,0.24964,0
2018-07-23,0.22251,0.41658,0.25094,0
2018-07-24,0.2226,0.41651,0.25131,0
2018-07-25,0.22557,0.42016,0.25655,0
2018-07-26,0.23901,0.4443,0.27272,0
2018-07-27,0.21196,0.36594,0.26995,0
2018-07-30,0.21569,0.38055,0.26652,0
2018-07-31,0.2237,0.37962,0.29149,0
2018-08-01,0.24177,0.41224,0.31306,0
2018-08-02,0.22758,0.37766,0.30508,0
2018-08-03,0.25205,0.4494,0.30675,0
2018-08-06,0.24,0.41158,0.30841,0
2018-08-07,0.27316,0.51121,0.30828,0
2018-08-08,0.25721,0.46512,0.3065,0
2018-08-09,0.22978,0.38426,0.30508,0
2018-08-10,0.21495,0.35778,0.28707,0
2018-08-13,0.20542,0.35417,0.2621,0
2018-08-14,0.20886,0.37814,0.24843,0
2018-08-16,0.20519,0.39626,0.21932,0
2018-08-17,0.18402,0.36973,0.18234,0
2018-08-20,0.19686,0.41996,0.17062,0
2018-08-21,0.17448,0.35062,0.17282,0
2018-08-23,0.20985,0.45612,0.17343,0
2018-08-24,0.22989,0.52791,0.16176,0
2018-08-27,0.30195,0.50478,0.15107,0.25
2018-08-28,0.3081,0.52836,0.14593,0.25
2018-08-29,0.30206,0.5108,0.14539,0.25
2018-08-30,0.30847,0.53139,0.14402,0.25
2018-08-31,0.31765,0.56049,0.14247,0.25
2018-09-03,0.30147,0.50544,0.14897,0.25
2018-09-04,0.30771,0.51373,0.1594,0.25
2018-09-05,0.31141,0.51199,0.17222,0.25
2018-09-06,0.31318,0.51069,0.17886,0.25
2018-09-07,0.30167,0.48795,0.16708,0.25
2018-09-10,0.38865,0.50969,0.15626,0.5
2018-09-11,0.54532,0.71949,0.16646,0.75
2018-09-12,0.55331,0.73594,0.17399,0.75
2018-09-14,0.57182,0.74146,0.22399,0.75
2018-09-17,0.63294,0.86051,0.28832,0.75
2018-09-18,0.65467,0.86193,0.35209,0.75
2018-09-19,0.67816,0.8937,0.39077,0.75
2018-09-21,0.67281,0.85537,0.41304,0.75
2018-09-24,0.76662,0.86662,0.43324,1
2018-09-25,0.77645,0.87594,0.45342,1
2018-09-26,0.75515,0.81792,0.44752,1
2018-09-27,0.74986,0.80712,0.44245,1
2018-09-28,0.74532,0.8042,0.43175,1
2018-10-01,0.73874,0.80339,0.41282,1
2018-10-03,0.73384,0.80088,0.40065,1
2018-10-04,0.77283,0.90382,0.41467,1
2018-10-05,0.81159,1,0.43476,1
2018-10-08,0.7543,0.80771,0.45518,1
2018-10-09,0.75358,0.79583,0.46492,1
2018-10-10,0.76244,0.78824,0.49907,1
2018-10-11,0.78703,0.83917,0.52192,1
2018-10-12,0.82609,0.89295,0.58533,1
2018-10-15,0.79874,0.79411,0.60213,1
2018-10-16,0.7802,0.76772,0.57288,1
2018-10-17,0.76939,0.76086,0.54732,1
2018-10-19,0.76618,0.76186,0.5367,1
2018-10-22,0.74838,0.72861,0.51651,1
2018-10-23,0.72327,0.7116,0.45822,1
2018-10-24,0.70188,0.69526,0.4104,1
2018-10-25,0.69424,0.71138,0.37133,1
2018-10-26,0.63612,0.70922,0.3658,0.83333
2018-10-29,0.56794,0.69565,0.3415,0.66667
2018-10-30,0.54566,0.64453,0.32577,0.66667
2018-10-31,0.53209,0.61008,0.31953,0.66667
2018-11-01,0.51336,0.55718,0.31624,0.66667
2018-11-02,0.49696,0.51139,0.31282,0.66667
2018-11-05,0.48148,0.47133,0.30645,0.66667
2018-11-06,0.49797,0.52726,0.29997,0.66667
2018-11-07,0.45262,0.55151,0.30636,0.5
2018-11-09,0.46086,0.56404,0.31854,0.5
2018-11-12,0.45604,0.55018,0.31792,0.5
2018-11-13,0.44967,0.53962,0.30938,0.5
2018-11-14,0.45193,0.5323,0.32349,0.5
2018-11-15,0.47267,0.57005,0.34795,0.5
2018-11-16,0.47909,0.56326,0.37402,0.5
2018-11-19,0.38761,0.42324,0.40627,0.33333
2018-11-20,0.36317,0.4971,0.42573,0.16667
2018-11-21,0.36431,0.4743,0.45195,0.16667
2018-11-22,0.3833,0.50321,0.48001,0.16667
2018-11-26,0.36414,0.43702,0.48873,0.16667
2018-11-27,0.24154,0.22956,0.49505,0
2018-11-28,0.24511,0.28341,0.45192,0
2018-11-29,0.22425,0.26156,0.4112,0
2018-11-30,0.21962,0.24247,0.41638,0
2018-12-03,0.22237,0.25499,0.41211,0
2018-12-04,0.23757,0.31338,0.39932,0
2018-12-05,0.23047,0.31346,0.37795,0
2018-12-06,0.22857,0.32916,0.35654,0
2018-12-07,0.23483,0.34786,0.35664,0
2018-12-10,0.24088,0.36548,0.35715,0
2018-12-11,0.22269,0.31709,0.35099,0
2018-12-12,0.22826,0.3248,0.35999,0
2018-12-13,0.23433,0.32404,0.37895,0
2018-12-14,0.26093,0.40602,0.37676,0
2018-12-17,0.27857,0.46975,0.36597,0
2018-12-18,0.28531,0.51312,0.34281,0
2018-12-19,0.28096,0.49221,0.35066,0
2018-12-20,0.28619,0.49966,0.3589,0
2018-12-21,0.31663,0.42391,0.35931,0.16667
2018-12-24,0.3271,0.45551,0.35912,0.16667
2018-12-26,0.32404,0.44786,0.35761,0.16667
2018-12-27,0.33067,0.46806,0.35729,0.16667
2018-12-28,0.31676,0.44124,0.34238,0.16667
2018-12-31,0.30969,0.43631,0.32609,0.16667
2019-01-02,0.30699,0.44277,0.31152,0.16667
2019-01-03,0.30297,0.43845,0.30379,0.16667
2019-01-04,0.304,0.43543,0.30989,0.16667
2019-01-07,0.30695,0.44178,0.3124,0.16667
2019-01-08,0.31201,0.45596,0.31341,0.16667
2019-01-09,0.32034,0.46889,0.32547,0.16667
2019-01-10,0.32522,0.47211,0.33687,0.16667
2019-01-11,0.3411,0.50481,0.35181,0.16667
2019-01-14,0.36599,0.54005,0.39125,0.16667
2019-01-15,0.35367,0.49827,0.39608,0.16667
2019-01-16,0.32318,0.40871,0.39418,0.16667
2019-01-17,0.33254,0.45557,0.37539,0.16667
2019-01-18,0.341,0.48154,0.3748,0.16667
2019-01-21,0.33943,0.46123,0.39038,0.16667
2019-01-22,0.33057,0.42191,0.40315,0.16667
2019-01-23,0.32678,0.40566,0.40802,0.16667
2019-01-24,0.32799,0.37954,0.43778,0.16667
2019-01-25,0.31626,0.36358,0.41852,0.16667
2019-01-28,0.3032,0.37815,0.36478,0.16667
2019-01-29,0.2708,0.35075,0.29498,0.16667
2019-01-30,0.28245,0.40663,0.27407,0.16667
2019-01-31,0.2979,0.32283,0.23753,0.33333
2019-02-01,0.30146,0.33622,0.23483,0.33333
2019-02-04,0.32478,0.40369,0.23734,0.33333
2019-02-05,0.24642,0.3376,0.235,0.16667
2019-02-06,0.23202,0.29962,0.22977,0.16667
2019-02-07,0.21516,0.26059,0.21823,0.16667
2019-02-08,0.20376,0.22663,0.21797,0.16667
2019-02-11,0.20351,0.24524,0.19861,0.16667
2019-02-12,0.19967,0.25008,0.18228,0.16667
2019-02-14,0.18685,0.23254,0.16133,0.16667
2019-02-15,0.18041,0.21389,0.16068,0.16667
2019-02-18,0.18832,0.20372,0.19458,0.16667
2019-02-19,0.20192,0.19328,0.24582,0.16667
2019-02-20,0.19856,0.18316,0.24587,0.16667
2019-02-21,0.20015,0.18754,0.24625,0.16667
2019-02-22,0.19861,0.18312,0.24605,0.16667
2019-02-25,0.19241,0.16737,0.24321,0.16667
2019-02-26,0.17801,0.14803,0.21934,0.16667
2019-02-27,0.19494,0.19842,0.21973,0.16667
2019-02-28,0.18909,0.1792,0.2214,0.16667
2019-03-01,0.17733,0.12882,0.23651,0.16667
2019-03-05,0.18077,0.13785,0.23781,0.16667
2019-03-06,0.18392,0.1464,0.23869,0.16667
2019-03-07,0.18929,0.15854,0.24267,0.16667
2019-03-08,0.20907,0.20943,0.25111,0.16667
2019-03-11,0.19517,0.18733,0.23151,0.16667
2019-03-12,0.21297,0.25095,0.22128,0.16667
2019-03-13,0.21906,0.26888,0.22164,0.16667
2019-03-14,0.20999,0.24091,0.22239,0.16667
2019-03-15,0.22878,0.31007,0.2096,0.16667
2019-03-18,0.15846,0.27916,0.19623,0
2019-03-19,0.15818,0.27699,0.19755,0
2019-03-20,0.14591,0.24373,0.19398,0
2019-03-22,0.15842,0.28009,0.19518,0
2019-03-25,0.17751,0.33701,0.19552,0
2019-03-26,0.21411,0.44259,0.19973,0
2019-03-27,0.19691,0.42152,0.16921,0
2019-03-28,0.19224,0.39723,0.17951,0
2019-04-01,0.20848,0.43053,0.19491,0
2019-04-02,0.21345,0.4356,0.20474,0
2019-04-03,0.22267,0.45085,0.21716,0
2019-04-04,0.21823,0.46028,0.19441,0
2019-04-05,0.21227,0.49472,0.14207,0
2019-04-08,0.2157,0.50505,0.14205,0
2019-04-09,0.2133,0.5005,0.13941,0
2019-04-10,0.22554,0.53802,0.13862,0
2019-04-11,0.22166,0.52455,0.14044,0
2019-04-12,0.22355,0.5303,0.14035,0
2019-04-15,0.21695,0.50599,0.14487,0
2019-04-16,0.2169,0.50477,0.14594,0
2019-04-18,0.20503,0.47653,0.13856,0
2019-04-22,0.24232,0.4153,0.145,0.16667
2019-04-23,0.21828,0.3423,0.14588,0.16667
2019-04-24,0.18644,0.22923,0.16343,0.16667
2019-04-25,0.21625,0.29956,0.18252,0.16667
2019-04-26,0.19762,0.21368,0.21253,0.16667
2019-04-30,0.19684,0.19997,0.22388,0.16667
2019-05-02,0.20628,0.22022,0.23196,0.16667
2019-05-03,0.22615,0.28795,0.22384,0.16667
2019-05-06,0.21527,0.25961,0.21953,0.16667
2019-05-07,0.22172,0.28882,0.20966,0.16667
2019-05-08,0.22566,0.32927,0.18104,0.16667
2019-05-09,0.21553,0.30336,0.17655,0.16667
2019-05-10,0.22246,0.32289,0.17783,0.16667
2019-05-13,0.20341,0.24409,0.19947,0.16667
2019-05-14,0.2159,0.27992,0.2011,0.16667
2019-05-15,0.2246,0.3037,0.20343,0.16667
2019-05-16,0.21403,0.27133,0.20408,0.16667
2019-05-17,0.23819,0.33733,0.21058,0.16667
2019-05-20,0.4498,0.63053,0.38553,0.33333
2019-05-21,0.48709,0.60313,0.52482,0.33333
2019-05-22,0.50225,0.58851,0.5849,0.33333
2019-05-23,0.51954,0.58713,0.63817,0.33333
2019-05-24,0.52682,0.57719,0.66992,0.33333
2019-05-27,0.52805,0.56725,0.68357,0.33333
2019-05-28,0.53043,0.5707,0.68724,0.33333
2019-05-29,0.52058,0.56429,0.66411,0.33333
2019-05-30,0.51151,0.55626,0.64493,0.33333
2019-05-31,0.50538,0.55979,0.62303,0.33333
2019-06-03,0.49186,0.5365,0.60575,0.33333
2019-06-04,0.48921,0.54564,0.58866,0.33333
2019-06-06,0.43506,0.55866,0.57985,0.16667
2019-06-07,0.4284,0.55188,0.56665,0.16667
2019-06-10,0.43263,0.56745,0.56376,0.16667
2019-06-11,0.43604,0.57721,0.56425,0.16667
2019-06-12,0.44252,0.59484,0.56604,0.16667
2019-06-13,0.44264,0.58176,0.5795,0.16667
2019-06-14,0.43852,0.55796,0.59094,0.16667
2019-06-17,0.44263,0.56543,0.59579,0.16667
2019-06-18,0.43927,0.54258,0.60858,0.16667
2019-06-19,0.45063,0.56981,0.6154,0.16667
2019-06-20,0.44433,0.55412,0.61221,0.16667
2019-06-21,0.43159,0.54865,0.57944,0.16667
2019-06-24,0.42289,0.55866,0.54334,0.16667
2019-06-25,0.41019,0.55884,0.50505,0.16667
2019-06-26,0.40852,0.55615,0.50275,0.16667
2019-06-27,0.4117,0.57046,0.49799,0.16667
2019-06-28,0.41566,0.57672,0.5036,0.16667
2019-07-01,0.3904,0.48159,0.52294,0.16667
2019-07-02,0.282,0.30977,0.53622,0
2019-07-03,0.29358,0.3504,0.53034,0
2019-07-04,0.31013,0.38457,0.54583,0
2019-07-05,0.27783,0.3308,0.50271,0
2019-07-08,0.35413,0.46109,0.43463,0.16667
2019-07-09,0.29079,0.35977,0.34593,0.16667
2019-07-10,0.24784,0.36489,0.21196,0.16667
2019-07-11,0.24943,0.36381,0.21781,0.16667
2019-07-12,0.25164,0.36385,0.22441,0.16667
2019-07-15,0.26936,0.41051,0.2309,0.16667
2019-07-16,0.27077,0.4076,0.23805,0.16667
2019-07-17,0.27995,0.40322,0.26994,0.16667
2019-07-18,0.29201,0.42964,0.27973,0.16667
2019-07-19,0.35536,0.45781,0.27493,0.33333
2019-07-22,0.35493,0.4607,0.27077,0.33333
2019-07-23,0.35213,0.4551,0.26796,0.33333
2019-07-24,0.35016,0.45276,0.26439,0.33333
2019-07-25,0.35827,0.46738,0.2741,0.33333
2019-07-26,0.36042,0.46517,0.28275,0.33333
2019-07-29,0.37113,0.49223,0.28782,0.33333
2019-07-30,0.37452,0.47729,0.31294,0.33333
2019-07-31,0.39029,0.51386,0.32368,0.33333
2019-08-01,0.37347,0.45713,0.32994,0.33333
2019-08-02,0.36692,0.43572,0.33172,0.33333
2019-08-05,0.35874,0.41221,0.33067,0.33333
2019-08-06,0.36507,0.43426,0.32762,0.33333
2019-08-07,0.36322,0.42815,0.32817,0.33333
2019-08-08,0.37702,0.4437,0.35403,0.33333
2019-08-09,0.38693,0.44695,0.38051,0.33333
2019-08-13,0.39705,0.44961,0.40821,0.33333
2019-08-14,0.40042,0.4493,0.41863,0.33333
2019-08-16,0.37744,0.39938,0.39961,0.33333
2019-08-19,0.38588,0.46381,0.36049,0.33333
2019-08-20,0.36624,0.41709,0.34828,0.33333
2019-08-21,0.34956,0.53539,0.34663,0.16667
2019-08-22,0.35295,0.54654,0.34565,0.16667
2019-08-23,0.35527,0.55345,0.34568,0.16667
2019-08-26,0.41809,0.56053,0.36041,0.33333
2019-08-27,0.39483,0.47639,0.37476,0.33333
2019-08-28,0.40046,0.47858,0.38946,0.33333
2019-08-29,0.40239,0.46768,0.40616,0.33333
2019-08-30,0.39263,0.46543,0.37914,0.33333
2019-09-03,0.44169,0.45086,0.37422,0.5
2019-09-04,0.37773,0.41656,0.3833,0.33333
2019-09-05,0.38053,0.4343,0.37394,0.33333
2019-09-06,0.36895,0.40953,0.36398,0.33333
2019-09-09,0.35709,0.38797,0.34997,0.33333
2019-09-11,0.3401,0.36765,0.31931,0.33333
2019-09-12,0.33667,0.38741,0.28926,0.33333
2019-09-13,0.34178,0.38652,0.30547,0.33333
2019-09-16,0.33463,0.39124,0.27932,0.33333
2019-09-17,0.32248,0.39971,0.23441,0.33333
2019-09-18,0.30565,0.37603,0.20759,0.33333
2019-09-19,0.29747,0.37617,0.18291,0.33333
2019-09-20,0.4529,0.5087,0.35,0.5
2019-09-23,0.56593,0.71908,0.47872,0.5
2019-09-24,0.57204,0.65629,0.55984,0.5
2019-09-25,0.59497,0.65299,0.63191,0.5
2019-09-26,0.60848,0.66131,0.66414,0.5
2019-09-27,0.61822,0.66139,0.69327,0.5
2019-09-30,0.62609,0.66948,0.70878,0.5
2019-10-01,0.6168,0.65046,0.69995,0.5
2019-10-03,0.6178,0.63393,0.71947,0.5
2019-10-04,0.61986,0.62738,0.73221,0.5
2019-10-07,0.62297,0.62667,0.74223,0.5
2019-10-09,0.62069,0.61804,0.74404,0.5
2019-10-10,0.62096,0.62063,0.74226,0.5
2019-10-11,0.57664,0.64643,0.75017,0.33333
2019-10-14,0.58007,0.6459,0.76098,0.33333
2019-10-15,0.58423,0.64815,0.77119,0.33333
2019-10-16,0.59306,0.65044,0.79542,0.33333
2019-10-17,0.60572,0.66147,0.82236,0.33333
2019-10-18,0.57194,0.68349,0.86567,0.16667
2019-10-22,0.58399,0.67529,0.91002,0.16667
2019-10-23,0.59653,0.6826,0.94032,0.16667
2019-10-24,0.61139,0.69688,0.97062,0.16667
2019-10-25,0.62437,0.70643,1,0.16667
2019-10-29,0.61277,0.67164,1,0.16667
2019-10-30,0.60767,0.65634,1,0.16667
2019-10-31,0.60272,0.66278,0.97871,0.16667
2019-11-01,0.60908,0.68408,0.97651,0.16667
2019-11-04,0.62546,0.71195,0.99777,0.16667
2019-11-05,0.6318,0.72873,1,0.16667
2019-11-06,0.66935,0.84138,1,0.16667
2019-11-07,0.41866,0.25598,1,0
2019-11-08,0.44924,0.34772,1,0
2019-11-11,0.45354,0.37706,0.98354,0
2019-11-13,0.4096,0.30887,0.91993,0
2019-11-14,0.38457,0.30949,0.84421,0
2019-11-15,0.33647,0.32741,0.68198,0
2019-11-18,0.25842,0.37228,0.40297,0
2019-11-19,0.23311,0.38583,0.31351,0
2019-11-20,0.24605,0.39792,0.34024,0
2019-11-21,0.25455,0.4051,0.35853,0
2019-11-22,0.26664,0.415,0.38492,0
2019-11-25,0.29333,0.34361,0.36971,0.16667
2019-11-26,0.27624,0.31399,0.34806,0.16667
2019-11-27,0.2633,0.31672,0.3065,0.16667
2019-11-28,0.25247,0.324,0.26673,0.16667
2019-11-29,0.23728,0.33046,0.2147,0.16667
2019-12-02,0.23139,0.32177,0.20574,0.16667
2019-12-03,0.21955,0.2883,0.20369,0.16667
2019-12-04,0.21685,0.27689,0.207,0.16667
2019-12-05,0.22216,0.28985,0.20997,0.16667
2019-12-06,0.21124,0.25489,0.21217,0.16667
2019-12-09,0.19609,0.20169,0.2199,0.16667
2019-12-10,0.22206,0.27043,0.22909,0.16667
2019-12-11,0.18552,0.18177,0.20812,0.16667
2019-12-12,0.18125,0.18581,0.19128,0.16667
2019-12-13,0.18011,0.19497,0.17869,0.16667
2019-12-16,0.17129,0.16704,0.18017,0.16667
2019-12-17,0.16325,0.14452,0.17857,0.16667
2019-12-18,0.1628,0.14505,0.17667,0.16667
2019-12-19,0.16571,0.14441,0.18605,0.16667
2019-12-20,0.1614,0.17734,0.14018,0.16667
2019-12-23,0.19595,0.28083,0.14034,0.16667
2019-12-24,0.20622,0.3106,0.1414,0.16667
2019-12-26,0.20824,0.31714,0.1409,0.16667
2019-12-27,0.21992,0.35377,0.13932,0.16667
2019-12-30,0.18648,0.25458,0.1382,0.16667
2019-12-31,0.17507,0.22417,0.13438,0.16667
2020-01-01,0.16776,0.20505,0.13156,0.16667
2020-01-02,0.15436,0.17673,0.11969,0.16667
2020-01-03,0.14965,0.17161,0.11066,0.16667
2020-01-06,0.23647,0.21298,0.1631,0.33333
2020-01-07,0.2169,0.28374,0.20031,0.16667
2020-01-08,0.22698,0.28593,0.22834,0.16667
2020-01-09,0.29264,0.24879,0.29579,0.33333
2020-01-10,0.30586,0.23766,0.34659,0.33333
2020-01-13,0.32231,0.25065,0.38296,0.33333
2020-01-14,0.32647,0.23672,0.40936,0.33333
2020-01-15,0.33472,0.25761,0.4132,0.33333
2020-01-16,0.34035,0.28253,0.40519,0.33333
2020-01-17,0.35627,0.33736,0.3981,0.33333
2020-01-20,0.34907,0.31739,0.39649,0.33333
2020-01-21,0.34743,0.31982,0.38915,0.33333
2020-01-22,0.34783,0.32176,0.38841,0.33333
2020-01-23,0.34723,0.32123,0.38714,0.33333
2020-01-24,0.34595,0.32098,0.38356,0.33333
2020-01-27,0.35228,0.34103,0.38249,0.33333
2020-01-28,0.35679,0.35533,0.3817,0.33333
2020-01-29,0.35672,0.35853,0.37829,0.33333
2020-01-30,0.35507,0.35775,0.37413,0.33333
2020-01-31,0.34049,0.33869,0.34944,0.33333
2020-02-03,0.38727,0.32687,0.33495,0.5
2020-02-04,0.55228,0.59991,0.39028,0.66667
2020-02-05,0.56628,0.60689,0.4253,0.66667
2020-02-06,0.57337,0.60105,0.4524,0.66667
2020-02-07,0.58763,0.62842,0.46782,0.66667
2020-02-10,0.59118,0.63621,0.47066,0.66667
2020-02-11,0.59291,0.641,0.47105,0.66667
2020-02-12,0.58971,0.6495,0.45295,0.66667
2020-02-13,0.59185,0.64788,0.461,0.66667
2020-02-14,0.615,0.70607,0.47226,0.66667
2020-02-17,0.58227,0.75427,0.49254,0.5
2020-02-18,0.58747,0.75177,0.51064,0.5
2020-02-19,0.60711,0.80247,0.51886,0.5
2020-02-20,0.56623,0.83846,0.52688,0.33333
2020-02-24,0.59056,0.7471,0.52458,0.5
2020-02-25,0.55703,0.64843,0.52265,0.5
2020-02-26,0.5449,0.6136,0.52109,0.5
2020-02-27,0.52569,0.57085,0.50621,0.5
2020-02-28,0.53926,0.42285,0.52826,0.66667
2020-03-02,0.52698,0.39755,0.51671,0.66667
2020-03-03,0.52821,0.39324,0.52472,0.66667
2020-03-04,0.51806,0.37052,0.51699,0.66667
2020-03-05,0.51519,0.38245,0.49646,0.66667
2020-03-06,0.55026,0.32716,0.49029,0.83333
2020-03-09,0.70653,0.57544,0.54414,1
2020-03-11,0.66875,0.44386,0.56239,1
2020-03-12,0.69074,0.32507,0.74714,1
2020-03-13,0.80925,0.53351,0.89423,1
2020-03-16,0.87615,0.62844,1,1
2020-03-17,0.87904,0.63711,1,1
2020-03-18,0.88194,0.64582,1,1
2020-03-19,0.84254,0.65263,1,0.875
2020-03-20,0.84159,0.64976,1,0.875
2020-03-23,0.91844,0.75533,1,1
2020-03-24,0.88776,0.66329,1,1
2020-03-25,0.88252,0.64757,1,1
2020-03-26,0.88107,0.64321,1,1
2020-03-27,0.86334,0.61955,0.97048,1
2020-03-30,0.83873,0.58817,0.92801,1
2020-03-31,0.81748,0.5741,0.87833,1
2020-04-01,0.79253,0.5564,0.82119,1
2020-04-03,0.76666,0.53536,0.76463,1
2020-04-07,0.73448,0.49325,0.71017,1
2020-04-08,0.6959,0.43183,0.65588,1
2020-04-09,0.63154,0.41246,0.60718,0.875
2020-04-13,0.60499,0.38055,0.55942,0.875
2020-04-15,0.58715,0.3743,0.51216,0.875
2020-04-16,0.5817,0.40273,0.46738,0.875
2020-04-17,0.53252,0.40965,0.43792,0.75
2020-04-20,0.52311,0.39675,0.42258,0.75
2020-04-21,0.51306,0.382,0.40717,0.75
2020-04-22,0.49724,0.34512,0.39662,0.75
2020-04-23,0.49284,0.34079,0.38772,0.75
2020-04-24,0.45573,0.36262,0.37955,0.625
2020-04-27,0.42455,0.39186,0.3818,0.5
2020-04-28,0.45253,0.47151,0.38608,0.5
2020-04-29,0.42103,0.47958,0.40852,0.375
2020-04-30,0.43141,0.47525,0.44397,0.375
2020-05-04,0.39765,0.48752,0.45543,0.25
2020-05-05,0.39571,0.47077,0.46637,0.25
2020-05-06,0.36679,0.49711,0.47826,0.125
2020-05-07,0.37947,0.5231,0.49032,0.125
2020-05-08,0.34855,0.41866,0.50199,0.125
2020-05-11,0.31326,0.43611,0.50366,0
2020-05-12,0.32558,0.46526,0.51148,0
2020-05-13,0.31287,0.4091,0.52951,0
2020-05-14,0.31913,0.43557,0.52183,0
2020-05-15,0.32609,0.46746,0.51081,0
2020-05-18,0.28889,0.40368,0.46297,0
2020-05-19,0.24777,0.35121,0.3921,0
2020-05-20,0.24588,0.34388,0.39377,0
2020-05-21,0.22675,0.28973,0.39053,0
2020-05-22,0.2512,0.38044,0.37316,0
2020-05-26,0.26919,0.44973,0.35785,0
2020-05-27,0.24381,0.41859,0.31284,0
2020-05-28,0.23831,0.42387,0.29105,0
2020-05-29,0.22276,0.40818,0.2601,0
2020-06-01,0.21942,0.41791,0.24034,0
2020-06-02,0.22703,0.4562,0.22488,0
2020-06-03,0.25044,0.50206,0.24927,0
2020-06-04,0.25602,0.49954,0.26853,0
2020-06-05,0.26958,0.50934,0.29941,0
2020-06-08,0.28183,0.51751,0.32798,0
2020-06-09,0.2883,0.52208,0.34281,0
2020-06-10,0.29771,0.52466,0.36847,0
2020-06-11,0.30001,0.51707,0.38295,0
2020-06-12,0.298,0.49624,0.39775,0
2020-06-15,0.23067,0.28901,0.403,0
2020-06-16,0.21975,0.26841,0.39082,0
2020-06-17,0.21483,0.27143,0.37306,0
2020-06-18,0.19508,0.24061,0.34462,0
2020-06-19,0.1823,0.23948,0.30742,0
2020-06-22,0.15524,0.20009,0.26564,0
2020-06-23,0.12234,0.15072,0.21631,0
2020-06-24,0.12138,0.16909,0.19504,0
2020-06-25,0.10009,0.11372,0.18655,0
2020-06-26,0.12244,0.17782,0.1895,0
2020-06-29,0.15353,0.2664,0.19419,0
2020-06-30,0.17763,0.33685,0.19604,0
2020-07-01,0.18306,0.35664,0.19255,0
2020-07-02,0.18704,0.3899,0.17123,0
2020-07-03,0.17681,0.37311,0.15732,0
2020-07-06,0.16263,0.33703,0.15086,0
2020-07-07,0.19885,0.44067,0.15587,0
2020-07-08,0.14207,0.32156,0.10465,0
2020-07-09,0.14721,0.32453,0.11711,0
2020-07-10,0.15007,0.3257,0.12452,0
2020-07-13,0.12942,0.25674,0.13151,0
2020-07-14,0.11499,0.2187,0.12628,0
2020-07-15,0.095639,0.15663,0.13028,0
2020-07-16,0.095929,0.15679,0.131,0
2020-07-17,0.099516,0.17315,0.1254,0
2020-07-20,0.10259,0.18769,0.12009,0
2020-07-21,0.10488,0.19527,0.11938,0
2020-07-22,0.10486,0.1999,0.11467,0
2020-07-23,0.12294,0.23014,0.13867,0
2020-07-24,0.13925,0.26202,0.15573,0
2020-07-27,0.14659,0.27926,0.1605,0
2020-07-28,0.14416,0.26789,0.1646,0
2020-07-29,0.16274,0.32363,0.16458,0
2020-07-30,0.12156,0.21575,0.14894,0
2020-07-31,0.1149,0.22759,0.1171,0
2020-08-03,0.10235,0.19479,0.11225,0
2020-08-04,0.1175,0.23824,0.11426,0
2020-08-05,0.11035,0.21547,0.11557,0
2020-08-06,0.10941,0.21934,0.10888,0
2020-08-07,0.10948,0.22471,0.10374,0
2020-08-10,0.11319,0.23876,0.10081,0
2020-08-11,0.12647,0.2785,0.10092,0
2020-08-12,0.13576,0.29342,0.11385,0
2020-08-13,0.17349,0.35782,0.16265,0
2020-08-14,0.17444,0.35297,0.17034,0
2020-08-17,0.18678,0.37593,0.18441,0
2020-08-18,0.18684,0.37352,0.187,0
2020-08-19,0.17997,0.34767,0.19222,0
2020-08-20,0.18125,0.35161,0.19215,0
2020-08-21,0.17527,0.33264,0.19318,0
2020-08-24,0.18816,0.37364,0.19084,0
2020-08-25,0.21367,0.44195,0.19906,0
2020-08-26,0.22875,0.47728,0.20897,0
2020-08-27,0.22281,0.44273,0.2257,0
2020-08-28,0.20913,0.39229,0.2351,0
2020-08-31,0.24834,0.38745,0.23256,0.125
2020-09-01,0.25935,0.42285,0.23021,0.125
2020-09-02,0.25779,0.42373,0.22464,0.125
2020-09-03,0.25931,0.43469,0.21822,0.125
2020-09-04,0.23872,0.37047,0.22067,0.125
2020-09-07,0.22988,0.33803,0.22661,0.125
2020-09-08,0.23102,0.34054,0.22753,0.125
2020-09-09,0.23437,0.34753,0.23057,0.125
2020-09-10,0.23023,0.33587,0.2298,0.125
2020-09-11,0.22861,0.33173,0.2291,0.125
2020-09-14,0.19156,0.22048,0.2292,0.125
2020-09-15,0.20563,0.26606,0.22582,0.125
2020-09-16,0.20776,0.27978,0.21849,0.125
2020-09-17,0.21033,0.29357,0.21241,0.125
2020-09-18,0.20392,0.27843,0.20831,0.125
2020-09-21,0.22524,0.21969,0.20603,0.25
2020-09-22,0.23854,0.26084,0.20479,0.25
2020-09-23,0.22259,0.21776,0.2,0.25
2020-09-24,0.24804,0.19156,0.17756,0.375
2020-09-25,0.34445,0.43347,0.22489,0.375
2020-09-28,0.38235,0.49465,0.27739,0.375
2020-09-29,0.38959,0.47592,0.31785,0.375
2020-09-30,0.40097,0.49991,0.32799,0.375
2020-10-01,0.39784,0.47978,0.33874,0.375
2020-10-05,0.39873,0.4763,0.3449,0.375
2020-10-06,0.39858,0.47368,0.34707,0.375
2020-10-07,0.39417,0.4592,0.34831,0.375
2020-10-08,0.39407,0.45144,0.35578,0.375
2020-10-09,0.39545,0.4462,0.36515,0.375
2020-10-12,0.4057,0.4668,0.3753,0.375
2020-10-13,0.38796,0.50691,0.40696,0.25
2020-10-14,0.40419,0.52557,0.43699,0.25
2020-10-15,0.42733,0.47068,0.4363,0.375
2020-10-16,0.43273,0.48761,0.43558,0.375
2020-10-19,0.44226,0.51596,0.43582,0.375
2020-10-20,0.43563,0.4956,0.43629,0.375
2020-10-21,0.4368,0.49905,0.43636,0.375
2020-10-22,0.44417,0.53006,0.42746,0.375
2020-10-23,0.456,0.56836,0.42464,0.375
2020-10-26,0.44612,0.53176,0.4316,0.375
2020-10-27,0.44712,0.53012,0.43625,0.375
2020-10-28,0.44401,0.53137,0.42566,0.375
2020-10-29,0.43721,0.52002,0.41661,0.375
2020-10-30,0.43872,0.52793,0.41323,0.375
2020-11-02,0.46528,0.6134,0.40744,0.375
2020-11-03,0.42057,0.60472,0.40697,0.25
2020-11-04,0.42168,0.60553,0.40951,0.25
2020-11-05,0.45895,0.71821,0.40862,0.25
2020-11-06,0.36934,0.56653,0.41649,0.125
2020-11-09,0.34794,0.50267,0.41615,0.125
2020-11-10,0.37661,0.59671,0.40811,0.125
2020-11-11,0.36314,0.56102,0.40341,0.125
2020-11-12,0.36769,0.601,0.37706,0.125
2020-11-13,0.36093,0.62634,0.33144,0.125
2020-11-17,0.33352,0.60601,0.26955,0.125
2020-11-18,0.3335,0.60321,0.27229,0.125
2020-11-19,0.32568,0.58688,0.26515,0.125
2020-11-20,0.31849,0.5792,0.25125,0.125
2020-11-23,0.30898,0.57624,0.22569,0.125
2020-11-24,0.28335,0.52374,0.20131,0.125
2020-11-25,0.26266,0.48704,0.17593,0.125
2020-11-26,0.29511,0.61274,0.1476,0.125
2020-11-27,0.26672,0.65561,0.14456,0
2020-12-01,0.25547,0.62726,0.13916,0
2020-12-02,0.24642,0.60717,0.1321,0
2020-12-03,0.2524,0.63117,0.12603,0
2020-12-04,0.23692,0.59209,0.11866,0
2020-12-07,0.23098,0.55928,0.13367,0
2020-12-08,0.25347,0.61101,0.14939,0
2020-12-09,0.25292,0.58245,0.17631,0
2020-12-10,0.25068,0.5581,0.19394,0
2020-12-11,0.27354,0.60825,0.21239,0
2020-12-14,0.28303,0.61824,0.23084,0
2020-12-15,0.29081,0.62021,0.25222,0
2020-12-16,0.30566,0.64685,0.27013,0
2020-12-17,0.30762,0.64271,0.28014,0
2020-12-18,0.32591,0.67385,0.3039,0
2020-12-21,0.29425,0.42193,0.33582,0.125
2020-12-22,0.31852,0.45205,0.3785,0.125
2020-12-23,0.31876,0.41653,0.41477,0.125
2020-12-24,0.32427,0.41376,0.43405,0.125
2020-12-28,0.32523,0.42239,0.42829,0.125
2020-12-29,0.32482,0.4055,0.44397,0.125
2020-12-30,0.33913,0.43584,0.45654,0.125
2020-12-31,0.3565,0.46772,0.47677,0.125
2021-01-01,0.37522,0.5036,0.49707,0.125
2021-01-04,0.38365,0.49954,0.52639,0.125
2021-01-05,0.39443,0.49721,0.56109,0.125
2021-01-06,0.40651,0.50645,0.58807,0.125
2021-01-07,0.41242,0.49883,0.61342,0.125
2021-01-08,0.39402,0.43194,0.62513,0.125
2021-01-11,0.40978,0.4684,0.63594,0.125
2021-01-12,0.4184,0.48337,0.64682,0.125
2021-01-13,0.43038,0.50993,0.6562,0.125
2021-01-14,0.43273,0.50808,0.66511,0.125
2021-01-15,0.43172,0.50334,0.66684,0.125
2021-01-18,0.43589,0.51623,0.66645,0.125
2021-01-19,0.44025,0.54688,0.64885,0.125
2021-01-20,0.43897,0.56373,0.62819,0.125
2021-01-21,0.43242,0.56798,0.60427,0.125
2021-01-22,0.41598,0.53621,0.58674,0.125
2021-01-25,0.40776,0.53125,0.56703,0.125
2021-01-27,0.39818,0.52167,0.54787,0.125
2021-01-28,0.39618,0.5392,0.52434,0.125
2021-01-29,0.39125,0.54733,0.50141,0.125
2021-02-01,0.46006,0.58816,0.54201,0.25
2021-02-02,0.54802,0.8175,0.57656,0.25
2021-02-03,0.52589,0.8315,0.62118,0.125
2021-02-04,0.53571,0.83121,0.65092,0.125
2021-02-05,0.54057,0.83396,0.66275,0.125
2021-02-08,0.5373,0.81984,0.66706,0.125
2021-02-09,0.53191,0.80332,0.66739,0.125
2021-02-10,0.5396,0.8148,0.67899,0.125
2021-02-11,0.54962,0.81253,0.71133,0.125
2021-02-12,0.54626,0.80761,0.70618,0.125
2021-02-15,0.54124,0.80081,0.69791,0.125
2021-02-16,0.53482,0.79278,0.68668,0.125
2021-02-17,0.52873,0.78914,0.67204,0.125
2021-02-18,0.52143,0.78065,0.65863,0.125
2021-02-19,0.52325,0.80415,0.64059,0.125
2021-02-22,0.51556,0.79603,0.62565,0.125
2021-02-23,0.49724,0.75637,0.61033,0.125
2021-02-24,0.47729,0.71869,0.58819,0.125
2021-02-25,0.45885,0.68586,0.5657,0.125
2021-02-26,0.47717,0.63581,0.54569,0.25
2021-03-01,0.47726,0.64418,0.5376,0.25
2021-03-02,0.47618,0.64465,0.5339,0.25
2021-03-03,0.47412,0.64454,0.52783,0.25
2021-03-04,0.46826,0.63328,0.52149,0.25
2021-03-05,0.46827,0.64286,0.51196,0.25
2021-03-08,0.46838,0.64941,0.50573,0.25
2021-03-09,0.47103,0.65914,0.50396,0.25
2021-03-10,0.47397,0.66425,0.50766,0.25
2021-03-12,0.47531,0.66609,0.50982,0.25
2021-03-15,0.48807,0.70025,0.51397,0.25
2021-03-16,0.39854,0.53873,0.53191,0.125
2021-03-17,0.39402,0.52319,0.53387,0.125
2021-03-18,0.39451,0.52726,0.53128,0.125
2021-03-19,0.3906,0.5246,0.52219,0.125
2021-03-22,0.3899,0.52226,0.52245,0.125
2021-03-23,0.40101,0.55229,0.52573,0.125
2021-03-24,0.38408,0.49932,0.52792,0.125
2021-03-25,0.38077,0.49635,0.52095,0.125
2021-03-26,0.36374,0.47602,0.4902,0.125
2021-03-30,0.35563,0.48383,0.45806,0.125
2021-03-31,0.34204,0.47334,0.42777,0.125
2021-04-01,0.32347,0.44741,0.39799,0.125
2021-04-05,0.30797,0.43387,0.36505,0.125
2021-04-06,0.28919,0.4094,0.33317,0.125
2021-04-07,0.2883,0.43262,0.30727,0.125
2021-04-08,0.30197,0.48506,0.29586,0.125
2021-04-09,0.32456,0.55447,0.2942,0.125
2021-04-12,0.33301,0.45811,0.29092,0.25
2021-04-13,0.35559,0.52779,0.28898,0.25
2021-04-15,0.29062,0.4618,0.28507,0.125
2021-04-16,0.29498,0.48563,0.27432,0.125
2021-04-19,0.27928,0.45207,0.26077,0.125
2021-04-20,0.26567,0.42357,0.24844,0.125
2021-04-22,0.2624,0.43141,0.2308,0.125
2021-04-23,0.25983,0.43594,0.21855,0.125
2021-04-26,0.25438,0.43303,0.20512,0.125
2021-04-27,0.25535,0.43101,0.21004,0.125
2021-04-28,0.25539,0.4314,0.20977,0.125
2021-04-29,0.25499,0.41177,0.22819,0.125
2021-04-30,0.23325,0.35985,0.21489,0.125
2021-05-03,0.2175,0.33122,0.19628,0.125
2021-05-04,0.21476,0.33947,0.17981,0.125
2021-05-05,0.21028,0.3395,0.16634,0.125
2021-05-06,0.2122,0.3524,0.15919,0.125
2021-05-07,0.20204,0.32757,0.15354,0.125
2021-05-10,0.20833,0.35279,0.1472,0.125
2021-05-11,0.20781,0.33105,0.16739,0.125
2021-05-12,0.20798,0.31954,0.17939,0.125
2021-05-14,0.20392,0.28707,0.19969,0.125
2021-05-17,0.18916,0.23448,0.20799,0.125
2021-05-18,0.19607,0.25045,0.21275,0.125
2021-05-19,0.18945,0.23049,0.21287,0.125
2021-05-20,0.19414,0.25141,0.206,0.125
2021-05-21,0.19231,0.25041,0.20153,0.125
2021-05-24,0.18163,0.2166,0.2033,0.125
2021-05-25,0.18976,0.23859,0.20568,0.125
2021-05-26,0.219,0.32339,0.20862,0.125
2021-05-27,0.10983,0.12464,0.20486,0
2021-05-28,0.11573,0.1491,0.1981,0
2021-05-31,0.10981,0.12425,0.20519,0
2021-06-01,0.13053,0.16037,0.23122,0
2021-06-02,0.16797,0.26062,0.24328,0
2021-06-03,0.17269,0.26767,0.25041,0
2021-06-04,0.16759,0.2722,0.23059,0
2021-06-07,0.18577,0.29707,0.26025,0
2021-06-08,0.19466,0.29693,0.28707,0
2021-06-09,0.18661,0.24969,0.31013,0
2021-06-10,0.20125,0.28103,0.32272,0
2021-06-11,0.22281,0.33108,0.33735,0
2021-06-14,0.26452,0.44006,0.35351,0
2021-06-15,0.2862,0.49011,0.3685,0
2021-06-16,0.28235,0.47555,0.37149,0
2021-06-17,0.2797,0.46926,0.36982,0
2021-06-18,0.28276,0.47416,0.37411,0
2021-06-21,0.28958,0.4812,0.38755,0
2021-06-22,0.29475,0.4859,0.39836,0
2021-06-23,0.29702,0.47843,0.41263,0
2021-06-24,0.31048,0.5119,0.41954,0
2021-06-25,0.34371,0.60031,0.43081,0
2021-06-28,0.29436,0.44426,0.43883,0
2021-06-29,0.29001,0.43335,0.43666,0
2021-06-30,0.28558,0.42901,0.42774,0
2021-07-01,0.21826,0.24578,0.40899,0
2021-07-02,0.22177,0.31887,0.34645,0
2021-07-05,0.1855,0.26355,0.29294,0
2021-07-06,0.15753,0.25376,0.21884,0
2021-07-07,0.14059,0.27021,0.15157,0
2021-07-08,0.12714,0.29826,0.083157,0
2021-07-09,0.068157,0.19471,0.0097595,0
2021-07-12,0.097737,0.29321,0,0
2021-07-13,0.058215,0.16622,0.0084229,0
2021-07-14,0.068218,0.19897,0.0056817,0
2021-07-15,0.078211,0.23063,0.0039994,0
2021-07-16,0.082491,0.24219,0.0052834,0
2021-07-19,0.10086,0.16672,0.010847,0.125
2021-07-20,0.16181,0.33125,0.029187,0.125
2021-07-22,0.25482,0.42749,0.086981,0.25
2021-07-23,0.24715,0.37468,0.11676,0.25
2021-07-26,0.2588,0.38685,0.13955,0.25
2021-07-27,0.25854,0.3733,0.15233,0.25
2021-07-28,0.26169,0.37438,0.16069,0.25
2021-07-29,0.26048,0.36877,0.16267,0.25
2021-07-30,0.26216,0.37405,0.16242,0.25
2021-08-02,0.25043,0.33591,0.16538,0.25
2021-08-03,0.33056,0.45256,0.16413,0.375
2021-08-04,0.35435,0.53042,0.15761,0.375
2021-08-05,0.34461,0.50893,0.14991,0.375
2021-08-06,0.34651,0.51723,0.14729,0.375
2021-08-09,0.34708,0.52477,0.14147,0.375
2021-08-10,0.3505,0.5457,0.1308,0.375
2021-08-11,0.35672,0.5709,0.12426,0.375
2021-08-12,0.35545,0.55423,0.13712,0.375
2021-08-13,0.35494,0.54909,0.14074,0.375
2021-08-16,0.34758,0.52748,0.14025,0.375
2021-08-17,0.36117,0.55408,0.15443,0.375
2021-08-18,0.36109,0.55501,0.15326,0.375
2021-08-20,0.35697,0.55537,0.14056,0.375
2021-08-23,0.36198,0.57082,0.14013,0.375
2021-08-24,0.3512,0.53981,0.1388,0.375
2021-08-25,0.35316,0.54131,0.14319,0.375
2021-08-26,0.37109,0.58867,0.1496,0.375
2021-08-27,0.37277,0.58975,0.15356,0.375
2021-08-30,0.40876,0.57309,0.15318,0.5
2021-08-31,0.45735,0.71799,0.15405,0.5
2021-09-01,0.39893,0.6679,0.15389,0.375
2021-09-02,0.38514,0.62683,0.15359,0.375
2021-09-03,0.35583,0.67781,0.13967,0.25
2021-09-06,0.34794,0.66373,0.13008,0.25
2021-09-07,0.34842,0.67556,0.1197,0.25
2021-09-08,0.35344,0.70104,0.10929,0.25
2021-09-09,0.35967,0.72238,0.10664,0.25
2021-09-13,0.36974,0.74205,0.11717,0.25
2021-09-14,0.39828,0.78402,0.16083,0.25
2021-09-15,0.38662,0.73286,0.17701,0.25
2021-09-16,0.33331,0.69512,0.17981,0.125
2021-09-17,0.33646,0.70763,0.17676,0.125
2021-09-20,0.36522,0.66829,0.17738,0.25
2021-09-21,0.3839,0.71618,0.18554,0.25
2021-09-22,0.36432,0.65074,0.19222,0.25
2021-09-23,0.37763,0.52774,0.23013,0.375
2021-09-24,0.36355,0.45841,0.25724,0.375
2021-09-27,0.37525,0.48575,0.26501,0.375
2021-09-28,0.3846,0.49973,0.27906,0.375
2021-09-29,0.37852,0.48651,0.27405,0.375
2021-09-30,0.36994,0.47858,0.25625,0.375
2021-10-01,0.36958,0.48705,0.2467,0.375
2021-10-04,0.37272,0.49543,0.24772,0.375
2021-10-05,0.38056,0.52075,0.24594,0.375
2021-10-06,0.3938,0.56006,0.24635,0.375
2021-10-07,0.38665,0.54246,0.24249,0.375
2021-10-08,0.3815,0.53141,0.2381,0.375
2021-10-11,0.38796,0.55779,0.23109,0.375
2021-10-12,0.31891,0.47571,0.23102,0.25
2021-10-13,0.31833,0.47848,0.2265,0.25
2021-10-14,0.33596,0.53192,0.22597,0.25
2021-10-18,0.35316,0.55218,0.25729,0.25
2021-10-19,0.35258,0.54155,0.26619,0.25
2021-10-20,0.34153,0.51044,0.26415,0.25
2021-10-21,0.32457,0.45921,0.2645,0.25
2021-10-22,0.30685,0.40794,0.2626,0.25
2021-10-25,0.29243,0.37889,0.24841,0.25
2021-10-26,0.26037,0.30184,0.22927,0.25
2021-10-27,0.24918,0.30838,0.18917,0.25
2021-10-28,0.26525,0.26097,0.15978,0.375
2021-10-29,0.29766,0.38243,0.13554,0.375
2021-11-01,0.32554,0.45775,0.14388,0.375
2021-11-02,0.26952,0.39095,0.1676,0.25
2021-11-03,0.29075,0.434,0.18825,0.25
2021-11-04,0.32483,0.5239,0.20058,0.25
2021-11-08,0.31489,0.6008,0.21887,0.125
2021-11-09,0.2921,0.5327,0.2186,0.125
2021-11-10,0.30624,0.5722,0.22152,0.125
2021-11-11,0.30347,0.55422,0.23121,0.125
2021-11-12,0.30532,0.5594,0.23156,0.125
2021-11-15,0.28074,0.48488,0.23235,0.125
2021-11-16,0.28426,0.49537,0.23241,0.125
2021-11-17,0.28009,0.49255,0.22271,0.125
2021-11-18,0.27636,0.48614,0.21795,0.125
2021-11-22,0.32192,0.49484,0.22093,0.25
2021-11-23,0.31295,0.46172,0.22714,0.25
2021-11-24,0.31293,0.46134,0.22746,0.25
2021-11-25,0.30539,0.43983,0.22633,0.25
2021-11-26,0.35868,0.45254,0.24849,0.375
2021-11-29,0.33164,0.35081,0.26911,0.375
2021-11-30,0.34184,0.3657,0.28483,0.375
2021-12-01,0.33036,0.3587,0.25738,0.375
2021-12-02,0.33514,0.37659,0.25384,0.375
2021-12-03,0.34612,0.39655,0.26681,0.375
2021-12-06,0.35579,0.41212,0.28024,0.375
2021-12-07,0.35932,0.42696,0.276,0.375
2021-12-08,0.36738,0.45736,0.26978,0.375
2021-12-09,0.34999,0.41861,0.25636,0.375
2021-12-10,0.36811,0.49897,0.23037,0.375
2021-12-13,0.32077,0.48721,0.2251,0.25
2021-12-14,0.31624,0.48014,0.21858,0.25
2021-12-15,0.32825,0.51422,0.22053,0.25
2021-12-16,0.32791,0.50467,0.22905,0.25
2021-12-17,0.3198,0.46073,0.24866,0.25
2021-12-20,0.34119,0.51902,0.25454,0.25
2021-12-21,0.34081,0.51734,0.25508,0.25
2021-12-22,0.32695,0.48222,0.24863,0.25
2021-12-23,0.31847,0.47253,0.23287,0.25
2021-12-24,0.31302,0.48453,0.20454,0.25
2021-12-27,0.31978,0.51976,0.18958,0.25
2021-12-28,0.30827,0.50458,0.17023,0.25
2021-12-29,0.31201,0.50011,0.18592,0.25
2021-12-30,0.32843,0.53815,0.19715,0.25
2021-12-31,0.33908,0.55219,0.21504,0.25
2022-01-03,0.31249,0.58249,0.22999,0.125
2022-01-04,0.31787,0.57598,0.25265,0.125
2022-01-05,0.31952,0.56896,0.2646,0.125
2022-01-06,0.33948,0.62791,0.26553,0.125
2022-01-07,0.35769,0.80021,0.27286,0
2022-01-10,0.34898,0.76798,0.27897,0
2022-01-11,0.3493,0.76419,0.2837,0
2022-01-12,0.34842,0.75237,0.29288,0
2022-01-13,0.34411,0.73429,0.29804,0
2022-01-14,0.34757,0.74585,0.29686,0
2022-01-17,0.34345,0.71719,0.31317,0
2022-01-18,0.31568,0.63024,0.3168,0
2022-01-19,0.33744,0.70355,0.30879,0
2022-01-20,0.32764,0.68601,0.29691,0
2022-01-21,0.3305,0.70117,0.29032,0
2022-01-24,0.35658,0.67106,0.27369,0.125
2022-01-25,0.33391,0.60931,0.26742,0.125
2022-01-27,0.33035,0.59863,0.26741,0.125
2022-01-28,0.34306,0.63495,0.26922,0.125
2022-01-31,0.30477,0.51029,0.27902,0.125
2022-02-01,0.31911,0.52727,0.30505,0.125
2022-02-02,0.3323,0.54174,0.33017,0.125
2022-02-03,0.33718,0.55979,0.32674,0.125
2022-02-04,0.32467,0.52882,0.32019,0.125
2022-02-07,0.30289,0.46375,0.31991,0.125
2022-02-08,0.28781,0.41988,0.31855,0.125
2022-02-09,0.28426,0.40683,0.32095,0.125
2022-02-10,0.25863,0.34395,0.30696,0.125
2022-02-11,0.25039,0.33538,0.29078,0.125
2022-02-14,0.32358,0.43121,0.28954,0.25
2022-02-15,0.46932,0.68625,0.34672,0.375
2022-02-16,0.43657,0.57005,0.36467,0.375
2022-02-17,0.44974,0.60245,0.37176,0.375
2022-02-18,0.46323,0.63254,0.38215,0.375
2022-02-21,0.47085,0.65361,0.38394,0.375
2022-02-22,0.47316,0.66459,0.37988,0.375
2022-02-23,0.47111,0.67101,0.36732,0.375
2022-02-24,0.45412,0.50834,0.35401,0.5
2022-02-25,0.48715,0.60678,0.35467,0.5
2022-02-28,0.4728,0.56669,0.3517,0.5
2022-03-02,0.46241,0.56545,0.32177,0.5
2022-03-03,0.45823,0.5654,0.3093,0.5
2022-03-04,0.45123,0.55885,0.29483,0.5
2022-03-07,0.44902,0.56466,0.28241,0.5
2022-03-08,0.43943,0.57453,0.24377,0.5
2022-03-09,0.39639,0.58962,0.22455,0.375
2022-03-10,0.39215,0.5905,0.21094,0.375
2022-03-11,0.38053,0.57486,0.19174,0.375
2022-03-14,0.37448,0.57439,0.17404,0.375
2022-03-15,0.3723,0.574,0.16791,0.375
2022-03-16,0.3756,0.57319,0.17862,0.375
2022-03-17,0.38083,0.57953,0.18795,0.375
2022-03-21,0.37619,0.57441,0.17917,0.375
2022-03-22,0.37892,0.59037,0.17138,0.375
2022-03-23,0.38358,0.60708,0.16867,0.375
2022-03-24,0.39042,0.62869,0.16756,0.375
2022-03-25,0.39793,0.64857,0.17023,0.375
2022-03-28,0.40631,0.66506,0.17887,0.375
2022-03-29,0.42072,0.68446,0.20269,0.375
2022-03-30,0.36699,0.60884,0.24213,0.25
2022-03-31,0.36146,0.6752,0.28418,0.125
2022-04-01,0.36443,0.64819,0.32009,0.125
2022-04-04,0.36173,0.62096,0.33925,0.125
2022-04-05,0.35195,0.57432,0.35651,0.125
2022-04-06,0.35349,0.56909,0.36639,0.125
2022-04-07,0.35103,0.55611,0.37198,0.125
2022-04-08,0.43578,0.80826,0.37407,0.125
2022-04-11,0.32907,0.60853,0.37868,0
2022-04-12,0.3432,0.65722,0.37239,0
2022-04-13,0.35058,0.66698,0.38476,0
2022-04-18,0.33374,0.62084,0.38037,0
2022-04-19,0.33788,0.64726,0.36637,0
2022-04-20,0.31278,0.60785,0.33049,0
2022-04-21,0.29913,0.62953,0.26787,0
2022-04-22,0.30386,0.65746,0.2541,0
2022-04-25,0.28847,0.62028,0.24514,0
2022-04-26,0.30765,0.68902,0.23394,0
2022-04-27,0.31859,0.73415,0.22163,0
2022-04-28,0.30916,0.72393,0.20356,0
2022-04-29,0.29858,0.70817,0.18758,0
2022-05-02,0.27501,0.63745,0.18758,0
2022-05-04,0.26859,0.48968,0.1911,0.125
2022-05-05,0.22395,0.35658,0.19026,0.125
2022-05-06,0.20843,0.31215,0.18814,0.125
2022-05-09,0.18532,0.24687,0.18408,0.125
2022-05-10,0.17469,0.21101,0.18806,0.125
2022-05-11,0.17591,0.2093,0.19344,0.125
2022-05-12,0.15425,0.14368,0.19408,0.125
2022-05-13,0.13258,0.085196,0.18755,0.125
2022-05-16,0.14392,0.13503,0.17174,0.125
2022-05-17,0.16616,0.097456,0.15102,0.25
2022-05-18,0.13337,0.017967,0.13214,0.25
2022-05-19,0.17606,0,0.15319,0.375
2022-05-20,0.30969,0.22289,0.20619,0.5
2022-05-23,0.30164,0.17785,0.22706,0.5
2022-05-24,0.31633,0.20218,0.24682,0.5
2022-05-25,0.3244,0.20947,0.26373,0.5
2022-05-26,0.32476,0.20756,0.26672,0.5
2022-05-27,0.32067,0.19244,0.26958,0.5
2022-05-30,0.31702,0.21267,0.2384,0.5
2022-05-31,0.30539,0.18968,0.22648,0.5
2022-06-01,0.31144,0.21812,0.21621,0.5
2022-06-02,0.31878,0.23644,0.2199,0.5
2022-06-03,0.3271,0.24997,0.23134,0.5
2022-06-06,0.34241,0.28384,0.2434,0.5
2022-06-07,0.34522,0.28194,0.25372,0.5
2022-06-08,0.35925,0.28344,0.29432,0.5
2022-06-09,0.37089,0.28937,0.32331,0.5
2022-06-10,0.37416,0.2867,0.33577,0.5
2022-06-13,0.39365,0.34268,0.33826,0.5
2022-06-14,0.39234,0.33836,0.33866,0.5
2022-06-15,0.37351,0.40414,0.3414,0.375
2022-06-16,0.37119,0.39658,0.34199,0.375
2022-06-17,0.36592,0.38183,0.34092,0.375
2022-06-20,0.3679,0.3877,0.34101,0.375
2022-06-21,0.35345,0.35584,0.32952,0.375
2022-06-22,0.36224,0.39429,0.31743,0.375
2022-06-23,0.37196,0.43191,0.30899,0.375
2022-06-24,0.35933,0.40841,0.29459,0.375
2022-06-27,0.37161,0.45203,0.2878,0.375
2022-06-28,0.35608,0.52399,0.29426,0.25
2022-06-29,0.39442,0.63439,0.29888,0.25
2022-06-30,0.30562,0.48785,0.30402,0.125
2022-07-01,0.29761,0.59212,0.30072,0
2022-07-04,0.30232,0.59479,0.31216,0
2022-07-05,0.3078,0.60185,0.32155,0
2022-07-06,0.29904,0.58631,0.31082,0
2022-07-07,0.29846,0.58621,0.30917,0
2022-07-08,0.28818,0.56637,0.29817,0
2022-07-11,0.30563,0.60312,0.31376,0
2022-07-12,0.30122,0.58198,0.32168,0
2022-07-13,0.30103,0.57624,0.32684,0
2022-07-14,0.30344,0.57897,0.33135,0
2022-07-15,0.29961,0.56017,0.33865,0
2022-07-18,0.30173,0.56462,0.34058,0
2022-07-19,0.29753,0.54908,0.3435,0
2022-07-20,0.28642,0.5386,0.32067,0
2022-07-21,0.28426,0.53825,0.31454,0
2022-07-22,0.24379,0.39785,0.33352,0
2022-07-25,0.27405,0.47763,0.34452,0
2022-07-26,0.2658,0.4527,0.34469,0
2022-07-27,0.29769,0.54577,0.34731,0
2022-07-28,0.37001,0.64442,0.3406,0.125
2022-07-29,0.38424,0.69469,0.33304,0.125
2022-08-01,0.41757,0.79893,0.32876,0.125
2022-08-02,0.36211,0.67127,0.29006,0.125
2022-08-03,0.36068,0.68548,0.27157,0.125
2022-08-04,0.35742,0.7057,0.24157,0.125
2022-08-05,0.34797,0.7321,0.1868,0.125
2022-08-08,0.34893,0.73971,0.18207,0.125
2022-08-10,0.3423,0.7088,0.1931,0.125
2022-08-11,0.33777,0.6808,0.20751,0.125
2022-08-12,0.33662,0.64696,0.2379,0.125
2022-08-16,0.33988,0.63537,0.25926,0.125
2022-08-17,0.34557,0.63122,0.2805,0.125
2022-08-18,0.36267,0.66927,0.29376,0.125
2022-08-19,0.33849,0.60318,0.28728,0.125
2022-08-22,0.35684,0.65605,0.28948,0.125
2022-08-23,0.34361,0.62009,0.28575,0.125
2022-08-24,0.35592,0.66312,0.27965,0.125
2022-08-25,0.36021,0.67579,0.27984,0.125
2022-08-26,0.36218,0.68168,0.27986,0.125
2022-08-29,0.34568,0.63149,0.28055,0.125
2022-08-30,0.44033,0.74247,0.32851,0.25
2022-09-01,0.46973,0.7994,0.35979,0.25
2022-09-02,0.46839,0.77215,0.38304,0.25
2022-09-05,0.47597,0.77297,0.40493,0.25
2022-09-06,0.47779,0.76662,0.41674,0.25
2022-09-07,0.4824,0.78351,0.41369,0.25
2022-09-08,0.47566,0.76949,0.40748,0.25
2022-09-09,0.4707,0.75057,0.41153,0.25
2022-09-12,0.47412,0.74175,0.43062,0.25
2022-09-13,0.42391,0.69344,0.4533,0.125
2022-09-14,0.42067,0.66684,0.47017,0.125
2022-09-15,0.43288,0.69462,0.479,0.125
2022-09-16,0.46815,0.67505,0.4794,0.25
2022-09-19,0.45158,0.62554,0.4792,0.25
2022-09-20,0.43907,0.59294,0.47427,0.25
2022-09-21,0.43675,0.5903,0.46995,0.25
2022-09-22,0.43417,0.59718,0.45534,0.25
2022-09-23,0.41821,0.57411,0.43052,0.25
2022-09-26,0.43098,0.64561,0.39734,0.25
2022-09-27,0.39422,0.57467,0.35799,0.25
2022-09-28,0.37899,0.56624,0.32073,0.25
2022-09-29,0.36475,0.5571,0.28715,0.25
2022-09-30,0.34408,0.53863,0.2436,0.25
2022-10-03,0.34246,0.54655,0.23082,0.25
2022-10-04,0.4056,0.59744,0.24434,0.375
2022-10-06,0.38126,0.52488,0.24391,0.375
2022-10-07,0.38335,0.53245,0.24259,0.375
2022-10-10,0.38274,0.5366,0.23662,0.375
2022-10-11,0.38261,0.54189,0.23093,0.375
2022-10-12,0.36183,0.48586,0.22463,0.375
2022-10-13,0.30089,0.43161,0.22107,0.25
2022-10-14,0.30992,0.45585,0.22391,0.25
2022-10-17,0.3074,0.44751,0.2247,0.25
2022-10-18,0.30354,0.43895,0.22168,0.25
2022-10-19,0.28331,0.38081,0.21911,0.25
2022-10-20,0.303,0.42446,0.23454,0.25
2022-10-21,0.32369,0.46837,0.2527,0.25
2022-10-24,0.32664,0.4517,0.27822,0.25
2022-10-25,0.3234,0.44829,0.2719,0.25
2022-10-27,0.32498,0.45775,0.2672,0.25
2022-10-28,0.33294,0.47001,0.2788,0.25
2022-10-31,0.33188,0.46063,0.285,0.25
2022-11-01,0.30596,0.4877,0.30519,0.125
2022-11-02,0.31394,0.49776,0.31907,0.125
2022-11-03,0.3283,0.52658,0.33333,0.125
2022-11-04,0.33966,0.54144,0.35255,0.125
2022-11-07,0.35805,0.57836,0.3708,0.125
2022-11-09,0.33204,0.48684,0.38428,0.125
2022-11-10,0.36347,0.56625,0.39916,0.125
2022-11-11,0.40989,0.57926,0.40041,0.25
2022-11-14,0.38915,0.51465,0.40282,0.25
2022-11-15,0.41,0.58059,0.39942,0.25
2022-11-16,0.39771,0.54491,0.39821,0.25
2022-11-17,0.36565,0.45289,0.39406,0.25
2022-11-18,0.33815,0.52684,0.36262,0.125
2022-11-21,0.32244,0.49559,0.34673,0.125
2022-11-22,0.31706,0.47976,0.34642,0.125
2022-11-23,0.32883,0.51636,0.34512,0.125
2022-11-24,0.2786,0.41405,0.29675,0.125
2022-11-25,0.24764,0.36624,0.25168,0.125
2022-11-28,0.23471,0.37269,0.20643,0.125
2022-11-29,0.22799,0.35762,0.20134,0.125
2022-11-30,0.218,0.32091,0.20808,0.125
2022-12-01,0.22134,0.34116,0.19788,0.125
2022-12-02,0.20572,0.32222,0.16994,0.125
2022-12-05,0.20056,0.29417,0.18252,0.125
2022-12-06,0.21893,0.3414,0.1904,0.125
2022-12-07,0.21748,0.34465,0.18279,0.125
2022-12-08,0.21866,0.34622,0.18476,0.125
2022-12-09,0.22002,0.34037,0.1947,0.125
2022-12-12,0.22652,0.35292,0.20163,0.125
2022-12-13,0.20281,0.2726,0.21084,0.125
2022-12-14,0.20487,0.27146,0.21816,0.125
2022-12-15,0.24122,0.25491,0.21874,0.25
2022-12-16,0.26389,0.32113,0.22053,0.25
2022-12-19,0.27349,0.34437,0.22611,0.25
2022-12-20,0.26837,0.32666,0.22845,0.25
2022-12-21,0.26615,0.31117,0.23727,0.25
2022-12-22,0.23304,0.21343,0.2357,0.25
2022-12-23,0.26001,0.29152,0.2385,0.25
2022-12-26,0.32508,0.46081,0.26443,0.25
2022-12-27,0.33447,0.46148,0.29194,0.25
2022-12-28,0.33052,0.4355,0.30605,0.25
2022-12-29,0.33652,0.43874,0.32082,0.25
2022-12-30,0.34522,0.4566,0.32907,0.25
2023-01-02,0.34922,0.4607,0.33696,0.25
2023-01-03,0.34585,0.45705,0.33049,0.25
2023-01-04,0.34771,0.47297,0.32017,0.25
2023-01-05,0.35635,0.49446,0.32458,0.25
2023-01-06,0.34734,0.46562,0.32638,0.25
2023-01-09,0.35043,0.4761,0.32518,0.25
2023-01-10,0.37051,0.53653,0.32498,0.25
2023-01-11,0.35389,0.50673,0.30494,0.25
2023-01-12,0.3568,0.53678,0.28362,0.25
2023-01-13,0.35661,0.54327,0.27655,0.25
2023-01-16,0.34221,0.52063,0.256,0.25
2023-01-17,0.32981,0.50087,0.23857,0.25
2023-01-18,0.32216,0.4905,0.22599,0.25
2023-01-19,0.32099,0.4898,0.22317,0.25
2023-01-20,0.31808,0.49828,0.20595,0.25
2023-01-23,0.31027,0.49966,0.18115,0.25
2023-01-24,0.30953,0.5105,0.16809,0.25
2023-01-25,0.29298,0.48402,0.14491,0.25
2023-01-27,0.31747,0.56114,0.14128,0.25
2023-01-30,0.29432,0.49387,0.1391,0.25
2023-01-31,0.3078,0.53438,0.13903,0.25
2023-02-01,0.32472,0.5855,0.13865,0.25
2023-02-02,0.33695,0.62119,0.13964,0.25
2023-02-03,0.33175,0.59993,0.14533,0.25
2023-02-06,0.2556,0.49549,0.14631,0.125
2023-02-07,0.25288,0.48951,0.14412,0.125
2023-02-08,0.24713,0.48397,0.13242,0.125
2023-02-09,0.23316,0.44856,0.12591,0.125
2023-02-10,0.23667,0.47035,0.11465,0.125
2023-02-13,0.2347,0.47334,0.10576,0.125
2023-02-14,0.23074,0.46758,0.099643,0.125
2023-02-15,0.23787,0.49163,0.096966,0.125
2023-02-16,0.2495,0.51858,0.10491,0.125
2023-02-17,0.254,0.52885,0.10814,0.125
2023-02-20,0.24724,0.50612,0.1106,0.125
2023-02-21,0.22235,0.4256,0.11646,0.125
2023-02-22,0.25191,0.39505,0.11069,0.25
2023-02-23,0.23071,0.3339,0.10822,0.25
2023-02-24,0.23682,0.34742,0.11305,0.25
2023-02-27,0.24216,0.35277,0.12371,0.25
2023-02-28,0.24804,0.36158,0.13254,0.25
2023-03-01,0.24433,0.35496,0.12803,0.25
2023-03-02,0.24963,0.37067,0.12821,0.25
2023-03-03,0.30239,0.406,0.12617,0.375
2023-03-06,0.30792,0.42113,0.12762,0.375
2023-03-08,0.30389,0.41091,0.12577,0.375
2023-03-09,0.31665,0.44744,0.1275,0.375
2023-03-10,0.29244,0.35815,0.14416,0.375
2023-03-13,0.33992,0.47691,0.16785,0.375
2023-03-14,0.33984,0.45629,0.18822,0.375
2023-03-15,0.32935,0.42491,0.18813,0.375
2023-03-16,0.32506,0.40814,0.19205,0.375
2023-03-17,0.34763,0.4758,0.19209,0.375
2023-03-20,0.34928,0.491,0.18183,0.375
2023-03-21,0.34619,0.48578,0.1778,0.375
2023-03-22,0.35033,0.49623,0.17974,0.375
2023-03-23,0.36345,0.52879,0.18657,0.375
2023-03-24,0.35075,0.48803,0.18922,0.375
2023-03-27,0.34373,0.46489,0.1913,0.375
2023-03-28,0.35866,0.50223,0.19875,0.375
2023-03-29,0.35697,0.49628,0.19963,0.375
2023-03-31,0.40086,0.50937,0.19322,0.5
2023-04-03,0.36922,0.42433,0.18332,0.5
2023-04-05,0.35904,0.40538,0.17173,0.5
2023-04-06,0.34922,0.37912,0.16853,0.5
2023-04-10,0.38656,0.49526,0.16441,0.5
2023-04-11,0.37179,0.56537,0.17498,0.375
2023-04-12,0.36725,0.54378,0.18296,0.375
2023-04-13,0.37653,0.54068,0.21392,0.375
2023-04-17,0.37191,0.52895,0.21177,0.375
2023-04-18,0.3737,0.52971,0.21638,0.375
2023-04-19,0.38448,0.54573,0.2327,0.375
2023-04-20,0.3953,0.56218,0.24873,0.375
2023-04-21,0.37208,0.59598,0.27027,0.25
2023-04-24,0.37285,0.58512,0.28342,0.25
2023-04-25,0.38118,0.59811,0.29543,0.25
2023-04-26,0.37969,0.57774,0.31133,0.25
2023-04-27,0.34441,0.46931,0.31393,0.25
2023-04-28,0.28109,0.42768,0.29059,0.125
2023-05-02,0.27036,0.43018,0.25589,0.125
2023-05-03,0.26999,0.42599,0.25898,0.125
2023-05-04,0.27328,0.43006,0.26477,0.125
2023-05-05,0.29006,0.48313,0.26204,0.125
2023-05-08,0.31276,0.54615,0.26714,0.125
2023-05-09,0.29317,0.49052,0.26398,0.125
2023-05-10,0.30161,0.50927,0.27057,0.125
2023-05-11,0.30976,0.52844,0.27586,0.125
2023-05-12,0.32406,0.56812,0.27904,0.125
2023-05-15,0.32034,0.55658,0.27943,0.125
2023-05-16,0.32634,0.57393,0.28009,0.125
2023-05-17,0.31033,0.51698,0.289,0.125
2023-05-18,0.29384,0.59874,0.2828,0
2023-05-19,0.30318,0.63893,0.2706,0
2023-05-22,0.30954,0.6754,0.25322,0
2023-05-23,0.2986,0.64378,0.25203,0
2023-05-24,0.30503,0.66443,0.25067,0
2023-05-25,0.30609,0.66445,0.25382,0
2023-05-26,0.29439,0.62813,0.25505,0
2023-05-29,0.30293,0.66822,0.24056,0
2023-05-30,0.30629,0.6742,0.24468,0
2023-05-31,0.29929,0.65597,0.24189,0
2023-06-01,0.28949,0.62914,0.23934,0
2023-06-02,0.27526,0.58876,0.23702,0
2023-06-05,0.28923,0.63976,0.22794,0
2023-06-06,0.30446,0.68035,0.23303,0
2023-06-07,0.2854,0.62138,0.23482,0
2023-06-08,0.28453,0.63266,0.22094,0
2023-06-09,0.27667,0.62102,0.20899,0
2023-06-12,0.27494,0.62529,0.19954,0
2023-06-13,0.26323,0.60884,0.18085,0
2023-06-14,0.26512,0.62049,0.17486,0
2023-06-15,0.22833,0.51417,0.17084,0
2023-06-16,0.14968,0.28705,0.162,0
2023-06-19,0.18602,0.41869,0.13937,0
2023-06-20,0.16614,0.38708,0.11133,0
2023-06-21,0.15121,0.36904,0.084585,0
2023-06-22,0.11352,0.29313,0.047435,0
2023-06-23,0.1036,0.30586,0.0049342,0
2023-06-26,0.090513,0.27154,0,0
2023-06-27,0.066341,0.19902,0,0
2023-06-28,0.10218,0.30601,0.00051825,0
2023-06-30,0.21376,0.48693,0.029339,0.125
2023-07-03,0.24845,0.56433,0.056004,0.125
2023-07-04,0.25257,0.57296,0.059761,0.125
2023-07-05,0.25576,0.57663,0.065645,0.125
2023-07-06,0.25178,0.55201,0.078312,0.125
2023-07-07,0.28225,0.62627,0.095462,0.125
2023-07-10,0.25925,0.54655,0.10619,0.125
2023-07-11,0.26152,0.55743,0.10212,0.125
2023-07-12,0.26453,0.57024,0.098341,0.125
2023-07-13,0.27316,0.59551,0.098968,0.125
2023-07-14,0.25359,0.536,0.099768,0.125
2023-07-17,0.26441,0.56445,0.10378,0.125
2023-07-18,0.24824,0.5071,0.11262,0.125
2023-07-19,0.26444,0.55632,0.112,0.125
2023-07-20,0.2618,0.54823,0.11217,0.125
2023-07-21,0.33075,0.61242,0.12983,0.25
2023-07-24,0.3186,0.55704,0.14876,0.25
2023-07-25,0.33038,0.58726,0.15387,0.25
2023-07-26,0.33366,0.59432,0.15667,0.25
2023-07-27,0.33208,0.58454,0.16169,0.25
2023-07-28,0.33076,0.57803,0.16424,0.25
2023-07-31,0.32958,0.57449,0.16427,0.25
2023-08-01,0.32591,0.55871,0.16903,0.25
2023-08-02,0.29613,0.47536,0.16303,0.25
2023-08-03,0.3056,0.50929,0.1575,0.25
2023-08-04,0.30883,0.52164,0.15485,0.25
2023-08-07,0.30924,0.5226,0.15514,0.25
2023-08-08,0.31872,0.55238,0.15379,0.25
2023-08-09,0.31879,0.55731,0.14907,0.25
2023-08-10,0.3,0.50152,0.14848,0.25
2023-08-11,0.24203,0.45299,0.14811,0.125
2023-08-14,0.24018,0.44411,0.15144,0.125
2023-08-16,0.25398,0.47065,0.16629,0.125
2023-08-17,0.25618,0.47214,0.1714,0.125
2023-08-18,0.25234,0.46213,0.16988,0.125
2023-08-21,0.27163,0.50914,0.18076,0.125
2023-08-22,0.27583,0.50885,0.19364,0.125
2023-08-23,0.29043,0.53339,0.21289,0.125
2023-08-24,0.29351,0.52868,0.22687,0.125
2023-08-25,0.30439,0.55503,0.23312,0.125
2023-08-28,0.29064,0.50289,0.24404,0.125
2023-08-29,0.30915,0.54732,0.25512,0.125
2023-08-30,0.32128,0.57636,0.26247,0.125
2023-08-31,0.31652,0.56102,0.26354,0.125
2023-09-01,0.2892,0.48642,0.25616,0.125
2023-09-04,0.25518,0.51556,0.24997,0
2023-09-05,0.25004,0.50835,0.24178,0
2023-09-06,0.25848,0.53875,0.23669,0
2023-09-07,0.24746,0.51003,0.23235,0
2023-09-08,0.25719,0.54937,0.22219,0
2023-09-11,0.27142,0.58349,0.23075,0
2023-09-12,0.25253,0.5176,0.24,0
2023-09-13,0.28889,0.61339,0.25328,0
2023-09-14,0.25836,0.51227,0.2628,0
2023-09-15,0.23527,0.43799,0.26782,0
2023-09-18,0.2253,0.42317,0.25274,0
2023-09-20,0.26314,0.41319,0.25123,0.125
2023-09-21,0.30266,0.54168,0.24129,0.125
2023-09-22,0.29794,0.53222,0.23662,0.125
2023-09-25,0.29336,0.53361,0.22146,0.125
2023-09-26,0.31561,0.6029,0.21891,0.125
2023-09-27,0.31171,0.59022,0.21993,0.125
2023-09-28,0.3056,0.56848,0.22331,0.125
2023-09-29,0.31702,0.60099,0.22507,0.125
2023-10-03,0.319,0.60958,0.22242,0.125
2023-10-04,0.32216,0.61933,0.22215,0.125
2023-10-05,0.3175,0.60162,0.22589,0.125
2023-10-06,0.31679,0.59777,0.2276,0.125
2023-10-09,0.32483,0.61563,0.23387,0.125
2023-10-10,0.34339,0.6648,0.24037,0.125
2023-10-11,0.34175,0.65752,0.24273,0.125
2023-10-12,0.32034,0.59934,0.23668,0.125
2023-10-13,0.32681,0.63442,0.221,0.125
2023-10-16,0.33421,0.66791,0.20971,0.125
2023-10-17,0.33581,0.6727,0.20972,0.125
2023-10-18,0.33495,0.67011,0.20975,0.125
2023-10-19,0.32137,0.62983,0.20928,0.125
2023-10-20,0.3304,0.6467,0.21951,0.125
2023-10-23,0.35979,0.61274,0.21663,0.25
2023-10-25,0.37885,0.67366,0.2129,0.25
2023-10-26,0.44931,0.78204,0.19089,0.375
2023-10-27,0.46191,0.82322,0.1875,0.375
2023-10-30,0.45576,0.79969,0.19258,0.375
2023-10-31,0.45424,0.79724,0.19048,0.375
2023-11-01,0.44998,0.79563,0.17932,0.375
2023-11-02,0.4666,0.8486,0.1762,0.375
2023-11-03,0.42193,0.8299,0.18589,0.25
2023-11-06,0.42442,0.8368,0.18646,0.25
2023-11-07,0.39696,0.75175,0.18912,0.25
2023-11-08,0.39204,0.73585,0.19026,0.25
2023-11-09,0.39053,0.73081,0.19077,0.25
2023-11-10,0.41556,0.7993,0.19738,0.25
2023-11-13,0.43111,0.83071,0.21262,0.25
2023-11-15,0.3996,0.73432,0.21448,0.25
2023-11-16,0.39188,0.70625,0.2194,0.25
2023-11-17,0.3944,0.70988,0.22331,0.25
2023-11-20,0.40214,0.72859,0.22782,0.25
2023-11-21,0.40497,0.72989,0.23502,0.25
2023-11-22,0.4038,0.72013,0.24126,0.25
2023-11-23,0.41087,0.73637,0.24626,0.25
2023-11-24,0.43455,0.7773,0.27635,0.25
2023-11-28,0.4374,0.75805,0.30416,0.25
2023-11-29,0.43292,0.7363,0.31246,0.25
2023-11-30,0.42065,0.68723,0.32473,0.25
2023-12-01,0.42105,0.67897,0.33419,0.25
2023-12-04,0.46717,0.68945,0.33708,0.375
2023-12-05,0.46483,0.68905,0.33045,0.375
2023-12-06,0.46568,0.70971,0.31234,0.375
2023-12-07,0.41923,0.6956,0.31208,0.25
2023-12-08,0.41402,0.68007,0.312,0.25
2023-12-11,0.35626,0.63067,0.31311,0.125
2023-12-12,0.35639,0.63113,0.31304,0.125
2023-12-13,0.35529,0.6313,0.30957,0.125
2023-12-14,0.37433,0.57997,0.29303,0.25
2023-12-15,0.4335,0.65413,0.27138,0.375
2023-12-18,0.41123,0.61038,0.2483,0.375
2023-12-19,0.40832,0.62145,0.22851,0.375
2023-12-20,0.45739,0.60541,0.26677,0.5
2023-12-21,0.45769,0.58099,0.2921,0.5
2023-12-22,0.46123,0.57228,0.3114,0.5
2023-12-26,0.45985,0.56259,0.31695,0.5
2023-12-27,0.44924,0.53785,0.30988,0.5
2023-12-28,0.45887,0.57925,0.29735,0.5
2023-12-29,0.46127,0.58741,0.2964,0.5
2024-01-01,0.46849,0.60159,0.30387,0.5
2024-01-02,0.46705,0.59672,0.30443,0.5
2024-01-03,0.46362,0.59037,0.30049,0.5
2024-01-04,0.46109,0.58987,0.29338,0.5
2024-01-05,0.45094,0.56062,0.2922,0.5
2024-01-08,0.43299,0.51017,0.28879,0.5
2024-01-09,0.41332,0.48143,0.25854,0.5
2024-01-10,0.40931,0.50192,0.22602,0.5
2024-01-11,0.41811,0.54037,0.21397,0.5
2024-01-12,0.40109,0.51011,0.19317,0.5
2024-01-15,0.40068,0.52884,0.17318,0.5
2024-01-16,0.3298,0.44178,0.17262,0.375
2024-01-17,0.36596,0.39496,0.20292,0.5
2024-01-18,0.37075,0.38542,0.22682,0.5
2024-01-19,0.37362,0.36905,0.25182,0.5
2024-01-23,0.43386,0.38131,0.29527,0.625
2024-01-24,0.45648,0.41954,0.3249,0.625
2024-01-25,0.45303,0.39536,0.33872,0.625
2024-01-29,0.46194,0.40639,0.35444,0.625
2024-01-30,0.42115,0.41032,0.35312,0.5
2024-01-31,0.39471,0.45016,0.35896,0.375
2024-02-01,0.37915,0.40205,0.36041,0.375
2024-02-02,0.3909,0.4452,0.3525,0.375
2024-02-05,0.35457,0.46126,0.35245,0.25
2024-02-06,0.35224,0.45439,0.35233,0.25
2024-02-07,0.35106,0.44484,0.35833,0.25
2024-02-08,0.3484,0.43211,0.36309,0.25
2024-02-09,0.34825,0.42386,0.3709,0.25
2024-02-12,0.34636,0.41443,0.37467,0.25
2024-02-13,0.3353,0.37572,0.38017,0.25
2024-02-14,0.3189,0.34819,0.35851,0.25
2024-02-15,0.31937,0.36039,0.34773,0.25
2024-02-16,0.31993,0.3665,0.34328,0.25
2024-02-19,0.3239,0.36767,0.35404,0.25
2024-02-20,0.33325,0.39391,0.35586,0.25
2024-02-21,0.34184,0.40968,0.36584,0.25
2024-02-22,0.33589,0.38292,0.37475,0.25
2024-02-23,0.32955,0.3543,0.38435,0.25
2024-02-26,0.34986,0.41112,0.38846,0.25
2024-02-27,0.35282,0.41025,0.3982,0.25
2024-02-28,0.35101,0.40415,0.39888,0.25
2024-02-29,0.36536,0.44379,0.4023,0.25
2024-03-01,0.30822,0.39795,0.40172,0.125
2024-03-04,0.29402,0.35616,0.40089,0.125
2024-03-05,0.2925,0.35423,0.39826,0.125
2024-03-06,0.21542,0.26216,0.3841,0
2024-03-07,0.21485,0.27615,0.3684,0
2024-03-11,0.20583,0.2567,0.36078,0
2024-03-12,0.12564,0.061911,0.31501,0
2024-03-13,0.13721,0,0.28664,0.125
2024-03-14,0.15578,0.099074,0.24327,0.125
2024-03-15,0.14028,0.10612,0.1897,0.125
2024-03-18,0.13762,0.11335,0.17452,0.125
2024-03-19,0.12629,0.096165,0.15769,0.125
2024-03-20,0.11589,0.078769,0.14392,0.125
2024-03-21,0.12306,0.091218,0.15295,0.125
2024-03-22,0.12484,0.096422,0.15308,0.125
2024-03-26,0.12792,0.10663,0.15212,0.125
2024-03-27,0.12655,0.10162,0.15303,0.125
2024-03-28,0.129,0.10926,0.15273,0.125
2024-04-01,0.13533,0.11372,0.16728,0.125
2024-04-02,0.14032,0.11827,0.17768,0.125
2024-04-03,0.16223,0.17242,0.18927,0.125
2024-04-04,0.16652,0.18484,0.18972,0.125
2024-04-05,0.17809,0.20884,0.20042,0.125
2024-04-08,0.17465,0.19526,0.20368,0.125
2024-04-09,0.18079,0.19941,0.21798,0.125
2024-04-10,0.18399,0.19087,0.2361,0.125
2024-04-12,0.18396,0.19384,0.23304,0.125
2024-04-15,0.20379,0.26202,0.22435,0.125
2024-04-16,0.21543,0.29734,0.22397,0.125
2024-04-18,0.23163,0.34676,0.22315,0.125
2024-04-19,0.24133,0.38212,0.21688,0.125
2024-04-22,0.24063,0.37925,0.21765,0.125
2024-04-23,0.23191,0.35518,0.21555,0.125
2024-04-24,0.24074,0.38534,0.21188,0.125
2024-04-25,0.23936,0.38512,0.20795,0.125
2024-04-26,0.24676,0.40768,0.20759,0.125
2024-04-29,0.28869,0.53236,0.20872,0.125
2024-04-30,0.22269,0.4587,0.20937,0
2024-05-02,0.23228,0.48684,0.21,0
2024-05-03,0.22591,0.47115,0.20657,0
2024-05-06,0.23603,0.50279,0.20531,0
2024-05-07,0.25269,0.55596,0.20212,0
2024-05-08,0.25651,0.57116,0.19838,0
2024-05-09,0.24999,0.44373,0.18125,0.125
2024-05-10,0.24513,0.42883,0.18156,0.125
2024-05-13,0.24747,0.43473,0.18267,0.125
2024-05-14,0.2478,0.43291,0.18548,0.125
2024-05-15,0.24509,0.42404,0.18623,0.125
2024-05-16,0.23659,0.40118,0.1836,0.125
2024-05-17,0.21517,0.33937,0.18114,0.125
2024-05-21,0.22119,0.33487,0.20371,0.125
2024-05-22,0.2249,0.32449,0.22521,0.125
2024-05-23,0.25567,0.30766,0.20935,0.25
2024-05-24,0.23044,0.24808,0.19324,0.25
2024-05-27,0.23409,0.28584,0.16645,0.25
2024-05-28,0.23302,0.31637,0.13269,0.25
2024-05-29,0.2086,0.24458,0.13121,0.25
2024-05-30,0.21654,0.25983,0.13979,0.25
2024-05-31,0.21271,0.24103,0.14711,0.25
2024-06-03,0.28631,0.2328,0.25112,0.375
2024-06-04,0.69132,0.92805,0.64592,0.5
2024-06-05,0.82344,0.96495,0.88038,0.625
2024-06-06,0.84986,0.9283,0.99627,0.625
2024-06-07,0.84925,0.92275,1,0.625
2024-06-10,0.84111,0.89834,1,0.625
2024-06-11,0.84254,0.90523,0.99738,0.625
2024-06-12,0.83688,0.91311,0.97254,0.625
2024-06-13,0.82787,0.9119,0.94671,0.625
2024-06-14,0.8261,0.9155,0.93778,0.625
2024-06-18,0.82629,0.9188,0.93507,0.625
2024-06-19,0.83488,0.92094,0.95871,0.625
2024-06-20,0.84398,0.92461,0.98233,0.625
2024-06-21,0.85628,0.94385,1,0.625
2024-06-24,0.81818,0.95453,1,0.5
2024-06-25,0.81716,0.95148,1,0.5
2024-06-26,0.81674,0.95022,1,0.5
2024-06-27,0.81644,0.94932,1,0.5
2024-06-28,0.81734,0.95201,1,0.5
2024-07-01,0.81833,0.95499,1,0.5
2024-07-02,0.81774,0.95323,1,0.5
2024-07-03,0.81522,0.95022,0.99545,0.5
2024-07-04,0.81762,0.96163,0.99123,0.5
2024-07-05,0.7857,0.98209,1,0.375
2024-07-08,0.78578,0.98234,1,0.375
2024-07-09,0.78509,0.98027,1,0.375
2024-07-10,0.78602,0.98306,1,0.375
2024-07-11,0.78647,0.98442,1,0.375
2024-07-12,0.78682,0.98545,1,0.375
2024-07-15,0.79167,1,1,0.375
2024-07-16,0.75,1,1,0.25
2024-07-18,0.57408,0.59723,1,0.125
2024-07-19,0.54755,0.51764,1,0.125
2024-07-22,0.48664,0.33493,1,0.125
2024-07-23,0.51081,0.42457,0.98285,0.125
2024-07-24,0.48615,0.40736,0.92608,0.125
2024-07-25,0.4308,0.40509,0.7623,0.125
2024-07-26,0.3003,0.30586,0.34502,0.25
2024-07-29,0.25657,0.24596,0.27374,0.25
2024-07-30,0.26377,0.27078,0.27054,0.25
2024-07-31,0.26341,0.27219,0.26805,0.25
2024-08-01,0.25686,0.26558,0.255,0.25
2024-08-02,0.29356,0.25446,0.25121,0.375
2024-08-05,0.44293,0.49986,0.32892,0.5
2024-08-06,0.42747,0.44768,0.33473,0.5
2024-08-07,0.42988,0.43168,0.35795,0.5
2024-08-08,0.43827,0.44283,0.37199,0.5
2024-08-09,0.44835,0.45757,0.38747,0.5
2024-08-12,0.4451,0.44164,0.39365,0.5
2024-08-13,0.44186,0.43203,0.39355,0.5
2024-08-14,0.43437,0.42473,0.37838,0.5
2024-08-16,0.4185,0.39264,0.36284,0.5
2024-08-19,0.39799,0.34787,0.34611,0.5
2024-08-20,0.38651,0.33046,0.32909,0.5
2024-08-21,0.37837,0.32584,0.30927,0.5
2024-08-22,0.3741,0.33411,0.2882,0.5
2024-08-23,0.37373,0.34425,0.27694,0.5
2024-08-26,0.37021,0.34469,0.26594,0.5
2024-08-27,0.37234,0.34241,0.27461,0.5
2024-08-28,0.37838,0.35146,0.28369,0.5
2024-08-29,0.38514,0.3617,0.29371,0.5
2024-08-30,0.38762,0.3566,0.30626,0.5
2024-09-02,0.36,0.37647,0.32853,0.375
2024-09-03,0.36704,0.37723,0.34888,0.375
2024-09-04,0.37449,0.37766,0.3708,0.375
2024-09-05,0.37866,0.37294,0.38804,0.375
2024-09-06,0.38694,0.39725,0.38856,0.375
2024-09-09,0.35987,0.43199,0.39763,0.25
2024-09-10,0.35722,0.41601,0.40565,0.25
2024-09-11,0.35712,0.4105,0.41085,0.25
2024-09-12,0.39516,0.40298,0.40752,0.375
2024-09-13,0.38589,0.37927,0.4034,0.375
2024-09-16,0.30732,0.26899,0.40296,0.25
2024-09-17,0.26886,0.28848,0.3931,0.125
2024-09-18,0.27699,0.31404,0.39192,0.125
2024-09-19,0.26528,0.28789,0.38295,0.125
2024-09-20,0.2874,0.24101,0.37119,0.25
2024-09-23,0.29723,0.28771,0.35397,0.25
2024-09-24,0.29243,0.29683,0.33045,0.25
2024-09-25,0.29053,0.32264,0.29895,0.25
2024-09-26,0.30327,0.36047,0.29933,0.25
2024-09-27,0.30784,0.38318,0.29034,0.25
2024-09-30,0.34113,0.358,0.29039,0.375
2024-10-01,0.32888,0.32335,0.28829,0.375
2024-10-03,0.35983,0.278,0.30149,0.5
2024-10-04,0.38798,0.35078,0.31315,0.5
2024-10-07,0.39664,0.37174,0.31817,0.5
2024-10-08,0.40408,0.39047,0.32177,0.5
2024-10-09,0.38922,0.36115,0.30652,0.5
2024-10-10,0.38732,0.37361,0.28834,0.5
2024-10-11,0.38493,0.38756,0.26722,0.5
2024-10-14,0.37378,0.37795,0.24341,0.5
2024-10-15,0.35968,0.35769,0.22135,0.5
2024-10-16,0.35175,0.35073,0.20451,0.5
2024-10-17,0.34098,0.33773,0.18521,0.5
2024-10-18,0.3383,0.34978,0.16511,0.5
2024-10-21,0.34311,0.36303,0.16631,0.5
2024-10-22,0.33584,0.34698,0.16054,0.5
2024-10-23,0.32863,0.32518,0.1607,0.5
2024-10-24,0.33392,0.34126,0.16051,0.5
2024-10-25,0.30195,0.36887,0.16198,0.375
2024-10-28,0.29631,0.35418,0.15976,0.375
2024-10-29,0.28817,0.33266,0.15686,0.375
2024-10-30,0.28144,0.31207,0.15725,0.375
2024-10-31,0.27531,0.28975,0.16118,0.375
2024-11-01,0.28742,0.32381,0.16345,0.375
2024-11-04,0.24038,0.30831,0.16283,0.25
2024-11-05,0.24756,0.33351,0.15918,0.25
2024-11-06,0.2425,0.32161,0.15589,0.25
2024-11-07,0.25412,0.35789,0.15447,0.25
2024-11-08,0.24816,0.34232,0.15217,0.25
2024-11-11,0.2715,0.41649,0.148,0.25
2024-11-12,0.23742,0.43678,0.15047,0.125
2024-11-13,0.29231,0.59875,0.15319,0.125
2024-11-14,0.21312,0.49046,0.1489,0
2024-11-18,0.21472,0.49465,0.1495,0
2024-11-19,0.21416,0.4926,0.14988,0
2024-11-21,0.21871,0.50798,0.14816,0
2024-11-22,0.26271,0.49635,0.16678,0.125
2024-11-25,0.29166,0.5637,0.18628,0.125
2024-11-26,0.27965,0.52274,0.1912,0.125
2024-11-27,0.28635,0.53902,0.19504,0.125
2024-11-28,0.27577,0.49684,0.20547,0.125
2024-11-29,0.2819,0.51346,0.20724,0.125
2024-12-02,0.28056,0.51642,0.20027,0.125
2024-12-03,0.27298,0.50527,0.18866,0.125
2024-12-04,0.27634,0.52658,0.17744,0.125
2024-12-05,0.27874,0.53828,0.17294,0.125
2024-12-06,0.26009,0.49365,0.16161,0.125
2024-12-09,0.27281,0.52962,0.16382,0.125
2024-12-10,0.28323,0.55506,0.16963,0.125
2024-12-11,0.29551,0.58067,0.18086,0.125
2024-12-12,0.30268,0.58933,0.19372,0.125
2024-12-13,0.30238,0.58175,0.20039,0.125
2024-12-16,0.30221,0.5739,0.20772,0.125
2024-12-17,0.30047,0.57123,0.20519,0.125
2024-12-18,0.29516,0.55327,0.20721,0.125
2024-12-19,0.29194,0.54222,0.2086,0.125
2024-12-20,0.29377,0.54694,0.20937,0.125
2024-12-23,0.29984,0.56525,0.20928,0.125
2024-12-24,0.29218,0.54093,0.21061,0.125
2024-12-26,0.30865,0.58976,0.21119,0.125
2024-12-27,0.30778,0.58639,0.21194,0.125
2024-12-30,0.31963,0.62179,0.2121,0.125
2024-12-31,0.31424,0.60371,0.214,0.125
2025-01-01,0.31663,0.60421,0.22066,0.125
2025-01-02,0.34613,0.57349,0.2149,0.25
2025-01-03,0.34915,0.58913,0.20831,0.25
2025-01-06,0.27904,0.50887,0.20326,0.125
2025-01-07,0.27961,0.51719,0.19665,0.125
2025-01-08,0.27895,0.51512,0.19673,0.125
2025-01-09,0.28818,0.54106,0.19849,0.125
2025-01-10,0.27783,0.51805,0.19044,0.125
2025-01-13,0.26641,0.49745,0.17678,0.125
2025-01-14,0.25521,0.47562,0.16502,0.125
2025-01-15,0.26124,0.49235,0.16637,0.125
2025-01-16,0.27157,0.52151,0.16821,0.125
2025-01-17,0.27932,0.54318,0.16978,0.125
2025-01-20,0.2743,0.52788,0.17003,0.125
2025-01-21,0.26362,0.50462,0.16123,0.125
2025-01-22,0.24654,0.46397,0.15064,0.125
2025-01-23,0.23871,0.45275,0.13838,0.125
2025-01-24,0.23868,0.46772,0.12333,0.125
2025-01-27,0.2347,0.46495,0.11415,0.125
2025-01-28,0.23329,0.47889,0.095988,0.125
2025-01-29,0.23411,0.48459,0.092752,0.125
2025-01-30,0.23286,0.48161,0.09198,0.125
2025-01-31,0.21633,0.43308,0.090909,0.125
2025-02-01,0.2048,0.39839,0.091018,0.125
2025-02-03,0.20792,0.40881,0.089942,0.125
2025-02-04,0.19447,0.36728,0.091115,0.125
2025-02-05,0.17118,0.29694,0.091597,0.125
2025-02-06,0.17686,0.31435,0.091227,0.125
2025-02-07,0.18196,0.33,0.090885,0.125
2025-02-10,0.17326,0.30497,0.089822,0.125
2025-02-11,0.17692,0.33659,0.069158,0.125
2025-02-12,0.11383,0.27267,0.068827,0
2025-02-13,0.12628,0.29027,0.088567,0
2025-02-14,0.13933,0.31936,0.098642,0
2025-02-17,0.13802,0.31372,0.10032,0
2025-02-18,0.15189,0.35481,0.10087,0
2025-02-19,0.16355,0.39406,0.096592,0
2025-02-20,0.19034,0.44288,0.12814,0
2025-02-21,0.20704,0.45995,0.16118,0
2025-02-24,0.20884,0.45326,0.17326,0
2025-02-25,0.19812,0.40969,0.18467,0
2025-02-27,0.2136,0.44381,0.197,0
2025-02-28,0.22961,0.36702,0.19682,0.125
2025-03-03,0.20701,0.29922,0.19682,0.125
2025-03-04,0.20933,0.30902,0.19396,0.125
2025-03-05,0.20599,0.29293,0.20005,0.125
2025-03-06,0.21678,0.31879,0.20656,0.125
2025-03-07,0.21363,0.30368,0.2122,0.125
2025-03-10,0.21555,0.30407,0.21757,0.125
2025-03-11,0.21654,0.30465,0.21997,0.125
2025-03-12,0.22183,0.32018,0.22031,0.125
2025-03-13,0.22539,0.32906,0.2221,0.125
2025-03-17,0.23374,0.34722,0.229,0.125
2025-03-18,0.23729,0.35746,0.2294,0.125
2025-03-19,0.23037,0.33656,0.22955,0.125
2025-03-20,0.23609,0.35338,0.2299,0.125
2025-03-21,0.24137,0.36923,0.22988,0.125
2025-03-24,0.2462,0.38426,0.22935,0.125
2025-03-25,0.23806,0.3587,0.23049,0.125
2025-03-26,0.22686,0.32448,0.23109,0.125
2025-03-27,0.23324,0.3493,0.22541,0.125
2025-03-28,0.22564,0.33152,0.2204,0.125
2025-04-01,0.22074,0.31487,0.22236,0.125
2025-04-02,0.22657,0.33311,0.22162,0.125
2025-04-03,0.2164,0.30754,0.21666,0.125
2025-04-04,0.20188,0.26676,0.21389,0.125
2025-04-07,0.31505,0.44944,0.24571,0.25
2025-04-08,0.35768,0.55727,0.26578,0.25
2025-04-09,0.35872,0.551,0.27516,0.25
2025-04-11,0.36857,0.55171,0.304,0.25
2025-04-15,0.38853,0.58211,0.33349,0.25
2025-04-16,0.39755,0.596,0.34666,0.25
2025-04-17,0.36952,0.62304,0.36051,0.125
2025-04-21,0.36133,0.60478,0.35422,0.125
2025-04-22,0.35902,0.60508,0.34698,0.125
2025-04-23,0.36202,0.60997,0.3511,0.125
2025-04-24,0.36564,0.61904,0.35287,0.125
2025-04-25,0.36118,0.60377,0.35476,0.125
2025-04-28,0.35642,0.5884,0.35585,0.125
2025-04-29,0.34041,0.54702,0.34921,0.125
2025-04-30,0.34424,0.5616,0.34611,0.125
2025-05-02,0.35073,0.58335,0.34385,0.125
2025-05-05,0.35698,0.60946,0.33649,0.125
2025-05-06,0.36544,0.63515,0.33617,0.125
2025-05-07,0.37592,0.66055,0.34222,0.125
2025-05-08,0.38388,0.66925,0.35738,0.125
2025-05-09,0.38598,0.67033,0.36263,0.125
2025-05-12,0.42631,0.67377,0.35516,0.25
2025-05-13,0.41994,0.66454,0.34528,0.25
2025-05-14,0.41485,0.65162,0.34292,0.25
2025-05-15,0.40537,0.62847,0.33763,0.25
2025-05-16,0.402,0.62326,0.33273,0.25
2025-05-19,0.40747,0.64173,0.33067,0.25
2025-05-20,0.40423,0.6352,0.3275,0.25
2025-05-21,0.40559,0.64614,0.32063,0.25
2025-05-22,0.40156,0.63482,0.31985,0.25
2025-05-23,0.34639,0.58886,0.32531,0.125
2025-05-26,0.35292,0.59853,0.33522,0.125
2025-05-27,0.36157,0.6165,0.3432,0.125
2025-05-28,0.34635,0.5676,0.34645,0.125
2025-05-29,0.35754,0.60324,0.34439,0.125
2025-05-30,0.36453,0.63064,0.33794,0.125
2025-06-02,0.35984,0.6227,0.33181,0.125
2025-06-03,0.36892,0.63468,0.34709,0.125
2025-06-04,0.37521,0.63462,0.36603,0.125
2025-06-05,0.38027,0.63687,0.37894,0.125
2025-06-06,0.38362,0.63755,0.38832,0.125
2025-06-09,0.38377,0.62893,0.39737,0.125
2025-06-10,0.39666,0.6563,0.40868,0.125
2025-06-11,0.39851,0.65341,0.41713,0.125
2025-06-12,0.38993,0.62616,0.41862,0.125
2025-06-13,0.38763,0.62053,0.41737,0.125
2025-06-16,0.3851,0.61676,0.41355,0.125
2025-06-17,0.38026,0.60291,0.41288,0.125
2025-06-18,0.38026,0.60851,0.40726,0.125
2025-06-19,0.38186,0.6269,0.39367,0.125
2025-06-20,0.37231,0.60882,0.38312,0.125
2025-06-23,0.23776,0.33179,0.38148,0
2025-06-24,0.24261,0.3547,0.37312,0
2025-06-25,0.24406,0.37237,0.35982,0
2025-06-26,0.27368,0.48957,0.33149,0
2025-06-27,0.24092,0.4344,0.28836,0
2025-06-30,0.23005,0.46864,0.22152,0
2025-07-01,0.19398,0.48013,0.10181,0
2025-07-02,0.19522,0.49833,0.08734,0
2025-07-03,0.18703,0.48158,0.079498,0
2025-07-04,0.18435,0.48983,0.063235,0
2025-07-07,0.19961,0.50998,0.088859,0
2025-07-08,0.21609,0.53724,0.11103,0
2025-07-09,0.22713,0.5442,0.1372,0
2025-07-10,0.23247,0.53914,0.15825,0
2025-07-11,0.23336,0.53279,0.16729,0
2025-07-14,0.23694,0.53445,0.17637,0
2025-07-15,0.24083,0.54294,0.17956,0
2025-07-16,0.24114,0.54431,0.17911,0
2025-07-17,0.24121,0.54201,0.18163,0
2025-07-18,0.24558,0.5497,0.18704,0
2025-07-21,0.24648,0.55081,0.18864,0
2025-07-22,0.23786,0.51926,0.19431,0
2025-07-23,0.24871,0.54975,0.19638,0
2025-07-24,0.24227,0.52911,0.19769,0
2025-07-25,0.23915,0.52204,0.1954,0
2025-07-28,0.24749,0.5527,0.18976,0
2025-07-29,0.24788,0.55414,0.18949,0
2025-07-30,0.23573,0.51788,0.1893,0
2025-07-31,0.27567,0.63779,0.18922,0
2025-08-01,0.26275,0.61217,0.17608,0
2025-08-04,0.26911,0.63765,0.16967,0
2025-08-05,0.27227,0.65073,0.16608,0
2025-08-06,0.25065,0.58879,0.16317,0
2025-08-07,0.26714,0.64387,0.15754,0
2025-08-08,0.2774,0.55433,0.15287,0.125
2025-08-11,0.3072,0.6475,0.1491,0.125
2025-08-12,0.29944,0.62381,0.14951,0.125
2025-08-13,0.29756,0.61688,0.15079,0.125
2025-08-14,0.28545,0.58061,0.15073,0.125
2025-08-18,0.24945,0.4658,0.15754,0.125
2025-08-19,0.23027,0.41537,0.15043,0.125
2025-08-20,0.2177,0.39381,0.13429,0.125
2025-08-21,0.21824,0.4188,0.11093,0.125
2025-08-22,0.1968,0.37614,0.089261,0.125
2025-08-25,0.19778,0.38855,0.079775,0.125
2025-08-26,0.19178,0.37304,0.077299,0.125
2025-08-28,0.20789,0.42556,0.073103,0.125
2025-08-29,0.1919,0.38399,0.066711,0.125
2025-09-01,0.1847,0.36789,0.061202,0.125
2025-09-02,0.17438,0.3432,0.054937,0.125
2025-09-03,0.17176,0.3355,0.054786,0.125
2025-09-04,0.17156,0.34594,0.043742,0.125
2025-09-05,0.19033,0.40798,0.037999,0.125
2025-09-08,0.205,0.4409,0.049092,0.125
2025-09-09,0.2085,0.4311,0.069386,0.125
2025-09-10,0.2173,0.42754,0.099356,0.125
2025-09-11,0.23288,0.44021,0.13344,0.125
2025-09-12,0.24192,0.43311,0.16765,0.125
2025-09-15,0.25409,0.44624,0.19104,0.125
2025-09-16,0.24703,0.40888,0.20723,0.125
2025-09-17,0.25319,0.41152,0.22304,0.125
2025-09-18,0.25713,0.40761,0.23878,0.125
2025-09-19,0.25492,0.39442,0.24534,0.125
2025-09-22,0.27198,0.44521,0.24571,0.125
2025-09-23,0.20364,0.36254,0.24837,0
2025-09-24,0.20196,0.35936,0.24653,0
2025-09-25,0.20403,0.36366,0.24844,0
2025-09-26,0.22429,0.42263,0.25023,0
2025-09-29,0.23075,0.43281,0.25943,0
2025-09-30,0.24349,0.46955,0.26091,0
2025-10-01,0.2246,0.41895,0.25486,0
2025-10-03,0.21149,0.3778,0.25668,0
2025-10-06,0.2189,0.39676,0.25994,0
2025-10-07,0.21125,0.37278,0.26097,0
2025-10-08,0.21783,0.39112,0.26236,0
2025-10-09,0.17409,0.26683,0.25543,0
2025-10-10,0.17603,0.27462,0.25346,0
2025-10-13,0.17813,0.27968,0.25472,0
2025-10-14,0.1841,0.30801,0.24428,0
2025-10-15,0.18356,0.31744,0.23325,0
2025-10-16,0.25869,0.43195,0.21911,0.125
2025-10-17,0.2443,0.40319,0.20472,0.125
2025-10-20,0.22818,0.35774,0.20182,0.125
2025-10-21,0.22277,0.34138,0.20191,0.125
2025-10-23,0.23703,0.38749,0.1986,0.125
2025-10-24,0.23533,0.39341,0.18759,0.125
2025-10-27,0.2275,0.38951,0.16798,0.125
2025-10-28,0.21134,0.36447,0.14456,0.125
2025-10-29,0.21273,0.38384,0.12936,0.125
2025-10-30,0.21155,0.3923,0.11737,0.125
2025-10-31,0.21174,0.40622,0.10399,0.125
2025-11-03,0.20116,0.38942,0.089063,0.125
2025-11-04,0.19456,0.37206,0.086608,0.125
2025-11-06,0.19415,0.37041,0.087045,0.125
2025-11-07,0.1988,0.38445,0.086944,0.125
2025-11-10,0.20396,0.39797,0.088913,0.125
2025-11-11,0.18653,0.34675,0.087838,0.125
2025-11-12,0.2092,0.41626,0.08635,0.125
2025-11-13,0.17567,0.32878,0.073219,0.125
2025-11-14,0.21126,0.43819,0.070591,0.125
2025-11-17,0.22707,0.47309,0.083135,0.125
2025-11-18,0.2346,0.49898,0.079829,0.125
2025-11-19,0.24332,0.54472,0.060244,0.125
2025-11-20,0.23592,0.53483,0.047943,0.125
2025-11-21,0.24062,0.54864,0.048226,0.125
2025-11-24,0.24092,0.54936,0.048397,0.125
2025-11-25,0.2406,0.54951,0.047304,0.125
2025-11-26,0.26715,0.48422,0.067221,0.25
2025-11-27,0.23622,0.37981,0.078865,0.25
2025-11-28,0.23453,0.36817,0.085437,0.25
2025-12-01,0.19711,0.37827,0.088069,0.125
2025-12-02,0.19149,0.35695,0.092511,0.125
2025-12-03,0.19272,0.35806,0.095111,0.125
2025-12-04,0.18754,0.34091,0.096707,0.125
2025-12-05,0.18432,0.32477,0.10319,0.125
2025-12-08,0.19727,0.36374,0.10307,0.125
2025-12-09,0.20982,0.40172,0.10276,0.125
2025-12-10,0.20897,0.40372,0.098179,0.125
2025-12-11,0.20433,0.39438,0.093596,0.125
2025-12-12,0.201,0.38225,0.09575,0.125
2025-12-15,0.20106,0.38025,0.097927,0.125
2025-12-16,0.19914,0.37349,0.098935,0.125
2025-12-17,0.19392,0.35834,0.098425,0.125
2025-12-18,0.20263,0.38458,0.098307,0.125
2025-12-19,0.19198,0.3535,0.097437,0.125
2025-12-22,0.20043,0.38196,0.094333,0.125
2025-12-23,0.18347,0.33213,0.093268,0.125
2025-12-24,0.20505,0.39712,0.093034,0.125
2025-12-26,0.19452,0.36372,0.094837,0.125
2025-12-29,0.19173,0.36265,0.087548,0.125
2025-12-30,0.18655,0.36628,0.068364,0.125
