date,fold,actual_vol,har_vol,rf_vol,mean_vol
2016-12-23,0,0.0271426,0.0173581,0.0202396,0.0164598
2016-12-24,0,0.0204834,0.018975,0.0163355,0.0164598
2016-12-25,0,0.0230324,0.0191478,0.0170455,0.0164598
2016-12-26,0,0.0236122,0.0189911,0.0170562,0.0164598
2016-12-27,0,0.0250502,0.0186455,0.0167076,0.0164598
2016-12-28,0,0.0195778,0.01832,0.0208995,0.0164598
2016-12-29,0,0.0189221,0.0172957,0.0182294,0.0164598
2016-12-30,0,0.0377854,0.0179454,0.018262,0.0164598
2016-12-31,0,0.0851128,0.0180867,0.0173866,0.0164598
2017-01-01,0,0.0996154,0.0185143,0.0222554,0.0164598
2017-01-02,0,0.0981057,0.0176743,0.015743,0.0164598
2017-01-03,0,0.096322,0.0175687,0.0124803,0.0164598
2017-01-04,0,0.0681645,0.0226141,0.0226941,0.0164598
2017-01-05,0,0.0530321,0.0313876,0.045914,0.0164598
2017-01-06,0,0.0700518,0.0345438,0.0436169,0.0164598
2017-01-07,0,0.074525,0.0344277,0.0364941,0.0164598
2017-01-08,0,0.0769359,0.034296,0.0366801,0.0164598
2017-01-09,0,0.0770301,0.0318055,0.0386907,0.0164598
2017-01-10,0,0.0769323,0.0300926,0.0347315,0.0164598
2017-01-11,0,0.0160616,0.0341432,0.034789,0.0164598
2017-01-12,0,0.0373359,0.034545,0.0339852,0.0164598
2017-01-13,0,0.0430698,0.0347073,0.029894,0.0164598
2017-01-14,0,0.0414576,0.0342602,0.0303206,0.0164598
2017-01-15,0,0.0423916,0.0342482,0.031212,0.0164598
2017-01-16,0,0.0425769,0.0242666,0.0196253,0.0164598
2017-01-17,0,0.019942,0.0297617,0.0255227,0.0164598
2017-01-18,0,0.0143079,0.0306762,0.0213628,0.0164598
2017-01-19,0,0.0216768,0.0302681,0.0250493,0.0164598
2017-01-20,0,0.0221148,0.030417,0.0237418,0.0164598
2017-01-21,0,0.0187461,0.0305172,0.0238765,0.0164598
2017-01-22,0,0.0187078,0.0258222,0.0218028,0.0164598
2017-01-23,0,0.0186669,0.0239062,0.0196112,0.0164598
2017-01-24,0,0.00787711,0.026176,0.0244301,0.0164598
2017-01-25,0,0.00776617,0.0262559,0.0232521,0.0164598
2017-01-26,0,0.0233989,0.0244691,0.017454,0.0164598
2017-01-27,0,0.0230083,0.0231278,0.0185574,0.0164598
2017-01-28,0,0.0220362,0.0216722,0.0191599,0.0164598
2017-01-29,0,0.0188689,0.0179172,0.0179433,0.0164598
2017-01-30,0,0.0160365,0.0178618,0.0181148,0.0164598
2017-01-31,0,0.0152255,0.0230732,0.0231106,0.0164598
2017-02-01,0,0.0146266,0.0230161,0.0218285,0.0164598
2017-02-02,0,0.0144798,0.0181006,0.0209716,0.0164598
2017-02-03,0,0.01399,0.0173613,0.0156645,0.0164598
2017-02-04,0,0.034764,0.0167064,0.0168589,0.0164598
2017-02-05,0,0.0346441,0.0166101,0.0152137,0.0164598
2017-02-06,0,0.0354205,0.0164528,0.0127697,0.0164598
2017-02-07,0,0.0318071,0.0164476,0.0123695,0.0164598
2017-02-08,0,0.0310269,0.0142683,0.0168701,0.0164598
2017-02-09,0,0.0118191,0.0193183,0.0220608,0.0164598
2017-02-10,0,0.0109975,0.019313,0.0210955,0.0164598
2017-02-11,0,0.0121102,0.0194193,0.0209255,0.0164598
2017-02-12,0,0.011896,0.0187733,0.0218032,0.0164598
2017-02-13,0,0.00703561,0.0187219,0.0201732,0.0164598
2017-02-14,0,0.0107765,0.0151494,0.01496,0.0164598
2017-02-15,0,0.0137639,0.0145253,0.0156354,0.0164598
2017-02-16,0,0.0160294,0.0148917,0.0124731,0.0164598
2017-02-17,0,0.0171942,0.0148355,0.0126367,0.0164598
2017-02-18,0,0.0212313,0.0132112,0.0144227,0.0164598
2017-02-19,0,0.0178669,0.0145618,0.0149081,0.0164598
2017-02-20,0,0.0271121,0.0155222,0.0208511,0.0164598
2017-02-21,0,0.0251191,0.0162418,0.021633,0.0164598
2017-02-22,0,0.024845,0.0158133,0.0182093,0.0164598
2017-02-23,0,0.0171324,0.0169824,0.0237452,0.0164598
2017-02-24,0,0.0228354,0.0162665,0.0163578,0.0164598
2017-02-25,0,0.0130578,0.0181399,0.0183521,0.0164598
2017-02-26,0,0.013065,0.0178934,0.0204781,0.0164598
2017-02-27,0,0.0201786,0.017717,0.0212672,0.0164598
2017-02-28,0,0.019146,0.0163311,0.0167985,0.0164598
2017-03-01,0,0.0151879,0.0175948,0.0239565,0.0164598
2017-03-02,0,0.0233345,0.0156279,0.0121451,0.0164598
2017-03-03,0,0.0301219,0.0135092,0.0121603,0.0164598
2017-03-04,0,0.0387319,0.0150971,0.0231525,0.0164598
2017-03-05,0,0.0424059,0.0149818,0.0183481,0.0164598
2017-03-06,0,0.0542433,0.0142749,0.0160236,0.0164598
2017-03-07,0,0.0568115,0.0168941,0.0216493,0.0164598
2017-03-08,0,0.0452639,0.0196756,0.0220418,0.0164598
2017-03-09,0,0.043992,0.0210062,0.0248027,0.0164598
2017-03-10,0,0.0209326,0.0226796,0.0262683,0.0164598
2017-03-11,0,0.0322982,0.024454,0.0338613,0.0164598
2017-03-12,0,0.0401017,0.0254822,0.0381659,0.0164598
2017-03-13,0,0.0556385,0.0242139,0.0273861,0.0164598
2017-03-14,0,0.0722921,0.0239347,0.0265123,0.0164598
2017-03-15,0,0.0737459,0.0201758,0.0229679,0.0164598
2017-03-16,0,0.0836719,0.022797,0.0296058,0.0164598
2017-03-17,0,0.0817008,0.0245985,0.032841,0.0164598
2017-03-18,0,0.0536863,0.028632,0.0435017,0.0164598
2017-03-19,0,0.064992,0.0309409,0.0439375,0.0164598
2017-03-20,0,0.068392,0.0310638,0.0408843,0.0164598
2017-03-21,0,0.0546825,0.0324405,0.042454,0.0164598
2017-03-22,0,0.0673815,0.0327094,0.041591,0.0164598
2017-03-23,0,0.0671738,0.0296031,0.0365161,0.0164598
2017-03-24,0,0.0370036,0.0315824,0.0358381,0.0164598
2017-03-25,0,0.038277,0.0321035,0.0355648,0.0164598
2017-03-26,0,0.0391761,0.0305618,0.0300872,0.0164598
2017-03-27,0,0.0220389,0.0327215,0.0340892,0.0164598
2017-03-28,0,0.0224967,0.0326915,0.0301583,0.0164598
2017-03-29,0,0.0227221,0.0285749,0.0229237,0.0164598
2017-03-30,0,0.0213935,0.0284969,0.0252716,0.0164598
2017-03-31,0,0.0194395,0.028704,0.0253593,0.0164598
2017-04-01,0,0.0264503,0.025028,0.0202399,0.0164598
2017-04-02,0,0.0282859,0.0249248,0.0200582,0.0164598
2017-04-03,0,0.0251644,0.0249625,0.023726,0.0164598
2017-04-04,0,0.023765,0.0246251,0.0224919,0.0164598
2017-04-05,0,0.0227168,0.0241022,0.0190173,0.0164598
2017-04-06,0,0.00837057,0.0260245,0.0235061,0.0164598
2017-04-07,0,0.00811082,0.0261846,0.022157,0.0164598
2017-04-08,0,0.0159892,0.0249317,0.0209426,0.0164598
2017-04-09,0,0.0147478,0.0227112,0.0239852,0.0164598
2017-04-10,0,0.0151381,0.0221287,0.0212598,0.0164598
2017-04-11,0,0.0135442,0.017754,0.0180224,0.0164598
2017-04-12,0,0.0147192,0.017259,0.0193763,0.0164598
2017-04-13,0,0.00608727,0.0194264,0.0159729,0.0164598
2017-04-14,0,0.00596439,0.0190544,0.0191456,0.0164598
2017-04-15,0,0.00663848,0.0166678,0.0184944,0.0164598
2017-04-16,0,0.00952867,0.01606,0.013968,0.0164598
2017-04-17,0,0.00945063,0.0162908,0.014118,0.0164598
2017-04-18,0,0.0135507,0.0119908,0.0184499,0.0164598
2017-04-19,0,0.0209017,0.0119486,0.0194487,0.0164598
2017-04-20,0,0.0206063,0.012187,0.0182139,0.0164598
2017-04-21,0,0.0196269,0.0130992,0.0185723,0.0164598
2017-04-22,0,0.0212611,0.0124969,0.0159006,0.0164598
2017-04-23,0,0.0142757,0.0138594,0.01277,0.0164598
2017-04-24,0,0.0110723,0.015593,0.024204,0.0164598
2017-04-25,0,0.0117171,0.0150399,0.0218746,0.0164598
2017-04-26,0,0.0215832,0.0147988,0.0199626,0.0164598
2017-04-27,0,0.0212199,0.0152166,0.0213673,0.0164598
2017-04-28,0,0.0178734,0.0128345,0.0129451,0.0164598
2017-04-29,0,0.0136141,0.0120715,0.0155797,0.0164598
2017-04-30,0,0.0155384,0.0123255,0.0115662,0.0164598
2017-05-01,0,0.00799399,0.0153974,0.0223607,0.0164598
2017-05-02,0,0.0090452,0.0153831,0.0192713,0.0164598
2017-05-03,0,0.0276798,0.0149211,0.0151114,0.0164598
2017-05-04,0,0.028015,0.0141534,0.0226756,0.0164598
2017-05-05,0,0.0272925,0.0138257,0.0142287,0.0164598
2017-05-06,0,0.0263574,0.011846,0.0165487,0.0164598
2017-05-07,0,0.0531397,0.0121581,0.0161061,0.0164598
2017-05-08,0,0.0455901,0.0174534,0.0212723,0.0164598
2017-05-09,0,0.0453516,0.0175171,0.0172383,0.0164598
2017-05-10,0,0.0487665,0.0174318,0.0169709,0.0164598
2017-05-11,0,0.0439203,0.0172363,0.0212421,0.0164598
2017-05-12,0,0.0396243,0.0229832,0.0271715,0.0164598
2017-05-13,0,0.0364589,0.0223047,0.0231156,0.0164598
2017-05-14,0,0.0404965,0.0223199,0.0224557,0.0164598
2017-05-15,0,0.0246406,0.0232116,0.0256274,0.0164598
2017-05-16,0,0.032267,0.0227593,0.0247683,0.0164598
2017-05-17,0,0.0331502,0.0229205,0.0278083,0.0164598
2017-05-18,0,0.0356178,0.02256,0.022531,0.0164598
2017-05-19,0,0.0356621,0.0232951,0.0289422,0.0164598
2017-05-20,0,0.0564361,0.0209701,0.0253885,0.0164598
2017-05-21,0,0.061701,0.0226524,0.0239283,0.0164598
2017-05-22,0,0.0663003,0.0231091,0.0297124,0.0164598
2017-05-23,0,0.0635254,0.0238878,0.0320397,0.0164598
2017-05-24,0,0.0618749,0.0240358,0.0324964,0.0164598
2017-05-25,0,0.0587868,0.0277222,0.0431296,0.0164598
2017-05-26,0,0.0604451,0.0289678,0.0444792,0.0164598
2017-05-27,0,0.0390056,0.0305412,0.0442592,0.0164598
2017-05-28,0,0.0369989,0.0304707,0.0428122,0.0164598
2017-05-29,0,0.0363556,0.0304086,0.0427357,0.0164598
2017-05-30,0,0.0235728,0.0298255,0.0435703,0.0164598
2017-05-31,0,0.0283291,0.0301726,0.0424178,0.0164598
2017-06-01,0,0.0307519,0.0275475,0.0323186,0.0164598
2017-06-02,0,0.0478179,0.0272282,0.0329667,0.0164598
2017-06-03,0,0.0476822,0.0262359,0.0310334,0.0164598
2017-06-04,0,0.0468453,0.0237811,0.0230671,0.0164598
2017-06-05,0,0.0421597,0.0250329,0.0278866,0.0164598
2017-06-06,0,0.0338529,0.0252359,0.0284288,0.0164598
2017-06-07,0,0.058674,0.0283072,0.0326164,0.0164598
2017-06-08,0,0.0580112,0.0280959,0.0268627,0.0164598
2017-06-09,0,0.0657528,0.0280012,0.0299041,0.0164598
2017-06-10,0,0.0551541,0.027283,0.0310315,0.0164598
2017-06-11,0,0.0588605,0.0259026,0.0268575,0.0164598
2017-06-12,0,0.0513284,0.0307058,0.0340406,0.0164598
2017-06-13,0,0.0523714,0.0303332,0.029878,0.0164598
2017-06-14,0,0.036489,0.0315419,0.0335758,0.0164598
2017-06-15,0,0.0379617,0.0300936,0.0303108,0.0164598
2017-06-16,0,0.040476,0.0301388,0.0288926,0.0164598
2017-06-17,0,0.03377,0.0291631,0.0287813,0.0164598
2017-06-18,0,0.0225004,0.0286527,0.0306133,0.0164598
2017-06-19,0,0.0369126,0.0262052,0.0243406,0.0164598
2017-06-20,0,0.0252008,0.026466,0.0252947,0.0164598
2017-06-21,0,0.0294908,0.0266337,0.0256643,0.0164598
2017-06-22,0,0.0352179,0.025394,0.0228659,0.0164598
2017-06-23,0,0.0342264,0.0229939,0.0240605,0.0164598
2017-06-24,0,0.0272115,0.0258842,0.0249534,0.0164598
2017-06-25,0,0.0284077,0.0237926,0.0206466,0.0164598
2017-06-26,0,0.0221791,0.0248358,0.0242394,0.0164598
2017-06-27,0,0.0220651,0.0253445,0.0238287,0.0164598
2017-06-28,0,0.0247497,0.0245913,0.0229233,0.0164598
2017-06-29,0,0.0242662,0.0231344,0.0234877,0.0164598
2017-06-30,0,0.0192059,0.0232756,0.0204346,0.0164598
2017-07-01,0,0.0125351,0.0220345,0.0226856,0.0164598
2017-07-02,0,0.0221327,0.0218434,0.0235145,0.0164598
2017-07-03,0,0.0216505,0.0225159,0.0201948,0.0164598
2017-07-04,0,0.0217124,0.0207733,0.0228247,0.0164598
2017-07-05,0,0.031438,0.0196367,0.0197047,0.0164598
2017-07-06,0,0.0294407,0.0166627,0.0149763,0.0164598
2017-07-07,0,0.0347438,0.0191473,0.0253713,0.0164598
2017-07-08,0,0.0302888,0.0190451,0.0209654,0.0164598
2017-07-09,0,0.0346343,0.018441,0.021914,0.0164598
2017-07-10,0,0.0513636,0.0204517,0.0220915,0.0164598
2017-07-11,0,0.0502237,0.0201293,0.0227098,0.0164598
2017-07-12,0,0.0953819,0.0203043,0.0195629,0.0164598
2017-07-13,0,0.0983728,0.0197215,0.0239747,0.0164598
2017-07-14,0,0.0950624,0.0208697,0.0220699,0.0164598
2017-07-15,0,0.107688,0.0248677,0.0289146,0.0164598
2017-07-16,0,0.112626,0.0245747,0.0253185,0.0164598
2017-07-17,0,0.10363,0.0324028,0.034521,0.0164598
2017-07-18,0,0.109113,0.032704,0.0332887,0.0164598
2017-07-19,0,0.106383,0.0323515,0.0308866,0.0164598
2017-07-20,0,0.048676,0.0378506,0.0332217,0.0164598
2017-07-21,0,0.0443407,0.0384842,0.0321237,0.0164598
2017-07-22,0,0.0453199,0.0379268,0.0321119,0.0164598
2017-07-23,0,0.0506079,0.0384222,0.0307288,0.0164598
2017-07-24,0,0.0529024,0.0381979,0.0296168,0.0164598
2017-07-25,0,0.0385406,0.032426,0.0242968,0.0164598
2017-07-26,0,0.0353429,0.0318228,0.0233543,0.0164598
2017-07-27,0,0.0457759,0.0321715,0.0238144,0.0164598
2017-07-28,0,0.0377038,0.0331082,0.0249657,0.0164598
2017-07-29,0,0.0389028,0.033413,0.0293565,0.0164598
2017-07-30,0,0.040711,0.0311635,0.024623,0.0164598
2017-07-31,0,0.0628925,0.0306264,0.023994,0.0164598
2017-08-01,0,0.0506061,0.0323728,0.0237435,0.0164598
2017-08-02,0,0.0464809,0.0309965,0.0224304,0.0164598
2017-08-03,0,0.0486575,0.0312256,0.0243638,0.0164598
2017-08-04,0,0.0564009,0.031564,0.0242865,0.0164598
2017-08-05,0,0.0280884,0.0350541,0.0322736,0.0164598
2017-08-06,0,0.0385298,0.032386,0.0266401,0.0164598
2017-08-07,0,0.0407717,0.0315817,0.0245309,0.0164598
2017-08-08,0,0.0404012,0.0308003,0.0257143,0.0164598
2017-08-09,0,0.0246532,0.0319268,0.0269281,0.0164598
2017-08-10,0,0.0438287,0.0272841,0.0232401,0.0164598
2017-08-11,0,0.0397915,0.025865,0.0250653,0.0164598
2017-08-12,0,0.0411851,0.0258534,0.0245807,0.0164598
2017-08-13,0,0.0459464,0.0258055,0.0252878,0.0164598
2017-08-14,0,0.0346655,0.0230631,0.0232362,0.0164598
2017-08-15,0,0.0332249,0.0265275,0.025411,0.0164598
2017-08-16,0,0.0180013,0.0250066,0.0254215,0.0164598
2017-08-17,0,0.0263937,0.025121,0.0257408,0.0164598
2017-08-18,0,0.021888,0.0261338,0.0252563,0.0164598
2017-08-19,0,0.0295799,0.0244618,0.0225494,0.0164598
2017-08-20,0,0.0236249,0.0241772,0.0201751,0.0164598
2017-08-21,0,0.0179687,0.0212889,0.0160658,0.0164598
2017-08-22,0,0.0178173,0.0230874,0.0197225,0.0164598
2017-08-23,0,0.0188203,0.0214803,0.0251245,0.0164598
2017-08-24,0,0.0191022,0.0229465,0.0241467,0.0164598
2017-08-25,0,0.0201379,0.0218507,0.0207849,0.0164598
2017-08-26,0,0.0203943,0.0206256,0.018944,0.0164598
2017-08-27,0,0.0220712,0.0191213,0.0171323,0.0164598
2017-08-28,0,0.0457155,0.0192733,0.0183418,0.0164598
2017-08-29,0,0.0412994,0.0192635,0.0221031,0.0164598
2017-08-30,0,0.0545004,0.0195409,0.0235633,0.0164598
2017-08-31,0,0.0550788,0.0193863,0.0258512,0.0164598
2017-09-01,0,0.0576004,0.0198196,0.023677,0.0164598
2017-09-02,0,0.0491468,0.0237279,0.0236658,0.0164598
2017-09-03,0,0.0621445,0.0226322,0.0231403,0.0164598
2017-09-04,0,0.0513684,0.0250861,0.0307724,0.0164598
2017-09-05,0,0.0484596,0.0246526,0.0308734,0.0164598
2017-09-06,0,0.0380429,0.0250723,0.0315306,0.0164598
2017-09-07,0,0.0371261,0.0238521,0.0228935,0.0164598
2017-09-08,0,0.0279818,0.0265016,0.0329686,0.0164598
2017-09-09,0,0.0874233,0.0251307,0.0266791,0.0164598
2017-09-10,0,0.126657,0.024901,0.0210859,0.0164598
2017-09-11,0,0.125923,0.0235158,0.0238414,0.0164598
2017-09-12,0,0.125763,0.0233402,0.0222861,0.0164598
2017-09-13,0,0.140538,0.0224737,0.0232345,0.0164598
2017-09-14,0,0.0837419,0.0338689,0.0332217,0.0164598
2017-09-15,0,0.0639167,0.038757,0.0332217,0.0164598
2017-09-16,0,0.0752816,0.0386921,0.0295456,0.0164598
2017-09-17,0,0.0749963,0.0386837,0.0318672,0.0164598
2017-09-18,0,0.0433471,0.0414034,0.0332217,0.0164598
2017-09-19,0,0.0427115,0.0370248,0.03273,0.0164598
2017-09-20,0,0.0551573,0.0347343,0.0287767,0.0164598
2017-09-21,0,0.03859,0.0362484,0.0326591,0.0164598
2017-09-22,0,0.0460466,0.0361111,0.0288989,0.0164598
2017-09-23,0,0.0475088,0.0320608,0.0243021,0.0164598
2017-09-24,0,0.0418848,0.0317828,0.0230946,0.0164598
2017-09-25,0,0.0375564,0.0339505,0.0300187,0.0164598
2017-09-26,0,0.0344196,0.0310743,0.0221335,0.0164598
2017-09-27,0,0.019409,0.0325896,0.0245389,0.0164598
2017-09-28,0,0.0232132,0.032644,0.0235182,0.0164598
2017-09-29,0,0.0262154,0.0317582,0.0225193,0.0164598
2017-09-30,0,0.0201618,0.0307257,0.0241031,0.0164598
2017-10-01,0,0.0192973,0.0301519,0.0232284,0.0164598
2017-10-02,0,0.0203628,0.0265407,0.0196367,0.0164598
2017-10-03,0,0.0224033,0.0276352,0.0196837,0.0164598
2017-10-04,0,0.0133789,0.0284983,0.0195681,0.0164598
2017-10-05,0,0.0166791,0.0266866,0.020077,0.0164598
2017-10-06,0,0.0167547,0.0231634,0.0205786,0.0164598
2017-10-07,0,0.0473093,0.0216469,0.0251569,0.0164598
2017-10-08,0,0.0473724,0.0221991,0.0239203,0.0164598
2017-10-09,0,0.0474569,0.0198045,0.0213219,0.0164598
2017-10-10,0,0.0544512,0.0189887,0.0179841,0.0164598
2017-10-11,0,0.0545619,0.018707,0.0158134,0.0164598
2017-10-12,0,0.0291745,0.0255624,0.0258817,0.0164598
2017-10-13,0,0.0237275,0.0242097,0.0248027,0.0164598
2017-10-14,0,0.0198843,0.0241641,0.0244052,0.0164598
2017-10-15,0,0.02731,0.0252314,0.0256632,0.0164598
2017-10-16,0,0.0275401,0.0247981,0.0263861,0.0164598
2017-10-17,0,0.0233344,0.02151,0.0196632,0.0164598
2017-10-18,0,0.0255448,0.020506,0.0210036,0.0164598
2017-10-19,0,0.0436779,0.0190598,0.0215783,0.0164598
2017-10-20,0,0.0398591,0.0206092,0.0231284,0.0164598
2017-10-21,0,0.0428519,0.0206085,0.023588,0.0164598
2017-10-22,0,0.0435099,0.0198176,0.0238035,0.0164598
2017-10-23,0,0.0434121,0.0203698,0.0233992,0.0164598
2017-10-24,0,0.0352711,0.0242065,0.0237446,0.0164598
2017-10-25,0,0.0350118,0.0236668,0.0237521,0.0164598
2017-10-26,0,0.039492,0.0238532,0.0195853,0.0164598
2017-10-27,0,0.0336424,0.0241419,0.0207686,0.0164598
2017-10-28,0,0.0268913,0.0241934,0.0236352,0.0164598
2017-10-29,0,0.0238961,0.0235547,0.0240667,0.0164598
2017-10-30,0,0.0153618,0.0234576,0.0232571,0.0164598
2017-10-31,0,0.0179289,0.0242692,0.0242261,0.0164598
2017-11-01,0,0.0370433,0.0235644,0.024614,0.0164598
2017-11-02,0,0.0317009,0.0225269,0.0236453,0.0164598
2017-11-03,0,0.0365329,0.0202134,0.0222685,0.0164598
2017-11-04,0,0.0408663,0.0182653,0.0138775,0.0164598
2017-11-05,0,0.0504394,0.0188413,0.0194297,0.0164598
2017-11-06,0,0.0487458,0.022628,0.0231001,0.0164598
2017-11-07,0,0.0471347,0.0219269,0.0228247,0.0164598
2017-11-08,0,0.0705589,0.022603,0.0237186,0.0164598
2017-11-09,0,0.0714021,0.0236983,0.0238151,0.0164598
2017-11-10,0,0.0760726,0.0260102,0.0260422,0.0164598
2017-11-11,0,0.0703286,0.0257676,0.025298,0.0164598
2017-11-12,0,0.0537218,0.0262473,0.0251779,0.0164598
2017-11-13,0,0.0491097,0.0303687,0.0344163,0.0164598
2017-11-14,0,0.0475914,0.0306171,0.0334204,0.0164598
2017-11-15,0,0.0342194,0.0311642,0.0343107,0.0164598
2017-11-16,0,0.0226466,0.0309618,0.0333701,0.0164598
2017-11-17,0,0.0180807,0.029435,0.0263276,0.0164598
2017-11-18,0,0.02563,0.0287514,0.0267626,0.0164598
2017-11-19,0,0.0245441,0.0285416,0.0250232,0.0164598
2017-11-20,0,0.035893,0.0263187,0.021319,0.0164598
2017-11-21,0,0.0360958,0.024079,0.0229519,0.0164598
2017-11-22,0,0.0370327,0.0227604,0.0160981,0.0164598
2017-11-23,0,0.0183937,0.024583,0.0192134,0.0164598
2017-11-24,0,0.033417,0.0242644,0.0193806,0.0164598
2017-11-25,0,0.029918,0.0266972,0.0246082,0.0164598
2017-11-26,0,0.0326942,0.0270072,0.024612,0.0164598
2017-11-27,0,0.0321468,0.0273075,0.0249994,0.0164598
2017-11-28,0,0.0321574,0.0229769,0.0160595,0.0164598
2017-11-29,0,0.0228011,0.0263233,0.0243246,0.0164598
2017-11-30,0,0.0232709,0.0256378,0.0246014,0.0164598
2017-12-01,0,0.0724375,0.0260182,0.0238685,0.0164598
2017-12-02,0,0.0992723,0.024794,0.0236808,0.0164598
2017-12-03,0,0.124508,0.0242283,0.0214208,0.0164598
2017-12-04,0,0.144835,0.0211177,0.022433,0.0164598
2017-12-05,0,0.145054,0.0203616,0.0203184,0.0164598
2017-12-06,0,0.129683,0.030019,0.0345329,0.0164598
2017-12-07,0,0.0758059,0.0355958,0.0332217,0.0164598
2017-12-08,0,0.071942,0.0384846,0.0328755,0.0164598
2017-12-09,0,0.0538365,0.0407333,0.0330369,0.0164598
2017-12-10,0,0.0581928,0.0407256,0.0310519,0.0164598
2017-12-11,0,0.0595423,0.0400752,0.0330696,0.0164598
2017-12-12,0,0.0630972,0.0355938,0.0279935,0.0164598
2017-12-13,0,0.0487399,0.0355763,0.0322881,0.0164598
2017-12-14,0,0.0677079,0.0334168,0.028656,0.0164598
2017-12-15,0,0.0681507,0.0338073,0.0310701,0.0164598
2017-12-16,0,0.0309715,0.0341677,0.0319902,0.0164598
2017-12-17,0,0.0473451,0.0347603,0.0298974,0.0164598
2017-12-18,0,0.0706641,0.0328711,0.0233449,0.0164598
2017-12-19,0,0.0698337,0.0359235,0.0326232,0.0164598
2017-12-20,0,0.0728279,0.0364299,0.0323703,0.0164598
2017-12-21,0,0.104109,0.0307748,0.0236892,0.0164598
2017-12-22,0,0.0746206,0.0347605,0.0251144,0.0164598
2017-12-23,0,0.0848431,0.0379581,0.0323572,0.0164598
2017-12-24,0,0.0796381,0.0380473,0.0320033,0.0164598
2017-12-25,0,0.0998072,0.0383945,0.0287961,0.0164598
2017-12-26,0,0.081711,0.0422504,0.0332217,0.0164598
2017-12-27,0,0.0816183,0.0392958,0.0311229,0.0164598
2017-12-28,0,0.0907249,0.0392122,0.0328755,0.0164598
2017-12-29,0,0.0908094,0.035409,0.029465,0.0164598
2017-12-30,0,0.0541486,0.037733,0.0332217,0.0164598
2017-12-31,0,0.0599932,0.0362658,0.0330369,0.0164598
2018-01-01,0,0.0483322,0.036283,0.0327705,0.0164598
2018-01-02,0,0.0616852,0.0371139,0.0330696,0.0164598
2018-01-03,0,0.0769006,0.0370721,0.0312231,0.0164598
2018-01-04,0,0.0768011,0.0329443,0.0246683,0.0164598
2018-01-05,0,0.045301,0.034426,0.0319902,0.0164598
2018-01-06,0,0.0515984,0.0325771,0.0236253,0.0164598
2018-01-07,0,0.0662759,0.0339263,0.0312668,0.0164598
2018-01-08,0,0.0637404,0.0359353,0.0327969,0.0164598
2018-01-09,0,0.0641028,0.0359957,0.0316147,0.0164598
2018-01-10,0,0.0616123,0.0319026,0.0199584,0.0164598
2018-01-11,0,0.0915947,0.0331964,0.0298453,0.0164598
2018-01-12,0,0.0826626,0.0351502,0.0317108,0.0164598
2018-01-13,0,0.0823361,0.0338044,0.0266223,0.0164598
2018-01-14,0,0.0861883,0.0337288,0.0309628,0.0164598
2018-01-15,0,0.106928,0.0332696,0.0285451,0.0164598
2018-01-16,0,0.0772403,0.0382833,0.0332217,0.0164598
2018-01-17,0,0.081533,0.0359891,0.0275638,0.0164598
2018-01-18,0,0.0798497,0.0360727,0.0279178,0.0164598
2018-01-19,0,0.0833981,0.036154,0.0318341,0.0164598
2018-01-20,0,0.0573593,0.038767,0.0332217,0.0164598
2018-01-21,0,0.0366308,0.0357828,0.0331335,0.0164598
2018-01-22,0,0.0238654,0.0357392,0.0324097,0.0164598
2018-01-23,0,0.0236142,0.0355368,0.0291625,0.0164598
2018-01-24,0,0.0291075,0.0353392,0.0320154,0.0164598
2018-01-25,0,0.0578264,0.0325037,0.028322,0.0164598
2018-01-26,0,0.0595725,0.0293565,0.0214931,0.0164598
2018-01-27,0,0.0655511,0.0258269,0.0192955,0.0164598
2018-01-28,0,0.0520638,0.0258766,0.0231725,0.0164598
2018-01-29,0,0.0680395,0.0270056,0.0233178,0.0164598
2018-01-30,0,0.0659752,0.0317292,0.0319902,0.0164598
2018-01-31,0,0.0804508,0.031965,0.0304628,0.0164598
2018-02-01,0,0.111749,0.0330432,0.0330298,0.0164598
2018-02-02,0,0.111932,0.0308534,0.0289777,0.0164598
2018-02-03,0,0.119791,0.0326885,0.031763,0.0164598
2018-02-04,0,0.113427,0.032896,0.0330298,0.0164598
2018-02-05,0,0.0564034,0.0360467,0.033131,0.0164598
2018-02-06,0,0.0573127,0.0399031,0.0332217,0.0164598
2018-02-07,0,0.0652471,0.0381115,0.0312057,0.0164598
2018-02-08,0,0.0642908,0.0393469,0.0328755,0.0164598
2018-02-09,0,0.0745288,0.0391396,0.0321237,0.0164598
2018-02-10,0,0.0752798,0.0335261,0.0295915,0.0164598
2018-02-11,0,0.0593667,0.0327953,0.0306821,0.0164598
2018-02-12,0,0.0573226,0.0339679,0.0327599,0.0164598
2018-02-13,0,0.0625228,0.033775,0.0315864,0.0164598
2018-02-14,0,0.0556942,0.0356621,0.0331335,0.0164598
2018-02-15,0,0.052326,0.035899,0.0323919,0.0164598
2018-02-16,0,0.065836,0.0340742,0.0278369,0.0164598
2018-02-17,0,0.0572645,0.0342039,0.0314865,0.0164598
2018-02-18,0,0.0578243,0.0349765,0.0309433,0.0164598
2018-02-19,0,0.0458311,0.0342555,0.0306294,0.0164598
2018-02-20,0,0.0403916,0.0337867,0.0285146,0.0164598
2018-02-21,0,0.0560268,0.0350538,0.032176,0.0164598
2018-02-22,0,0.0462209,0.0342384,0.0309887,0.0164598
2018-02-23,0,0.0490091,0.033628,0.0292936,0.0164598
2018-02-24,0,0.0434393,0.0321004,0.024591,0.0164598
2018-02-25,0,0.0390758,0.0311712,0.0238479,0.0164598
2018-02-26,0,0.0320907,0.0330067,0.0308329,0.0164598
2018-02-27,0,0.0319289,0.0290991,0.0242084,0.0164598
2018-02-28,0,0.0215143,0.0289875,0.024493,0.0164598
2018-03-01,0,0.0401661,0.0282814,0.0238968,0.0164598
2018-03-02,0,0.0506199,0.0272417,0.0244333,0.0164598
2018-03-03,0,0.0406774,0.026004,0.0244261,0.0164598
2018-03-04,0,0.038681,0.0259261,0.0219797,0.0164598
2018-03-05,0,0.0283288,0.0233173,0.0221828,0.0164598
2018-03-06,0,0.0623573,0.0268372,0.0242132,0.0164598
2018-03-07,0,0.0558968,0.0287713,0.025141,0.0164598
2018-03-08,0,0.0504739,0.0268937,0.0237608,0.0164598
2018-03-09,0,0.0680793,0.0261063,0.0226668,0.0164598
2018-03-10,0,0.0669878,0.0245722,0.0231368,0.0164598
2018-03-11,0,0.0474726,0.0291049,0.0325777,0.0164598
2018-03-12,0,0.0485356,0.0283504,0.0309613,0.0164598
2018-03-13,0,0.0568352,0.0271632,0.0253435,0.0164598
2018-03-14,0,0.0391743,0.0299726,0.0333334,0.0164598
2018-03-15,0,0.0403575,0.0295917,0.0302436,0.0164598
2018-03-16,0,0.0405405,0.0270918,0.0244916,0.0164598
2018-03-17,0,0.0293,0.0273971,0.0243806,0.0164598
2018-03-18,0,0.0274326,0.0284575,0.030998,0.0164598
2018-03-19,0,0.0246593,0.0265233,0.0247907,0.0164598
2018-03-20,0,0.0182964,0.0262177,0.0250145,0.0164598
2018-03-21,0,0.0197438,0.0261183,0.0229505,0.0164598
2018-03-22,0,0.024053,0.024331,0.0204779,0.0164598
2018-03-23,0,0.0233357,0.0236618,0.02355,0.0164598
2018-03-24,0,0.0438101,0.0230744,0.0197235,0.0164598
2018-03-25,0,0.0426679,0.0213736,0.0162848,0.0164598
2018-03-26,0,0.0492374,0.0217441,0.0245224,0.0164598
2018-03-27,0,0.048804,0.022754,0.0235441,0.0164598
2018-03-28,0,0.0534523,0.0223631,0.0237148,0.0164598
2018-03-29,0,0.0371448,0.0261712,0.025847,0.0164598
2018-03-30,0,0.0533603,0.0258469,0.0244758,0.0164598
2018-03-31,0,0.0528665,0.0268151,0.0277639,0.0164598
2018-04-01,0,0.0534511,0.0265633,0.0245053,0.0164598
2018-04-02,0,0.0546781,0.0262944,0.0316789,0.0164598
2018-04-03,0,0.0474414,0.0246964,0.0247594,0.0164598
2018-04-04,0,0.0313738,0.0274373,0.031755,0.0164598
2018-04-05,0,0.0316814,0.0261499,0.0283675,0.0164598
2018-04-06,0,0.028445,0.0264229,0.0263942,0.0164598
2018-04-07,0,0.0590976,0.0269932,0.0312451,0.0164598
2018-04-08,0,0.0601521,0.0259393,0.0263597,0.0164598
2018-04-09,0,0.0513523,0.0235565,0.0252198,0.0164598
2018-04-10,0,0.0496468,0.0231859,0.024184,0.0164598
2018-04-11,0,0.0595133,0.0224946,0.0214722,0.0164598
2018-04-12,0,0.0290304,0.028944,0.0332893,0.0164598
2018-04-13,0,0.0324326,0.0290991,0.0293909,0.0164598
2018-04-14,0,0.0326599,0.0280847,0.0299252,0.0164598
2018-04-15,0,0.0393888,0.0281475,0.0251809,0.0164598
2018-04-16,0,0.0313044,0.0294143,0.0321466,0.0164598
2018-04-17,0,0.0285897,0.0250316,0.0209777,0.0164598
2018-04-18,0,0.027994,0.0255769,0.0246732,0.0164598
2018-04-19,0,0.0399766,0.0256345,0.0242589,0.0164598
2018-04-20,0,0.062421,0.0256117,0.0247791,0.0164598
2018-04-21,0,0.0661548,0.0240228,0.0232105,0.0164598
2018-04-22,0,0.0683905,0.0236412,0.0241473,0.0164598
2018-04-23,0,0.0702183,0.0234453,0.0238357,0.0164598
2018-04-24,0,0.0575433,0.0259081,0.0250426,0.0164598
2018-04-25,0,0.035171,0.0297415,0.0331174,0.0164598
2018-04-26,0,0.0279721,0.029065,0.0335577,0.0164598
2018-04-27,0,0.0232691,0.0295644,0.0341959,0.0164598
2018-04-28,0,0.0286506,0.0295928,0.0331991,0.0164598
2018-04-29,0,0.0292233,0.0282448,0.0290833,0.0164598
2018-04-30,0,0.0257165,0.025495,0.0225285,0.0164598
2018-05-01,0,0.0277925,0.0240284,0.0237176,0.0164598
2018-05-02,0,0.0332165,0.0230818,0.0238097,0.0164598
2018-05-03,0,0.0175737,0.0243185,0.0235005,0.0164598
2018-05-04,0,0.0198398,0.0227673,0.0225094,0.0164598
2018-05-05,0,0.0164229,0.0221641,0.0229323,0.0164598
2018-05-06,0,0.0286168,0.0227328,0.0202996,0.0164598
2018-05-07,0,0.0322958,0.0236852,0.0247373,0.0164598
2018-05-08,0,0.0382089,0.0204345,0.0190498,0.0164598
2018-05-09,0,0.0370234,0.0209095,0.0240333,0.0164598
2018-05-10,0,0.0363672,0.0201887,0.0225513,0.0164598
2018-05-11,0,0.0196469,0.0235176,0.0238096,0.0164598
2018-05-12,0,0.0230524,0.023532,0.0222146,0.0164598
2018-05-13,0,0.0207041,0.0246399,0.0203418,0.0164598
2018-05-14,0,0.0207496,0.0244539,0.0228119,0.0164598
2018-05-15,0,0.0263129,0.0243931,0.0203924,0.0164598
2018-05-16,0,0.0255196,0.0201915,0.0219129,0.0164598
2018-05-17,0,0.0299691,0.0195884,0.0240188,0.0164598
2018-05-18,0,0.0372361,0.018636,0.0221555,0.0164598
2018-05-19,0,0.0377831,0.0184702,0.0236802,0.0164598
2018-05-20,0,0.0271471,0.0192883,0.0244957,0.0164598
2018-05-21,0,0.0264929,0.0191327,0.0229675,0.0164598
2018-05-22,0,0.0265666,0.0201984,0.0232607,0.0164598
2018-05-23,0,0.0147227,0.0219212,0.0234098,0.0164598
2018-05-24,0,0.0299558,0.0219208,0.0239946,0.0164598
2018-05-25,0,0.0295495,0.0193617,0.0235,0.0164598
2018-05-26,0,0.0287257,0.0192627,0.023723,0.0164598
2018-05-27,0,0.0287175,0.0190997,0.0223628,0.0164598
2018-05-28,0,0.0201108,0.0169241,0.0220316,0.0164598
2018-05-29,0,0.00900909,0.0206135,0.0238703,0.0164598
2018-05-30,0,0.0169293,0.0205466,0.0213722,0.0164598
2018-05-31,0,0.0175344,0.0204429,0.0222899,0.0164598
2018-06-01,0,0.017475,0.0203968,0.021467,0.0164598
2018-06-02,0,0.0165135,0.0179925,0.0241169,0.0164598
2018-06-03,0,0.015911,0.0151518,0.0150702,0.0164598
2018-06-04,0,0.0107582,0.0172676,0.0150765,0.0164598
2018-06-05,0,0.0456116,0.0175333,0.0182463,0.0164598
2018-06-06,0,0.0481881,0.0174602,0.016211,0.0164598
2018-06-07,0,0.0473324,0.0172197,0.016861,0.0164598
2018-06-08,0,0.0454204,0.0168476,0.0152108,0.0164598
2018-06-09,0,0.0599604,0.0153396,0.0148238,0.0164598
2018-06-10,0,0.0419357,0.023703,0.0259194,0.0164598
2018-06-11,0,0.0414198,0.0239824,0.0256608,0.0164598
2018-06-12,0,0.0358362,0.0241955,0.0280738,0.0164598
2018-06-13,0,0.0333588,0.0238264,0.0284403,0.0164598
2018-06-14,0,0.0256571,0.0254365,0.0350886,0.0164598
2018-06-15,0,0.0165488,0.0236459,0.0271588,0.0164598
2018-06-16,0,0.0177343,0.0236657,0.0238052,0.0164598
2018-06-17,0,0.0516142,0.0229166,0.0228634,0.0164598
2018-06-18,0,0.0470372,0.022865,0.027185,0.0164598
2018-06-19,0,0.0466389,0.0215006,0.020795,0.0164598
2018-06-20,0,0.0480606,0.0190788,0.0181849,0.0164598
2018-06-21,0,0.0478736,0.0193697,0.0179207,0.0164598
2018-06-22,0,0.0160601,0.0261734,0.0374621,0.0164598
2018-06-23,0,0.0239606,0.025811,0.0315938,0.0164598
2018-06-24,0,0.0365774,0.0258194,0.0310681,0.0164598
2018-06-25,0,0.0385967,0.0260596,0.0351371,0.0164598
2018-06-26,0,0.0354014,0.0260324,0.0295381,0.0164598
2018-06-27,0,0.0372605,0.0204574,0.0196242,0.0164598
2018-06-28,0,0.0271187,0.0224525,0.0277762,0.0164598
2018-06-29,0,0.0204966,0.0251972,0.032856,0.0164598
2018-06-30,0,0.0179926,0.0257018,0.0329336,0.0164598
2018-07-01,0,0.0172136,0.0252237,0.0288742,0.0164598
2018-07-02,0,0.0142692,0.0241143,0.0332845,0.0164598
2018-07-03,0,0.0140291,0.022437,0.0248893,0.0164598
2018-07-04,0,0.0148238,0.0207413,0.0241023,0.0164598
2018-07-05,0,0.0333562,0.0199169,0.0187602,0.0164598
2018-07-06,0,0.0339786,0.0192843,0.0199643,0.0164598
2018-07-07,0,0.0278029,0.0183877,0.0154956,0.0164598
2018-07-08,0,0.0292985,0.0183319,0.018694,0.0164598
2018-07-09,0,0.0307482,0.0185558,0.0200038,0.0164598
2018-07-10,0,0.0158442,0.0227696,0.02761,0.0164598
2018-07-11,0,0.0306218,0.022883,0.0263552,0.0164598
2018-07-12,0,0.0360307,0.0220045,0.0204412,0.0164598
2018-07-13,0,0.034961,0.0222627,0.0234617,0.0164598
2018-07-14,0,0.0337345,0.0200452,0.0224304,0.0164598
2018-07-15,0,0.0400711,0.01732,0.0177118,0.0164598
2018-07-16,0,0.0370265,0.0208637,0.022113,0.0164598
2018-07-17,0,0.0110437,0.0229336,0.0264565,0.0164598
2018-07-18,0,0.0197872,0.0225424,0.0239491,0.0164598
2018-07-19,0,0.0409854,0.0223828,0.0239204,0.0164598
2018-07-20,0,0.0446705,0.0227614,0.0247778,0.0164598
2018-07-21,0,0.0500708,0.0219298,0.0222208,0.0164598
2018-07-22,0,0.049627,0.0167549,0.0152028,0.0164598
2018-07-23,0,0.0486621,0.0192283,0.0247206,0.0164598
2018-07-24,0,0.0238124,0.023772,0.0270315,0.0164598
2018-07-25,0,0.0197236,0.0244393,0.0271438,0.0164598
2018-07-26,0,0.0281223,0.0253487,0.0290096,0.0164598
2018-07-27,0,0.0225142,0.025369,0.0263242,0.0164598
2018-07-28,0,0.0209255,0.025295,0.0292886,0.0164598
2018-07-29,0,0.0180516,0.0215573,0.0215841,0.0164598
2018-07-30,0,0.0212475,0.0206388,0.0220624,0.0164598
2018-07-31,0,0.022613,0.0228334,0.0256027,0.0164598
2018-08-01,0,0.0226295,0.0210292,0.0200219,0.0164598
2018-08-02,0,0.0220737,0.0207357,0.0208229,0.0164598
2018-08-03,0,0.0295873,0.0199891,0.0157788,0.0164598
2018-08-04,0,0.0405236,0.0213333,0.0243371,0.0164598
2018-08-05,0,0.0433855,0.0216277,0.0219969,0.0164598
2018-08-06,0,0.0478835,0.0216902,0.0229978,0.0164598
2018-08-07,0,0.0485969,0.0212018,0.0237605,0.0164598
2018-08-08,0,0.0375254,0.0219727,0.0227715,0.0164598
2018-08-09,0,0.0297861,0.0240921,0.0291727,0.0164598
2018-08-10,0,0.0143183,0.024887,0.0289829,0.0164598
2018-08-11,0,0.012162,0.0255777,0.0298735,0.0164598
2018-08-12,0,0.0206857,0.0256575,0.0294904,0.0164598
2018-08-13,0,0.0250943,0.0242691,0.027621,0.0164598
2018-08-14,0,0.0226338,0.0226874,0.0251076,0.0164598
2018-08-15,0,0.0281176,0.0176216,0.0131509,0.0164598
2018-08-16,0,0.0309163,0.016997,0.0162754,0.0164598
2018-08-17,0,0.0254637,0.0195571,0.0240149,0.0164598
2018-08-18,0,0.0262259,0.020143,0.0186077,0.0164598
2018-08-19,0,0.0283665,0.0197692,0.0218526,0.0164598
2018-08-20,0,0.0196833,0.0207675,0.0251843,0.0164598
2018-08-21,0,0.0198397,0.0217064,0.0244261,0.0164598
2018-08-22,0,0.0157875,0.0204366,0.0225119,0.0164598
2018-08-23,0,0.0168051,0.020773,0.0199858,0.0164598
2018-08-24,0,0.0180579,0.0213898,0.0215556,0.0164598
2018-08-25,0,0.0200995,0.019737,0.0220649,0.0164598
2018-08-26,0,0.0183878,0.0191831,0.0204331,0.0164598
2018-08-27,0,0.0175175,0.0184164,0.015741,0.0164598
2018-08-28,0,0.0131848,0.0188344,0.0255699,0.0164598
2018-08-29,0,0.012182,0.0189601,0.018501,0.0164598
2018-08-30,0,0.00858861,0.0181393,0.0215659,0.0164598
2018-08-31,0,0.0418689,0.0174038,0.015629,0.0164598
2018-09-01,0,0.0402325,0.0157972,0.0143206,0.0164598
2018-09-02,0,0.0372989,0.0147966,0.0158447,0.0164598
2018-09-03,0,0.0354964,0.0145654,0.0167252,0.0164598
2018-09-04,0,0.0348915,0.0134616,0.0175023,0.0164598
2018-09-05,0,0.023814,0.0217424,0.0235101,0.0164598
2018-09-06,0,0.0193052,0.0220021,0.0235604,0.0164598
2018-09-07,0,0.0197967,0.0216674,0.0212241,0.0164598
2018-09-08,0,0.0103965,0.0214361,0.0239361,0.0164598
2018-09-09,0,0.0110619,0.021266,0.0217991,0.0164598
2018-09-10,0,0.0110572,0.0195178,0.0218213,0.0164598
2018-09-11,0,0.0115841,0.0184025,0.0186915,0.0164598
2018-09-12,0,0.022556,0.018293,0.0222772,0.0164598
2018-09-13,0,0.0193555,0.0159509,0.0129103,0.0164598
2018-09-14,0,0.0197254,0.0160737,0.0152163,0.0164598
2018-09-15,0,0.022058,0.0159681,0.0168434,0.0164598
2018-09-16,0,0.0263261,0.0161194,0.0164456,0.0164598
2018-09-17,0,0.0133407,0.0189913,0.0238669,0.0164598
2018-09-18,0,0.0149446,0.0182054,0.0201599,0.0164598
2018-09-19,0,0.0195572,0.0179575,0.020803,0.0164598
2018-09-20,0,0.021553,0.0185553,0.0210222,0.0164598
2018-09-21,0,0.0124626,0.019656,0.0236188,0.0164598
2018-09-22,0,0.0202073,0.0170321,0.0158229,0.0164598
2018-09-23,0,0.0202716,0.0173166,0.0153234,0.0164598
2018-09-24,0,0.0187349,0.0183726,0.018274,0.0164598
2018-09-25,0,0.0136475,0.0188717,0.0196557,0.0164598
2018-09-26,0,0.0143762,0.0166708,0.0157225,0.0164598
2018-09-27,0,0.00407268,0.0168132,0.0183086,0.0164598
2018-09-28,0,0.00456331,0.0161361,0.0208785,0.0164598
2018-09-29,0,0.00807683,0.01587,0.0174326,0.0164598
2018-09-30,0,0.00864938,0.0140217,0.0140418,0.0164598
2018-10-01,0,0.00860897,0.0141677,0.013541,0.0164598
2018-10-02,0,0.00814316,0.0107497,0.0143785,0.0164598
2018-10-03,0,0.00632418,0.0110967,0.0148029,0.0164598
2018-10-04,0,0.00541492,0.012624,0.0155937,0.0164598
2018-10-05,0,0.00627203,0.0125312,0.0143384,0.0164598
2018-10-06,0,0.023628,0.0125475,0.0148315,0.0164598
2018-10-07,0,0.023724,0.0124676,0.0147185,0.0164598
2018-10-08,0,0.0227945,0.0118322,0.0156587,0.0164598
2018-10-09,0,0.0230563,0.0106955,0.011701,0.0164598
2018-10-10,0,0.0349762,0.0110279,0.0127884,0.0164598
2018-10-11,0,0.0206337,0.0165359,0.0208587,0.0164598
2018-10-12,1,0.0221438,0.0182944,0.0177515,0.0233986
2018-10-13,1,0.023676,0.0174337,0.0151896,0.0233986
2018-10-14,1,0.0238413,0.0174831,0.0157493,0.0233986
2018-10-15,1,0.00576096,0.0213494,0.0250073,0.0233986
2018-10-16,1,0.00563856,0.0179527,0.0181062,0.0233986
2018-10-17,1,0.00526625,0.0181123,0.0183326,0.0233986
2018-10-18,1,0.00230704,0.0185119,0.0189341,0.0233986
2018-10-19,1,0.00242071,0.0181097,0.0153819,0.0233986
2018-10-20,1,0.00238032,0.0116805,0.0129837,0.0233986
2018-10-21,1,0.00235185,0.0115803,0.0125746,0.0233986
2018-10-22,1,0.00236572,0.0113071,0.0127,0.0233986
2018-10-23,1,0.00222599,0.00874354,0.0117046,0.0233986
2018-10-24,1,0.0106864,0.00887056,0.0120701,0.0233986
2018-10-25,1,0.0109425,0.00880948,0.0119154,0.0233986
2018-10-26,1,0.0107638,0.00871523,0.011964,0.0233986
2018-10-27,1,0.0124732,0.00867742,0.0112261,0.0233986
2018-10-28,1,0.0125388,0.00851208,0.0111257,0.0233986
2018-10-29,1,0.00533279,0.0139944,0.0132721,0.0233986
2018-10-30,1,0.00535097,0.0140583,0.0116025,0.0233986
2018-10-31,1,0.00527281,0.0139505,0.0104279,0.0233986
2018-11-01,1,0.00448088,0.0146256,0.0144497,0.0233986
2018-11-02,1,0.0056603,0.0133689,0.00875943,0.0233986
2018-11-03,1,0.00870575,0.010282,0.0110111,0.0233986
2018-11-04,1,0.0106236,0.00994169,0.00997387,0.0233986
2018-11-05,1,0.0102308,0.00981207,0.0110596,0.0233986
2018-11-06,1,0.00956738,0.00780416,0.00821088,0.0233986
2018-11-07,1,0.00675762,0.00845004,0.0140848,0.0233986
2018-11-08,1,0.0056029,0.00973816,0.0141054,0.0233986
2018-11-09,1,0.0456475,0.0103656,0.0142826,0.0233986
2018-11-10,1,0.043762,0.0102684,0.00841963,0.0233986
2018-11-11,1,0.0421983,0.0100364,0.00877087,0.0233986
2018-11-12,1,0.0425252,0.0090081,0.00919094,0.0233986
2018-11-13,1,0.0450673,0.00850335,0.00870378,0.0233986
2018-11-14,1,0.0629128,0.0241271,0.0224765,0.0233986
2018-11-15,1,0.0665791,0.0238423,0.0172808,0.0233986
2018-11-16,1,0.075219,0.0234663,0.017158,0.0233986
2018-11-17,1,0.0727401,0.0234807,0.0174549,0.0233986
2018-11-18,1,0.0695796,0.0240213,0.0171381,0.0233986
2018-11-19,1,0.0603115,0.0327427,0.0477882,0.0233986
2018-11-20,1,0.0625752,0.0346698,0.0494474,0.0233986
2018-11-21,1,0.0558943,0.0364368,0.0527396,0.0233986
2018-11-22,1,0.0592568,0.0363971,0.0516821,0.0233986
2018-11-23,1,0.0854564,0.0358194,0.0501581,0.0233986
2018-11-24,1,0.0602876,0.0360489,0.0443776,0.0233986
2018-11-25,1,0.0695547,0.0368591,0.0406157,0.0233986
2018-11-26,1,0.0627659,0.035758,0.0406826,0.0233986
2018-11-27,1,0.0652905,0.0364576,0.0434607,0.0233986
2018-11-28,1,0.0468508,0.0433954,0.0426967,0.0233986
2018-11-29,1,0.0484192,0.0389643,0.0342087,0.0233986
2018-11-30,1,0.0460278,0.0410356,0.0342615,0.0233986
2018-12-01,1,0.0343822,0.0403144,0.0313928,0.0233986
2018-12-02,1,0.0332552,0.0407647,0.0334888,0.0233986
2018-12-03,1,0.0376324,0.0370131,0.0273402,0.0233986
2018-12-04,1,0.0443436,0.0374985,0.0254975,0.0233986
2018-12-05,1,0.0411047,0.0370354,0.026129,0.0233986
2018-12-06,1,0.0315059,0.0336365,0.0273916,0.0233986
2018-12-07,1,0.0296879,0.0332945,0.0238698,0.0233986
2018-12-08,1,0.0369971,0.0347114,0.0244474,0.0233986
2018-12-09,1,0.0251517,0.0368515,0.0249851,0.0233986
2018-12-10,1,0.0257867,0.0358835,0.0232311,0.0233986
2018-12-11,1,0.0268951,0.031891,0.0255548,0.0233986
2018-12-12,1,0.0511879,0.0309197,0.0246642,0.0233986
2018-12-13,1,0.0426462,0.0330675,0.0278925,0.0233986
2018-12-14,1,0.0360612,0.0291457,0.0228047,0.0233986
2018-12-15,1,0.0421866,0.0293731,0.0212806,0.0233986
2018-12-16,1,0.0633821,0.0287494,0.0228213,0.0233986
2018-12-17,1,0.0569141,0.0362564,0.0314855,0.0233986
2018-12-18,1,0.0571992,0.0342417,0.0276709,0.0233986
2018-12-19,1,0.057204,0.032542,0.0272962,0.0233986
2018-12-20,1,0.0446024,0.0342757,0.0395211,0.0233986
2018-12-21,1,0.0381864,0.0393271,0.0391862,0.0233986
2018-12-22,1,0.0391041,0.0377573,0.0359539,0.0233986
2018-12-23,1,0.0566482,0.0374945,0.0377113,0.0233986
2018-12-24,1,0.0556295,0.0375435,0.0374942,0.0233986
2018-12-25,1,0.0471514,0.034966,0.041596,0.0233986
2018-12-26,1,0.0491851,0.0333294,0.0369239,0.0233986
2018-12-27,1,0.042283,0.0336407,0.0380902,0.0233986
2018-12-28,1,0.0285695,0.037933,0.0414113,0.0233986
2018-12-29,1,0.0287378,0.0377092,0.0363018,0.0233986
2018-12-30,1,0.0282642,0.0358437,0.037489,0.0233986
2018-12-31,1,0.0224229,0.0363166,0.0363865,0.0233986
2019-01-01,1,0.0323001,0.0346249,0.0340605,0.0233986
2019-01-02,1,0.0327294,0.0306868,0.0317163,0.0233986
2019-01-03,1,0.0279823,0.0308481,0.0318022,0.0233986
2019-01-04,1,0.0282206,0.0303339,0.0335551,0.0233986
2019-01-05,1,0.0541711,0.0281707,0.0326084,0.0233986
2019-01-06,1,0.0409379,0.0318796,0.0414817,0.0233986
2019-01-07,1,0.0412651,0.0320664,0.0360157,0.0233986
2019-01-08,1,0.0397577,0.0298426,0.0330235,0.0233986
2019-01-09,1,0.0495925,0.0297494,0.0327781,0.0233986
2019-01-10,1,0.0279516,0.037782,0.0425465,0.0233986
2019-01-11,1,0.0282128,0.0332732,0.0345789,0.0233986
2019-01-12,1,0.0282219,0.0328678,0.0389662,0.0233986
2019-01-13,1,0.0231873,0.0322217,0.0370992,0.0233986
2019-01-14,1,0.0149958,0.0349187,0.0411127,0.0233986
2019-01-15,1,0.020511,0.0292436,0.0306603,0.0233986
2019-01-16,1,0.0200292,0.0287502,0.0353345,0.0233986
2019-01-17,1,0.0202453,0.0287338,0.0353077,0.0233986
2019-01-18,1,0.0202409,0.0262315,0.0336404,0.0233986
2019-01-19,1,0.0167997,0.0220736,0.0276483,0.0233986
2019-01-20,1,0.006329,0.0243764,0.0381548,0.0233986
2019-01-21,1,0.00503746,0.0241096,0.0350632,0.0233986
2019-01-22,1,0.00415488,0.0240474,0.0323126,0.0233986
2019-01-23,1,0.0147555,0.0236043,0.0245549,0.0233986
2019-01-24,1,0.0134997,0.0221181,0.020755,0.0233986
2019-01-25,1,0.0159655,0.0162557,0.0176865,0.0233986
2019-01-26,1,0.0154555,0.0151464,0.0173728,0.0233986
2019-01-27,1,0.0172689,0.014082,0.016482,0.0233986
2019-01-28,1,0.00937852,0.0201166,0.0214791,0.0233986
2019-01-29,1,0.0123961,0.0194817,0.0176803,0.0233986
2019-01-30,1,0.0110477,0.0205042,0.0212692,0.0233986
2019-01-31,1,0.0104471,0.0202824,0.0186514,0.0233986
2019-02-01,1,0.0112216,0.0185402,0.0202507,0.0233986
2019-02-02,1,0.00832828,0.015412,0.0176557,0.0233986
2019-02-03,1,0.0365376,0.0168019,0.0160359,0.0233986
2019-02-04,1,0.0363275,0.0158122,0.0166899,0.0233986
2019-02-05,1,0.0361451,0.0145833,0.0133615,0.0233986
2019-02-06,1,0.0354289,0.0148109,0.0134392,0.0233986
2019-02-07,1,0.0348216,0.0134309,0.0136828,0.0233986
2019-02-08,1,0.00663562,0.0247012,0.0234662,0.0233986
2019-02-09,1,0.00643974,0.0246256,0.0201895,0.0233986
2019-02-10,1,0.00531176,0.0244402,0.0194632,0.0233986
2019-02-11,1,0.00375078,0.0237374,0.0191217,0.0233986
2019-02-12,1,0.00705205,0.0235652,0.0206125,0.0233986
2019-02-13,1,0.0278614,0.014168,0.0182416,0.0233986
2019-02-14,1,0.026246,0.0140356,0.0194449,0.0233986
2019-02-15,1,0.0248739,0.013071,0.0201449,0.0233986
2019-02-16,1,0.0279194,0.0117132,0.0202232,0.0233986
2019-02-17,1,0.0278833,0.014251,0.0215296,0.0233986
2019-02-18,1,0.0160907,0.0227559,0.0233888,0.0233986
2019-02-19,1,0.0456638,0.0217757,0.0182884,0.0233986
2019-02-20,1,0.0463394,0.0213518,0.0206476,0.0233986
2019-02-21,1,0.0462521,0.0222216,0.019676,0.0233986
2019-02-22,1,0.0453104,0.0221502,0.0203512,0.0233986
2019-02-23,1,0.0398587,0.0187506,0.0216589,0.0233986
2019-02-24,1,0.00970869,0.0284492,0.0345668,0.0233986
2019-02-25,1,0.0036742,0.0283737,0.0346566,0.0233986
2019-02-26,1,0.00245389,0.0280706,0.0346591,0.0233986
2019-02-27,1,0.0102471,0.0278523,0.033589,0.0233986
2019-02-28,1,0.0208962,0.0266828,0.0331606,0.0233986
2019-03-01,1,0.020891,0.0172435,0.0189023,0.0233986
2019-03-02,1,0.0208848,0.0121647,0.0147008,0.0233986
2019-03-03,1,0.02075,0.0107356,0.0147575,0.0233986
2019-03-04,1,0.0154809,0.0167378,0.0137796,0.0233986
2019-03-05,1,0.00764422,0.0210973,0.022146,0.0233986
2019-03-06,1,0.0101108,0.0210949,0.0193485,0.0233986
2019-03-07,1,0.0100766,0.0208871,0.0192422,0.0233986
2019-03-08,1,0.0099897,0.020833,0.0187925,0.0233986
2019-03-09,1,0.00613046,0.0190824,0.0177747,0.0233986
2019-03-10,1,0.00784009,0.0153748,0.0147726,0.0233986
2019-03-11,1,0.00905578,0.0163438,0.0183128,0.0233986
2019-03-12,1,0.0106078,0.0156084,0.0164103,0.0233986
2019-03-13,1,0.0102877,0.0155492,0.0164082,0.0233986
2019-03-14,1,0.0103104,0.0133082,0.0162272,0.0233986
2019-03-15,1,0.0103344,0.0142588,0.0152399,0.0233986
2019-03-16,1,0.00928595,0.0149624,0.0147758,0.0233986
2019-03-17,1,0.0089079,0.01546,0.0159728,0.0233986
2019-03-18,1,0.00898168,0.0127786,0.0115193,0.0233986
2019-03-19,1,0.00731116,0.012646,0.0144405,0.0233986
2019-03-20,1,0.00798835,0.0125773,0.011954,0.0233986
2019-03-21,1,0.00786307,0.0122895,0.0132219,0.0233986
2019-03-22,1,0.0146635,0.0121364,0.0117276,0.0233986
2019-03-23,1,0.0150477,0.0121656,0.0120274,0.0233986
2019-03-24,1,0.014905,0.0114357,0.012271,0.0233986
2019-03-25,1,0.0110762,0.0118942,0.0129702,0.0233986
2019-03-26,1,0.0115814,0.0114913,0.0117809,0.0233986
2019-03-27,1,0.0066818,0.0134698,0.00929781,0.0233986
2019-03-28,1,0.0693351,0.0136157,0.00925717,0.0233986
2019-03-29,1,0.0682911,0.0135349,0.00947072,0.0233986
2019-03-30,1,0.0701172,0.0123319,0.0091243,0.0233986
2019-03-31,1,0.0678247,0.0123325,0.0100409,0.0233986
2019-04-01,1,0.068766,0.0104875,0.0122084,0.0233986
2019-04-02,1,0.0153118,0.0336387,0.0499526,0.0233986
2019-04-03,1,0.0151665,0.0334896,0.0495083,0.0233986
2019-04-04,1,0.0174613,0.0338065,0.0504156,0.0233986
2019-04-05,1,0.0174357,0.0334993,0.04896,0.0233986
2019-04-06,1,0.0328643,0.0336482,0.048169,0.0233986
2019-04-07,1,0.029661,0.0212367,0.0249161,0.0233986
2019-04-08,1,0.0275422,0.0211383,0.0248987,0.0233986
2019-04-09,1,0.028424,0.0219547,0.025342,0.0233986
2019-04-10,1,0.0255994,0.0219717,0.0245694,0.0233986
2019-04-11,1,0.0190641,0.0274063,0.0456688,0.0233986
2019-04-12,1,0.0191218,0.0264645,0.0333334,0.0233986
2019-04-13,1,0.0189337,0.0258618,0.030269,0.0233986
2019-04-14,1,0.0187703,0.0261017,0.0332126,0.0233986
2019-04-15,1,0.0128142,0.0253999,0.0303215,0.0233986
2019-04-16,1,0.00509271,0.0232085,0.0315646,0.0233986
2019-04-17,1,0.00768647,0.0232345,0.0283599,0.0233986
2019-04-18,1,0.0141274,0.023144,0.0281955,0.0233986
2019-04-19,1,0.0194045,0.0228971,0.0243058,0.0233986
2019-04-20,1,0.030818,0.020367,0.0215483,0.0233986
2019-04-21,1,0.0318584,0.0153587,0.0212108,0.0233986
2019-04-22,1,0.0304199,0.017408,0.0212175,0.0233986
2019-04-23,1,0.0238628,0.021049,0.0272177,0.0233986
2019-04-24,1,0.0233449,0.0190452,0.0174686,0.0233986
2019-04-25,1,0.0109302,0.0225459,0.0250003,0.0233986
2019-04-26,1,0.0104093,0.0227521,0.0192585,0.0233986
2019-04-27,1,0.0112057,0.0222989,0.019126,0.0233986
2019-04-28,1,0.0195367,0.0206947,0.0180385,0.0233986
2019-04-29,1,0.0149786,0.0203737,0.0180479,0.0233986
2019-04-30,1,0.0193875,0.0161692,0.0140295,0.0233986
2019-05-01,1,0.0223365,0.0158717,0.0150125,0.0233986
2019-05-02,1,0.0220998,0.0161981,0.0144186,0.0233986
2019-05-03,1,0.0144539,0.0188997,0.0220466,0.0233986
2019-05-04,1,0.0182198,0.017393,0.0174847,0.0233986
2019-05-05,1,0.0170806,0.0188757,0.0166644,0.0233986
2019-05-06,1,0.0433985,0.0197659,0.0186285,0.0233986
2019-05-07,1,0.0552696,0.0194961,0.0201555,0.0233986
2019-05-08,1,0.0645997,0.0170219,0.0163965,0.0233986
2019-05-09,1,0.0654678,0.0185119,0.0218651,0.0233986
2019-05-10,1,0.0660076,0.0183564,0.0222024,0.0233986
2019-05-11,1,0.0617241,0.0286164,0.041548,0.0233986
2019-05-12,1,0.0712485,0.031359,0.0431288,0.0233986
2019-05-13,1,0.0415012,0.035279,0.0413176,0.0233986
2019-05-14,1,0.073605,0.0354338,0.0391213,0.0233986
2019-05-15,1,0.0736518,0.0355083,0.0379704,0.0233986
2019-05-16,1,0.071159,0.0352085,0.0374397,0.0233986
2019-05-17,1,0.0635071,0.0376894,0.0427938,0.0233986
2019-05-18,1,0.0628616,0.0320256,0.031621,0.0233986
2019-05-19,1,0.026294,0.0401442,0.0422974,0.0233986
2019-05-20,1,0.0235248,0.0404241,0.0390233,0.0233986
2019-05-21,1,0.0396302,0.0399702,0.0381439,0.0233986
2019-05-22,1,0.0270052,0.0390233,0.0327175,0.0233986
2019-05-23,1,0.03178,0.0389056,0.033221,0.0233986
2019-05-24,1,0.034089,0.029754,0.0221549,0.0233986
2019-05-25,1,0.0426602,0.0286823,0.021789,0.0233986
2019-05-26,1,0.0267602,0.0341093,0.0280191,0.0233986
2019-05-27,1,0.0250352,0.0302634,0.0221597,0.0233986
2019-05-28,1,0.0273514,0.0318364,0.0279102,0.0233986
2019-05-29,1,0.0398302,0.0325943,0.0278896,0.0233986
2019-05-30,1,0.0450411,0.0352999,0.0255507,0.0233986
2019-05-31,1,0.041586,0.0306005,0.02218,0.0233986
2019-06-01,1,0.0416847,0.0292028,0.020219,0.0233986
2019-06-02,1,0.0434725,0.0289723,0.0245705,0.0233986
2019-06-03,1,0.0350144,0.0330679,0.029955,0.0233986
2019-06-04,1,0.0239263,0.0336589,0.0304965,0.0233986
2019-06-05,1,0.0298002,0.0328108,0.0283908,0.0233986
2019-06-06,1,0.0304069,0.0327299,0.0268536,0.0233986
2019-06-07,1,0.0302356,0.0330793,0.0265659,0.0233986
2019-06-08,1,0.0293098,0.0303066,0.0276457,0.0233986
2019-06-09,1,0.0249183,0.0271475,0.0244278,0.0233986
2019-06-10,1,0.0234987,0.0271398,0.0254915,0.0233986
2019-06-11,1,0.017531,0.0272058,0.025127,0.0233986
2019-06-12,1,0.0181548,0.0272955,0.022677,0.0233986
2019-06-13,1,0.0298996,0.0267875,0.0247748,0.0233986
2019-06-14,1,0.0230258,0.0258777,0.0245826,0.0233986
2019-06-15,1,0.0238955,0.0254113,0.0230412,0.0233986
2019-06-16,1,0.0322131,0.0232493,0.0223532,0.0233986
2019-06-17,1,0.0347073,0.0229087,0.0255907,0.0233986
2019-06-18,1,0.0212391,0.0268571,0.0238962,0.0233986
2019-06-19,1,0.0225634,0.0248293,0.0266672,0.0233986
2019-06-20,1,0.0264573,0.0251933,0.0238897,0.0233986
2019-06-21,1,0.0363847,0.0278781,0.029028,0.0233986
2019-06-22,1,0.0968575,0.0288433,0.0282032,0.0233986
2019-06-23,1,0.105989,0.0247644,0.0238487,0.0233986
2019-06-24,1,0.109876,0.0251132,0.0235745,0.0233986
2019-06-25,1,0.11572,0.0259698,0.0263925,0.0233986
2019-06-26,1,0.0964225,0.0287026,0.0278326,0.0233986
2019-06-27,1,0.0756335,0.0454469,0.0554567,0.0233986
2019-06-28,1,0.0749252,0.0479344,0.0527999,0.0233986
2019-06-29,1,0.0785672,0.0489489,0.0481293,0.0233986
2019-06-30,1,0.0629522,0.0516733,0.0511955,0.0233986
2019-07-01,1,0.0616204,0.0487902,0.0471838,0.0233986
2019-07-02,1,0.0616562,0.0451906,0.0422472,0.0233986
2019-07-03,1,0.0507459,0.045929,0.0469473,0.0233986
2019-07-04,1,0.0324855,0.0473294,0.0473803,0.0233986
2019-07-05,1,0.0368795,0.0443333,0.0424975,0.0233986
2019-07-06,1,0.0539931,0.0439104,0.0395589,0.0233986
2019-07-07,1,0.056125,0.0439207,0.0398877,0.0233986
2019-07-08,1,0.0448173,0.0416924,0.0434974,0.0233986
2019-07-09,1,0.053331,0.0363284,0.031484,0.0233986
2019-07-10,1,0.0703444,0.0375627,0.0375732,0.0233986
2019-07-11,1,0.0872579,0.0427738,0.0438542,0.0233986
2019-07-12,1,0.0838504,0.0430324,0.0438682,0.0233986
2019-07-13,1,0.103568,0.0401326,0.0394656,0.0233986
2019-07-14,1,0.0904921,0.0432332,0.0444633,0.0233986
2019-07-15,1,0.0861779,0.0473439,0.0450321,0.0233986
2019-07-16,1,0.0448738,0.0522764,0.0599849,0.0233986
2019-07-17,1,0.049509,0.0513304,0.0579682,0.0233986
2019-07-18,1,0.0239929,0.0545607,0.0539164,0.0233986
2019-07-19,1,0.0241351,0.0507802,0.0541043,0.0233986
2019-07-20,1,0.0198074,0.049124,0.0530174,0.0233986
2019-07-21,1,0.0205833,0.0401191,0.0360631,0.0233986
2019-07-22,1,0.0236246,0.0406712,0.0361958,0.0233986
2019-07-23,1,0.0203451,0.0326923,0.0358264,0.0233986
2019-07-24,1,0.0203674,0.0327185,0.0299957,0.0233986
2019-07-25,1,0.0201917,0.0299597,0.028843,0.0233986
2019-07-26,1,0.0319148,0.0300787,0.0288054,0.0233986
2019-07-27,1,0.0208341,0.0314811,0.0343556,0.0233986
2019-07-28,1,0.0204481,0.0300299,0.0288332,0.0233986
2019-07-29,1,0.0160715,0.029948,0.0290098,0.0233986
2019-07-30,1,0.0150359,0.0293913,0.0289091,0.0233986
2019-07-31,1,0.0249584,0.0340807,0.0365441,0.0233986
2019-08-01,1,0.0365883,0.0299786,0.0308747,0.0233986
2019-08-02,1,0.0371461,0.0294433,0.0292773,0.0233986
2019-08-03,1,0.0384563,0.0272152,0.0284827,0.0233986
2019-08-04,1,0.0406296,0.0266001,0.0251574,0.0233986
2019-08-05,1,0.0318526,0.0305578,0.0371769,0.0233986
2019-08-06,1,0.0307728,0.0341435,0.0328904,0.0233986
2019-08-07,1,0.0218694,0.0313667,0.0395791,0.0233986
2019-08-08,1,0.0251131,0.0316523,0.0378482,0.0233986
2019-08-09,1,0.0361136,0.030445,0.0316458,0.0233986
2019-08-10,1,0.0435326,0.0287723,0.0366686,0.0233986
2019-08-11,1,0.0419672,0.0284123,0.033939,0.0233986
2019-08-12,1,0.0418933,0.0255659,0.032641,0.0233986
2019-08-13,1,0.041739,0.0269663,0.0368131,0.0233986
2019-08-14,1,0.0251015,0.0312394,0.041914,0.0233986
2019-08-15,1,0.0276637,0.0331818,0.0376829,0.0233986
2019-08-16,1,0.0414324,0.0327805,0.0403658,0.0233986
2019-08-17,1,0.041116,0.0327935,0.0393586,0.0233986
2019-08-18,1,0.0429497,0.0323886,0.0405471,0.0233986
2019-08-19,1,0.0318528,0.0281419,0.0368467,0.0233986
2019-08-20,1,0.0323245,0.0289863,0.032545,0.0233986
2019-08-21,1,0.0207598,0.0335408,0.0403334,0.0233986
2019-08-22,1,0.0231615,0.0330754,0.0386116,0.0233986
2019-08-23,1,0.0247658,0.0334938,0.0376876,0.0233986
2019-08-24,1,0.024911,0.0305437,0.0340651,0.0233986
2019-08-25,1,0.0266279,0.0303281,0.0350566,0.0233986
2019-08-26,1,0.0214349,0.0261368,0.0335028,0.0233986
2019-08-27,1,0.0245658,0.0258506,0.0368779,0.0233986
2019-08-28,1,0.0302042,0.0265521,0.0384481,0.0233986
2019-08-29,1,0.0220625,0.0260208,0.0343968,0.0233986
2019-08-30,1,0.0243422,0.0265956,0.0352116,0.0233986
2019-08-31,1,0.0253026,0.0249034,0.0366299,0.0233986
2019-09-01,1,0.0311845,0.0255597,0.0278371,0.0233986
2019-09-02,1,0.0183852,0.0279316,0.0281094,0.0233986
2019-09-03,1,0.0132407,0.0255079,0.0244422,0.0233986
2019-09-04,1,0.0135588,0.0259946,0.025877,0.0233986
2019-09-05,1,0.0151587,0.0249982,0.0244767,0.0233986
2019-09-06,1,0.0145138,0.0265038,0.0241026,0.0233986
2019-09-07,1,0.01688,0.0225709,0.0224471,0.0233986
2019-09-08,1,0.0167248,0.0203609,0.013809,0.0233986
2019-09-09,1,0.0160099,0.0204173,0.0149228,0.0233986
2019-09-10,1,0.0107928,0.0205412,0.0186732,0.0233986
2019-09-11,1,0.0118269,0.0202355,0.0181482,0.0233986
2019-09-12,1,0.00272237,0.0201897,0.0186001,0.0233986
2019-09-13,1,0.00265536,0.0200463,0.0214917,0.0233986
2019-09-14,1,0.00516222,0.0190066,0.0207964,0.0233986
2019-09-15,1,0.00586913,0.0166754,0.0193073,0.0233986
2019-09-16,1,0.00823854,0.016863,0.0167568,0.0233986
2019-09-17,1,0.00944311,0.0106562,0.0177716,0.0233986
2019-09-18,1,0.016879,0.0105104,0.0182002,0.0233986
2019-09-19,1,0.0501795,0.0124107,0.0169072,0.0233986
2019-09-20,1,0.0493062,0.012699,0.0162623,0.0233986
2019-09-21,1,0.0479887,0.014139,0.0159717,0.0233986
2019-09-22,1,0.0509072,0.0147439,0.0159047,0.0233986
2019-09-23,1,0.0539432,0.0180832,0.0227025,0.0233986
2019-09-24,1,0.0224204,0.029384,0.0270716,0.0233986
2019-09-25,1,0.0271994,0.028839,0.0225536,0.0233986
2019-09-26,1,0.0157054,0.0289512,0.0251341,0.0233986
2019-09-27,1,0.0145726,0.029672,0.0281964,0.0233986
2019-09-28,1,0.0170386,0.0301956,0.0318072,0.0233986
2019-09-29,1,0.0147751,0.0228331,0.0225567,0.0233986
2019-09-30,1,0.00939997,0.024449,0.0239402,0.0233986
2019-10-01,1,0.0101178,0.0206961,0.021968,0.0233986
2019-10-02,1,0.0205913,0.0202041,0.0210556,0.0233986
2019-10-03,1,0.0193958,0.0211584,0.0241602,0.0233986
2019-10-04,1,0.0270982,0.0198374,0.0198877,0.0233986
2019-10-05,1,0.0263835,0.017247,0.0186411,0.0233986
2019-10-06,1,0.0298369,0.0175641,0.0169977,0.0233986
2019-10-07,1,0.0267792,0.0222236,0.0278892,0.0233986
2019-10-08,1,0.0267723,0.0218295,0.0252738,0.0233986
2019-10-09,1,0.0149501,0.0247296,0.0341124,0.0233986
2019-10-10,1,0.0160745,0.0245147,0.0309751,0.0233986
2019-10-11,1,0.0124287,0.025539,0.0351319,0.0233986
2019-10-12,1,0.0134892,0.0246519,0.0314047,0.0233986
2019-10-13,1,0.0140032,0.0243287,0.0299292,0.0233986
2019-10-14,1,0.0129003,0.0203154,0.0226259,0.0233986
2019-10-15,1,0.0195157,0.0207045,0.0253367,0.0233986
2019-10-16,1,0.0161079,0.0166423,0.015144,0.0233986
2019-10-17,1,0.0194583,0.0170382,0.0158979,0.0233986
2019-10-18,1,0.0380117,0.0165626,0.0168386,0.0233986
2019-10-19,1,0.0376393,0.0160449,0.0168592,0.0233986
2019-10-20,1,0.0807323,0.0184628,0.0213718,0.0233986
2019-10-21,1,0.0840212,0.0172995,0.0181471,0.0233986
2019-10-22,1,0.080476,0.018243,0.0172818,0.0233986
2019-10-23,1,0.0681736,0.0244738,0.0232058,0.0233986
2019-10-24,1,0.0653141,0.0243639,0.0185163,0.0233986
2019-10-25,1,0.0402348,0.0375791,0.0469367,0.0233986
2019-10-26,1,0.0271747,0.0389211,0.049282,0.0233986
2019-10-27,1,0.0208972,0.0384539,0.0458917,0.0233986
2019-10-28,1,0.0156976,0.036673,0.0433824,0.0233986
2019-10-29,1,0.0129144,0.0361357,0.043157,0.0233986
2019-10-30,1,0.0105725,0.0312701,0.0303145,0.0233986
2019-10-31,1,0.0117661,0.027542,0.0240621,0.0233986
2019-11-01,1,0.0115949,0.0252688,0.0257803,0.0233986
2019-11-02,1,0.0123156,0.0229954,0.0227248,0.0233986
2019-11-03,1,0.0259265,0.0216794,0.0202607,0.0233986
2019-11-04,1,0.0219041,0.0204156,0.0195617,0.0233986
2019-11-05,1,0.0285779,0.0210994,0.0203853,0.0233986
2019-11-06,1,0.0303658,0.020936,0.0217968,0.0233986
2019-11-07,1,0.0316959,0.0212919,0.0203849,0.0233986
2019-11-08,1,0.0217722,0.0272112,0.0277012,0.0233986
2019-11-09,1,0.0223438,0.0257833,0.0255254,0.0233986
2019-11-10,1,0.0165712,0.0280629,0.0259768,0.0233986
2019-11-11,1,0.0135967,0.028698,0.0288781,0.0233986
2019-11-12,1,0.0129543,0.0290833,0.0333613,0.0233986
2019-11-13,1,0.0169748,0.0258622,0.0255511,0.0233986
2019-11-14,1,0.0169778,0.0254383,0.0261005,0.0233986
2019-11-15,1,0.0164218,0.0233221,0.0232577,0.0233986
2019-11-16,1,0.0197075,0.0190818,0.0169875,0.0233986
2019-11-17,1,0.0156299,0.0176577,0.0188043,0.0233986
2019-11-18,1,0.02593,0.0189719,0.0228368,0.0233986
2019-11-19,1,0.0271614,0.0187509,0.0220358,0.0233986
2019-11-20,1,0.0338485,0.018424,0.0189695,0.0233986
2019-11-21,1,0.032885,0.020096,0.0216432,0.0233986
2019-11-22,1,0.0332938,0.0191398,0.0209764,0.0233986
2019-11-23,1,0.0335909,0.0219748,0.0201557,0.0233986
2019-11-24,1,0.0215452,0.0226969,0.0229158,0.0233986
2019-11-25,1,0.0295222,0.0244352,0.020372,0.0233986
2019-11-26,1,0.0326559,0.0240624,0.0194957,0.0233986
2019-11-27,1,0.025748,0.0250711,0.0251503,0.0233986
2019-11-28,1,0.0257532,0.0250925,0.0227172,0.0233986
2019-11-29,1,0.00948338,0.022452,0.0216287,0.0233986
2019-11-30,1,0.0181436,0.0243679,0.0225818,0.0233986
2019-12-01,1,0.0166782,0.025164,0.024067,0.0233986
2019-12-02,1,0.0139375,0.0230814,0.0210725,0.0233986
2019-12-03,1,0.0137937,0.0229445,0.0198966,0.0233986
2019-12-04,1,0.017914,0.0168432,0.0165914,0.0233986
2019-12-05,1,0.0143708,0.0208411,0.0186862,0.0233986
2019-12-06,1,0.010381,0.0203638,0.0230215,0.0233986
2019-12-07,1,0.0109859,0.0192075,0.0198041,0.0233986
2019-12-08,1,0.0115914,0.0190563,0.0204415,0.0233986
2019-12-09,1,0.0110975,0.0206968,0.0204378,0.0233986
2019-12-10,1,0.0106805,0.0192084,0.019818,0.0233986
2019-12-11,1,0.0165601,0.0173775,0.018043,0.0233986
2019-12-12,1,0.0209234,0.0176427,0.0198047,0.0233986
2019-12-13,1,0.0538964,0.017492,0.0197179,0.0233986
2019-12-14,1,0.0531367,0.0168516,0.0172512,0.0233986
2019-12-15,1,0.0531287,0.0165942,0.0198571,0.0233986
2019-12-16,1,0.0501987,0.0185774,0.0247031,0.0233986
2019-12-17,1,0.0428913,0.0205051,0.0220198,0.0233986
2019-12-18,1,0.0247057,0.0306112,0.0314972,0.0233986
2019-12-19,1,0.0241162,0.0299622,0.0229953,0.0233986
2019-12-20,1,0.0245246,0.0299499,0.0251828,0.0233986
2019-12-21,1,0.024593,0.0289203,0.0244199,0.0233986
2019-12-22,1,0.00997363,0.0278467,0.0232421,0.0233986
2019-12-23,1,0.00604541,0.0235404,0.0209919,0.0233986
2019-12-24,1,0.00860076,0.0223921,0.019658,0.0233986
2019-12-25,1,0.0122473,0.022252,0.0181258,0.0233986
2019-12-26,1,0.0137543,0.0221759,0.0190015,0.0233986
2019-12-27,1,0.0130876,0.0166721,0.0143395,0.0233986
2019-12-28,1,0.017214,0.0142545,0.0152532,0.0233986
2019-12-29,1,0.0312696,0.0159161,0.0164117,0.0233986
2019-12-30,1,0.030212,0.0177944,0.0139283,0.0233986
2019-12-31,1,0.0288798,0.0183905,0.0174967,0.0233986
2020-01-01,1,0.0338385,0.0180625,0.0163653,0.0233986
2020-01-02,1,0.0245717,0.0198382,0.0204773,0.0233986
2020-01-03,1,0.0275863,0.0245296,0.034533,0.0233986
2020-01-04,1,0.0341527,0.0242934,0.0277174,0.0233986
2020-01-05,1,0.0347056,0.023867,0.0264919,0.0233986
2020-01-06,1,0.0335411,0.0256155,0.0419706,0.0233986
2020-01-07,1,0.0256897,0.0233342,0.0346947,0.0233986
2020-01-08,1,0.0252892,0.0237551,0.0261446,0.0233986
2020-01-09,1,0.0382365,0.0237783,0.0186461,0.0233986
2020-01-10,1,0.0387764,0.0241407,0.0247279,0.0233986
2020-01-11,1,0.0375785,0.0240214,0.0205622,0.0233986
2020-01-12,1,0.0376993,0.0221822,0.017605,0.0233986
2020-01-13,1,0.0366898,0.0217043,0.0163646,0.0233986
2020-01-14,1,0.0181602,0.0262946,0.0280826,0.0233986
2020-01-15,1,0.0181995,0.0263941,0.0271787,0.0233986
2020-01-16,1,0.0186737,0.0261693,0.0258043,0.0233986
2020-01-17,1,0.0137121,0.0261677,0.0246608,0.0233986
2020-01-18,1,0.0171399,0.0259533,0.0271823,0.0233986
2020-01-19,1,0.0162604,0.0211516,0.0221252,0.0233986
2020-01-20,1,0.0163143,0.0210714,0.0210624,0.0233986
2020-01-21,1,0.0215831,0.0210121,0.0170703,0.0233986
2020-01-22,1,0.0274318,0.0190724,0.0158822,0.0233986
2020-01-23,1,0.0235947,0.02062,0.0242379,0.0233986
2020-01-24,1,0.0254958,0.020041,0.0184013,0.0233986
2020-01-25,1,0.0199476,0.0197812,0.0162646,0.0233986
2020-01-26,1,0.0273923,0.0215867,0.0180377,0.0233986
2020-01-27,1,0.0254852,0.0234476,0.0246039,0.0233986
2020-01-28,1,0.0138477,0.022464,0.0250737,0.0233986
2020-01-29,1,0.013927,0.0226146,0.0192565,0.0233986
2020-01-30,1,0.00808401,0.0209401,0.0184104,0.0233986
2020-01-31,1,0.0234005,0.0229771,0.021368,0.0233986
2020-02-01,1,0.0235588,0.0222814,0.0191465,0.0233986
2020-02-02,1,0.0225947,0.0183999,0.0158856,0.0233986
2020-02-03,1,0.0211824,0.0184074,0.0154989,0.0233986
2020-02-04,1,0.0166507,0.0156152,0.0160939,0.0233986
2020-02-05,1,0.0188919,0.0206252,0.0231049,0.0233986
2020-02-06,1,0.0233211,0.0206763,0.0194414,0.0233986
2020-02-07,1,0.0232734,0.0203154,0.0179114,0.0233986
2020-02-08,1,0.0252425,0.0197896,0.0171348,0.0233986
2020-02-09,1,0.0233145,0.0185047,0.0161751,0.0233986
2020-02-10,1,0.0288045,0.0192663,0.0161889,0.0233986
2020-02-11,1,0.0221648,0.0208026,0.0227346,0.0233986
2020-02-12,1,0.0211729,0.0207608,0.0189486,0.0233986
2020-02-13,1,0.0337267,0.0213339,0.0170919,0.0233986
2020-02-14,1,0.0393363,0.0202241,0.0189234,0.0233986
2020-02-15,1,0.036074,0.0224025,0.0235136,0.0233986
2020-02-16,1,0.0363605,0.0201984,0.0180055,0.0233986
2020-02-17,1,0.0346428,0.0201098,0.0172147,0.0233986
2020-02-18,1,0.0289094,0.023507,0.0243584,0.0233986
2020-02-19,1,0.0198436,0.0251315,0.0247741,0.0233986
2020-02-20,1,0.0248286,0.024374,0.0201642,0.0233986
2020-02-21,1,0.0320188,0.0243011,0.0186452,0.0233986
2020-02-22,1,0.0318118,0.0238529,0.0198366,0.0233986
2020-02-23,1,0.0205009,0.0227457,0.0186717,0.0233986
2020-02-24,1,0.0220593,0.0205106,0.0184855,0.0233986
2020-02-25,1,0.0226374,0.0222931,0.0223017,0.0233986
2020-02-26,1,0.0194162,0.0250084,0.0356632,0.0233986
2020-02-27,1,0.0198958,0.0244268,0.0230747,0.0233986
2020-02-28,1,0.0188039,0.021294,0.019586,0.0233986
2020-02-29,1,0.022855,0.0217402,0.0194104,0.0233986
2020-03-01,1,0.0216748,0.021879,0.0203045,0.0233986
2020-03-02,1,0.0223127,0.0210149,0.0214234,0.0233986
2020-03-03,1,0.0487512,0.0209905,0.0174334,0.0233986
2020-03-04,1,0.0482868,0.0202765,0.0163045,0.0233986
2020-03-05,1,0.0393854,0.0219212,0.0228488,0.0233986
2020-03-06,1,0.0384841,0.0214825,0.0188432,0.0233986
2020-03-07,1,0.198296,0.0216031,0.0199488,0.0233986
2020-03-08,1,0.224076,0.0295139,0.0428173,0.0233986
2020-03-09,1,0.222355,0.0294162,0.0426861,0.0233986
2020-03-10,1,0.22649,0.0275254,0.0409435,0.0233986
2020-03-11,1,0.222621,0.0267071,0.0345867,0.0233986
2020-03-12,1,0.0791384,0.0759322,0.0647207,0.0233986
2020-03-13,1,0.0550761,0.0802889,0.0645216,0.0233986
2020-03-14,1,0.0868031,0.0799996,0.0623803,0.0233986
2020-03-15,1,0.0880691,0.080689,0.0655756,0.0233986
2020-03-16,1,0.0721692,0.0803258,0.062389,0.0233986
2020-03-17,1,0.0851894,0.0586998,0.0642455,0.0233986
2020-03-18,1,0.0899549,0.052549,0.0586402,0.0233986
2020-03-19,1,0.0583121,0.0622803,0.0640111,0.0233986
2020-03-20,1,0.0590715,0.0625639,0.0643109,0.0233986
2020-03-21,1,0.0586192,0.0588569,0.0639653,0.0233986
2020-03-22,1,0.0520731,0.0620455,0.0610038,0.0233986
2020-03-23,1,0.0352489,0.063697,0.0620166,0.0233986
2020-03-24,1,0.0236564,0.0558526,0.0587848,0.0233986
2020-03-25,1,0.0546731,0.0560749,0.0620424,0.0233986
2020-03-26,1,0.0544691,0.0559343,0.0608566,0.0233986
2020-03-27,1,0.0533885,0.0538746,0.0593142,0.0233986
2020-03-28,1,0.0488648,0.047761,0.0491773,0.0233986
2020-03-29,1,0.0353356,0.0423135,0.0467984,0.0233986
2020-03-30,1,0.016165,0.0549243,0.0569453,0.0233986
2020-03-31,1,0.0191552,0.0548594,0.0580206,0.0233986
2020-04-01,1,0.0324352,0.0545702,0.0591989,0.0233986
2020-04-02,1,0.0347968,0.0531583,0.0531063,0.0233986
2020-04-03,1,0.0330785,0.0393214,0.0409583,0.0233986
2020-04-04,1,0.0343307,0.0302946,0.0307501,0.0233986
2020-04-05,1,0.047748,0.0314723,0.0337578,0.0233986
2020-04-06,1,0.0307611,0.0372744,0.0443184,0.0233986
2020-04-07,1,0.0331183,0.0374459,0.0378676,0.0233986
2020-04-08,1,0.0294276,0.036816,0.0365102,0.0233986
2020-04-09,1,0.0297992,0.0372494,0.0377469,0.0233986
2020-04-10,1,0.0177511,0.0387379,0.0453581,0.0233986
2020-04-11,1,0.038637,0.0338342,0.0371068,0.0233986
2020-04-12,1,0.0384908,0.0346216,0.0381668,0.0233986
2020-04-13,1,0.037005,0.0328816,0.0350511,0.0233986
2020-04-14,1,0.0379553,0.0316777,0.0369835,0.0233986
2020-04-15,1,0.0419156,0.0268122,0.0359783,0.0233986
2020-04-16,1,0.023906,0.0349661,0.0440657,0.0233986
2020-04-17,1,0.0302077,0.0349259,0.0422184,0.0233986
2020-04-18,1,0.0349371,0.0342433,0.040304,0.0233986
2020-04-19,1,0.0342177,0.0342043,0.0442759,0.0233986
2020-04-20,1,0.0190062,0.0350784,0.042354,0.0233986
2020-04-21,1,0.0162114,0.028371,0.0370869,0.0233986
2020-04-22,1,0.0149044,0.0307022,0.0397477,0.0233986
2020-04-23,1,0.00726266,0.0323495,0.0419763,0.0233986
2020-04-24,1,0.0502689,0.0320524,0.0396147,0.0233986
2020-04-25,1,0.0535057,0.026719,0.0367226,0.0233986
2020-04-26,1,0.0531291,0.0254029,0.0351318,0.0233986
2020-04-27,1,0.0532014,0.0247226,0.0305064,0.0233986
2020-04-28,1,0.0549093,0.0191889,0.0230367,0.0233986
2020-04-29,1,0.016491,0.0379735,0.0496251,0.0233986
2020-04-30,1,0.0127531,0.0387969,0.0487082,0.0233986
2020-05-01,1,0.0145751,0.0387207,0.0478013,0.0233986
2020-05-02,1,0.0317603,0.0376276,0.0479377,0.0233986
2020-05-03,1,0.0319561,0.0380711,0.0484762,0.0233986
2020-05-04,1,0.0377186,0.0263229,0.0328019,0.0233986
2020-05-05,1,0.0609556,0.0241922,0.0262903,0.0233986
2020-05-06,1,0.0578205,0.0252174,0.03228,0.0233986
2020-05-07,1,0.0417714,0.0321662,0.043489,0.0233986
2020-05-08,1,0.0542995,0.0318201,0.0404242,0.0233986
2020-05-09,1,0.0595778,0.0337665,0.0408834,0.0233986
2020-05-10,1,0.0415568,0.0413885,0.0488328,0.0233986
2020-05-11,1,0.0384988,0.0369306,0.0392238,0.0233986
2020-05-12,1,0.0389404,0.0327455,0.0320221,0.0233986
2020-05-13,1,0.0344351,0.0355931,0.0391363,0.0233986
2020-05-14,1,0.0265641,0.0367803,0.0388805,0.0233986
2020-05-15,1,0.0186052,0.0331034,0.034845,0.0233986
2020-05-16,1,0.0295322,0.0323068,0.0333152,0.0233986
2020-05-17,1,0.024121,0.0324778,0.0317974,0.0233986
2020-05-18,1,0.0236741,0.0304928,0.0287419,0.0233986
2020-05-19,1,0.0271468,0.0281687,0.0214785,0.0233986
2020-05-20,1,0.0309326,0.0253654,0.0231043,0.0233986
2020-05-21,1,0.0244195,0.0278086,0.0252465,0.0233986
2020-05-22,1,0.0311869,0.0258461,0.0223314,0.0233986
2020-05-23,1,0.0353994,0.0255724,0.0220364,0.0233986
2020-05-24,1,0.0231447,0.0270492,0.0243469,0.0233986
2020-05-25,1,0.0238343,0.0281709,0.024604,0.0233986
2020-05-26,1,0.02894,0.0261532,0.0217143,0.0233986
2020-05-27,1,0.0384454,0.0283625,0.0268455,0.0233986
2020-05-28,1,0.0520293,0.029453,0.0277167,0.0233986
2020-05-29,1,0.0519998,0.0249737,0.0234354,0.0233986
2020-05-30,1,0.0509213,0.0253225,0.0228764,0.0233986
2020-05-31,1,0.0496741,0.0268955,0.0231949,0.0233986
2020-06-01,1,0.0325699,0.0287523,0.0279778,0.0233986
2020-06-02,1,0.0121723,0.0326255,0.0332576,0.0233986
2020-06-03,1,0.0112273,0.0325626,0.032474,0.0233986
2020-06-04,1,0.00893518,0.031927,0.0289575,0.0233986
2020-06-05,1,0.00490499,0.0311187,0.0296041,0.0233986
2020-06-06,1,0.0283039,0.0269702,0.0290817,0.0233986
2020-06-07,1,0.0293727,0.0199439,0.0189152,0.0233986
2020-06-08,1,0.0292713,0.0193247,0.0201766,0.0233986
2020-06-09,1,0.0288749,0.0179007,0.01956,0.0233986
2020-06-10,1,0.0287681,0.0148969,0.01804,0.0233986
2020-06-11,1,0.0100014,0.0261648,0.0271329,0.0233986
2020-06-12,1,0.00799889,0.0260736,0.0264681,0.0233986
2020-06-13,1,0.00864603,0.0260301,0.0258337,0.0233986
2020-06-14,1,0.00965673,0.0259053,0.0258599,0.0233986
2020-06-15,1,0.00922274,0.0252556,0.02329,0.0233986
2020-06-16,1,0.00657812,0.018252,0.016387,0.0233986
2020-06-17,1,0.0195218,0.0170317,0.0174285,0.0233986
2020-06-18,1,0.0189289,0.0172568,0.0154265,0.0233986
2020-06-19,1,0.0248728,0.0176017,0.0174889,0.0233986
2020-06-20,1,0.0248521,0.0173481,0.0179041,0.0233986
2020-06-21,1,0.025236,0.0154949,0.0188444,0.0233986
2020-06-22,1,0.0122498,0.0217841,0.0217176,0.0233986
2020-06-23,1,0.0158917,0.0202559,0.0192284,0.0233986
2020-06-24,1,0.0103018,0.020958,0.0226041,0.0233986
2020-06-25,1,0.0103368,0.020862,0.0189082,0.0233986
2020-06-26,1,0.010365,0.0208598,0.0183072,0.0233986
2020-06-27,1,0.00986384,0.0167095,0.0195855,0.0233986
2020-06-28,1,0.00859448,0.0177403,0.0223331,0.0233986
2020-06-29,1,0.00855828,0.0154819,0.0199627,0.0233986
2020-06-30,1,0.00865,0.0154804,0.0196937,0.0233986
2020-07-01,1,0.017543,0.0155356,0.0190841,0.0233986
2020-07-02,1,0.0179302,0.0152867,0.0215469,0.0233986
2020-07-03,1,0.0186644,0.0134549,0.0155622,0.0233986
2020-07-04,1,0.0214989,0.0132784,0.0147772,0.0233986
2020-07-05,1,0.0209625,0.0133111,0.0142071,0.0233986
2020-07-06,1,0.0138189,0.0170406,0.0164769,0.0233986
2020-07-07,1,0.0126976,0.0172158,0.0152866,0.0233986
2020-07-08,1,0.00750474,0.017571,0.0128116,0.0233986
2020-07-09,1,0.00325217,0.0180998,0.0151797,0.0233986
2020-07-10,1,0.00379646,0.0179221,0.0147502,0.0233986
2020-07-11,1,0.0042948,0.0156827,0.0111315,0.0233986
2020-07-12,1,0.00366604,0.0151649,0.0117991,0.0233986
2020-07-13,1,0.00393134,0.0128115,0.0135338,0.0233986
2020-07-14,1,0.00445757,0.0093902,0.0126643,0.0233986
2020-07-15,1,0.00390401,0.00985135,0.0124478,0.0233986
2020-07-16,1,0.00997619,0.0097362,0.0115844,0.0233986
2020-07-17,1,0.0107701,0.00926715,0.0110781,0.0233986
2020-07-18,1,0.010152,0.00940713,0.011164,0.0233986
2020-07-19,1,0.0117218,0.00966533,0.0112736,0.0233986
2020-07-20,1,0.010552,0.00914688,0.0100308,0.0233986
2020-07-21,1,0.0107126,0.0125572,0.0111318,0.0233986
2020-07-22,1,0.043396,0.012974,0.0133718,0.0233986
2020-07-23,1,0.0454362,0.0125992,0.0118299,0.0233986
2020-07-24,1,0.0427347,0.013069,0.0111249,0.0233986
2020-07-25,1,0.0443942,0.0127302,0.0130879,0.0233986
2020-07-26,1,0.0445439,0.0129908,0.010588,0.0233986
2020-07-27,1,0.0174257,0.0252726,0.0227117,0.0233986
2020-07-28,1,0.0383344,0.0255058,0.0173177,0.0233986
2020-07-29,1,0.038357,0.0248925,0.0171021,0.0233986
2020-07-30,1,0.0384603,0.0251031,0.0180964,0.0233986
2020-07-31,2,0.0433805,0.024017,0.0214837,0.0235239
2020-08-01,2,0.0399253,0.0185453,0.0217116,0.0235239
2020-08-02,2,0.0240219,0.0245441,0.0244368,0.0235239
2020-08-03,2,0.0237604,0.0245662,0.0211385,0.0235239
2020-08-04,2,0.0241993,0.0245649,0.0227906,0.0235239
2020-08-05,2,0.0134761,0.0258294,0.0240732,0.0235239
2020-08-06,2,0.0232022,0.025207,0.0236012,0.0235239
2020-08-07,2,0.0242554,0.0220532,0.0221579,0.0235239
2020-08-08,2,0.0248614,0.0219812,0.0219103,0.0235239
2020-08-09,2,0.0245868,0.0221336,0.0181196,0.0235239
2020-08-10,2,0.0234643,0.0186546,0.0173768,0.0235239
2020-08-11,2,0.00793802,0.0221523,0.0280407,0.0235239
2020-08-12,2,0.0125555,0.0224083,0.0260443,0.0235239
2020-08-13,2,0.0185858,0.0225624,0.0254708,0.0235239
2020-08-14,2,0.0213626,0.0225123,0.0222132,0.0235239
2020-08-15,2,0.0215725,0.0221959,0.0243672,0.0235239
2020-08-16,2,0.024079,0.0165396,0.0196947,0.0235239
2020-08-17,2,0.0169846,0.0187951,0.0250441,0.0235239
2020-08-18,2,0.015735,0.0193443,0.0170781,0.0235239
2020-08-19,2,0.0145354,0.0202274,0.0194946,0.0235239
2020-08-20,2,0.0200008,0.0202465,0.0185916,0.0235239
2020-08-21,2,0.0193222,0.0210112,0.0217319,0.0235239
2020-08-22,2,0.0191422,0.0190564,0.0168125,0.0235239
2020-08-23,2,0.0223767,0.0182764,0.0149644,0.0235239
2020-08-24,2,0.0214544,0.0168359,0.0201107,0.0235239
2020-08-25,2,0.0144221,0.0188106,0.0265581,0.0235239
2020-08-26,2,0.0145642,0.0186452,0.0205376,0.0235239
2020-08-27,2,0.013008,0.0179181,0.0243584,0.0235239
2020-08-28,2,0.028142,0.0188638,0.0235405,0.0235239
2020-08-29,2,0.0551266,0.0185684,0.0190175,0.0235239
2020-08-30,2,0.0567134,0.0167285,0.0243062,0.0235239
2020-08-31,2,0.0557923,0.0167498,0.0217674,0.0235239
2020-09-01,2,0.0528539,0.01636,0.0235711,0.0235239
2020-09-02,2,0.0542553,0.0205894,0.0236595,0.0235239
2020-09-03,2,0.0248072,0.0288545,0.0284794,0.0235239
2020-09-04,2,0.021275,0.029158,0.03244,0.0235239
2020-09-05,2,0.0151338,0.0292483,0.038163,0.0235239
2020-09-06,2,0.0146278,0.0288271,0.0358485,0.0235239
2020-09-07,2,0.0142684,0.0290481,0.038777,0.0235239
2020-09-08,2,0.00927563,0.0233195,0.021192,0.0235239
2020-09-09,2,0.0165924,0.0223983,0.0232221,0.0235239
2020-09-10,2,0.0165514,0.0204499,0.0228684,0.0235239
2020-09-11,2,0.016651,0.0202351,0.0224282,0.0235239
2020-09-12,2,0.0175129,0.0200566,0.02053,0.0235239
2020-09-13,2,0.0146978,0.0178319,0.0193775,0.0235239
2020-09-14,2,0.0084565,0.0211578,0.0250955,0.0235239
2020-09-15,2,0.0124961,0.0211528,0.0238682,0.0235239
2020-09-16,2,0.0218699,0.0210866,0.0225291,0.0235239
2020-09-17,2,0.0230534,0.021353,0.0221797,0.0235239
2020-09-18,2,0.0241827,0.0203366,0.0204047,0.0235239
2020-09-19,2,0.0361651,0.0174673,0.0222895,0.0235239
2020-09-20,2,0.0358972,0.0194452,0.0234138,0.0235239
2020-09-21,2,0.0281034,0.0229367,0.0261248,0.0235239
2020-09-22,2,0.0281111,0.0232907,0.0253146,0.0235239
2020-09-23,2,0.022992,0.0235538,0.0243113,0.0235239
2020-09-24,2,0.00799746,0.0265636,0.0374866,0.0235239
2020-09-25,2,0.00782623,0.0231024,0.0199474,0.0235239
2020-09-26,2,0.010464,0.021428,0.0195201,0.0235239
2020-09-27,2,0.0101253,0.0209747,0.0205783,0.0235239
2020-09-28,2,0.0100418,0.0198613,0.020916,0.0235239
2020-09-29,2,0.00958468,0.0149242,0.0231805,0.0235239
2020-09-30,2,0.0114276,0.0146186,0.0196066,0.0235239
2020-10-01,2,0.0122078,0.0157452,0.0244595,0.0235239
2020-10-02,2,0.0122598,0.015568,0.0213753,0.0235239
2020-10-03,2,0.0149978,0.0155336,0.0209576,0.0235239
2020-10-04,2,0.0151943,0.0152724,0.0216611,0.0235239
2020-10-05,2,0.0163545,0.0160059,0.0239354,0.0235239
2020-10-06,2,0.00751736,0.0160538,0.0234912,0.0235239
2020-10-07,2,0.00601965,0.0160364,0.0201412,0.0235239
2020-10-08,2,0.0123067,0.0170581,0.0239973,0.0235239
2020-10-09,2,0.0125429,0.0171731,0.0262065,0.0235239
2020-10-10,2,0.00976962,0.0175962,0.0250012,0.0235239
2020-10-11,2,0.0123224,0.0142133,0.0209067,0.0235239
2020-10-12,2,0.00923805,0.013357,0.0241262,0.0235239
2020-10-13,2,0.00986119,0.0154757,0.0106156,0.0235239
2020-10-14,2,0.0136436,0.0155525,0.00813557,0.0235239
2020-10-15,2,0.0142787,0.0140844,0.0132643,0.0235239
2020-10-16,2,0.0279603,0.013964,0.0153491,0.0235239
2020-10-17,2,0.0266224,0.0128451,0.0127393,0.0235239
2020-10-18,2,0.0291803,0.0131066,0.0150141,0.0235239
2020-10-19,2,0.0295488,0.0145851,0.00932235,0.0235239
2020-10-20,2,0.0321427,0.0147465,0.0127715,0.0235239
2020-10-21,2,0.00841149,0.0204847,0.0240778,0.0235239
2020-10-22,2,0.0198685,0.0201485,0.0196698,0.0235239
2020-10-23,2,0.0263713,0.0204621,0.0171724,0.0235239
2020-10-24,2,0.0262896,0.0203895,0.0198128,0.0235239
2020-10-25,2,0.0255805,0.0209022,0.0165135,0.0235239
2020-10-26,2,0.0257327,0.0145278,0.019931,0.0235239
2020-10-27,2,0.0182138,0.0188246,0.0269046,0.0235239
2020-10-28,2,0.0125052,0.0206408,0.0274114,0.0235239
2020-10-29,2,0.0167485,0.0206115,0.0241179,0.0235239
2020-10-30,2,0.0169396,0.0204044,0.0205176,0.0235239
2020-10-31,2,0.0438543,0.0204366,0.023647,0.0235239
2020-11-01,2,0.0435025,0.0184899,0.0198339,0.0235239
2020-11-02,2,0.0528922,0.0161202,0.0206301,0.0235239
2020-11-03,2,0.0539311,0.0175707,0.0274267,0.0235239
2020-11-04,2,0.0556638,0.0174013,0.0210141,0.0235239
2020-11-05,2,0.0322739,0.0253832,0.0257755,0.0235239
2020-11-06,2,0.0350796,0.025368,0.0224393,0.0235239
2020-11-07,2,0.0233845,0.0276041,0.0330721,0.0235239
2020-11-08,2,0.0196478,0.0280208,0.0365544,0.0235239
2020-11-09,2,0.0212561,0.0283922,0.0395189,0.0235239
2020-11-10,2,0.0219472,0.0245192,0.0351942,0.0235239
2020-11-11,2,0.0272534,0.025144,0.0370552,0.0235239
2020-11-12,2,0.0319545,0.0220041,0.0238938,0.0235239
2020-11-13,2,0.0313962,0.0209579,0.0179174,0.0235239
2020-11-14,2,0.0277952,0.021527,0.0219934,0.0235239
2020-11-15,2,0.024244,0.0217643,0.0190953,0.0235239
2020-11-16,2,0.0253939,0.0233752,0.0247864,0.0235239
2020-11-17,2,0.0219287,0.0248428,0.0386811,0.0235239
2020-11-18,2,0.0222234,0.0245613,0.03046,0.0235239
2020-11-19,2,0.026285,0.0234571,0.0198289,0.0235239
2020-11-20,2,0.0233391,0.0226615,0.0247981,0.0235239
2020-11-21,2,0.0462975,0.0229766,0.0214173,0.0235239
2020-11-22,2,0.0467494,0.0221583,0.0269572,0.0235239
2020-11-23,2,0.0517706,0.0221297,0.0230813,0.0235239
2020-11-24,2,0.0488943,0.023182,0.0263199,0.0235239
2020-11-25,2,0.0614608,0.0226563,0.0266215,0.0235239
2020-11-26,2,0.0444587,0.0295529,0.043846,0.0235239
2020-11-27,2,0.0429185,0.0283143,0.0401954,0.0235239
2020-11-28,2,0.042531,0.0293139,0.0434346,0.0235239
2020-11-29,2,0.0491904,0.0283429,0.0425292,0.0235239
2020-11-30,2,0.0332426,0.0310848,0.0425536,0.0235239
2020-12-01,2,0.0256949,0.029018,0.0373974,0.0235239
2020-12-02,2,0.0246322,0.028735,0.0351592,0.0235239
2020-12-03,2,0.0304651,0.0286226,0.0366072,0.0235239
2020-12-04,2,0.027569,0.0301425,0.0378675,0.0235239
2020-12-05,2,0.0238234,0.0271158,0.0334734,0.0235239
2020-12-06,2,0.0212478,0.025213,0.0229187,0.0235239
2020-12-07,2,0.0325534,0.024936,0.0228689,0.0235239
2020-12-08,2,0.0229229,0.0267219,0.0251292,0.0235239
2020-12-09,2,0.0228461,0.0256541,0.0241152,0.0235239
2020-12-10,2,0.0189713,0.0247165,0.0248608,0.0235239
2020-12-11,2,0.0361779,0.0239938,0.0241681,0.0235239
2020-12-12,2,0.0394785,0.0269233,0.03222,0.0235239
2020-12-13,2,0.0399464,0.0245198,0.0248769,0.0235239
2020-12-14,2,0.0361989,0.024463,0.0242414,0.0235239
2020-12-15,2,0.0432917,0.0232418,0.0210542,0.0235239
2020-12-16,2,0.0386706,0.0289519,0.0355217,0.0235239
2020-12-17,2,0.0305021,0.0301725,0.0326843,0.0235239
2020-12-18,2,0.0331323,0.0288634,0.0265462,0.0235239
2020-12-19,2,0.0310739,0.0281172,0.0264521,0.0235239
2020-12-20,2,0.0338388,0.0294584,0.0277572,0.0235239
2020-12-21,2,0.0341318,0.0288607,0.0267736,0.0235239
2020-12-22,2,0.0364689,0.0265786,0.0238959,0.0235239
2020-12-23,2,0.0274513,0.0269449,0.0275361,0.0235239
2020-12-24,2,0.0287926,0.026476,0.0254245,0.0235239
2020-12-25,2,0.030666,0.0272591,0.0300211,0.0235239
2020-12-26,2,0.0232192,0.0274828,0.032865,0.0235239
2020-12-27,2,0.0193901,0.0279948,0.0276775,0.0235239
2020-12-28,2,0.0362754,0.0259655,0.0236961,0.0235239
2020-12-29,2,0.0348761,0.0262197,0.0226901,0.0235239
2020-12-30,2,0.0422165,0.0262131,0.0259509,0.0235239
2020-12-31,2,0.0445399,0.0243279,0.0256056,0.0235239
2021-01-01,2,0.0474316,0.0229368,0.0242336,0.0235239
2021-01-02,2,0.0429982,0.0279665,0.0315715,0.0235239
2021-01-03,2,0.0416945,0.0276384,0.025874,0.0235239
2021-01-04,2,0.0369569,0.0293126,0.0255504,0.0235239
2021-01-05,2,0.0541682,0.0299982,0.028391,0.0235239
2021-01-06,2,0.0585489,0.0309311,0.0286286,0.0235239
2021-01-07,2,0.0426733,0.0297595,0.0297497,0.0235239
2021-01-08,2,0.0669932,0.0292317,0.0281543,0.0235239
2021-01-09,2,0.0735063,0.0285439,0.0255667,0.0235239
2021-01-10,2,0.0757578,0.0326741,0.0331584,0.0235239
2021-01-11,2,0.0667885,0.0348068,0.0357211,0.0235239
2021-01-12,2,0.0616498,0.0323147,0.0301873,0.0235239
2021-01-13,2,0.0422957,0.0374165,0.0373245,0.0235239
2021-01-14,2,0.0303912,0.0382331,0.0360993,0.0235239
2021-01-15,2,0.0170837,0.0395789,0.0371808,0.0235239
2021-01-16,2,0.0638158,0.0383209,0.0351532,0.0235239
2021-01-17,2,0.0785137,0.0372789,0.0371144,0.0235239
2021-01-18,2,0.0753762,0.0336216,0.0278263,0.0235239
2021-01-19,2,0.0768497,0.0307819,0.0272134,0.0235239
2021-01-20,2,0.0776374,0.0263979,0.0259152,0.0235239
2021-01-21,2,0.035311,0.0404524,0.0477268,0.0235239
2021-01-22,2,0.0324542,0.0432592,0.04453,0.0235239
2021-01-23,2,0.0578009,0.04289,0.0405078,0.0235239
2021-01-24,2,0.0582427,0.0424257,0.043118,0.0235239
2021-01-25,2,0.0584241,0.0421841,0.0421518,0.0235239
2021-01-26,2,0.0620241,0.0340173,0.032512,0.0235239
2021-01-27,2,0.0477223,0.0334162,0.03978,0.0235239
2021-01-28,2,0.0336647,0.0395248,0.0424852,0.0235239
2021-01-29,2,0.0385699,0.0391176,0.036458,0.0235239
2021-01-30,2,0.0406114,0.0389137,0.0389858,0.0235239
2021-01-31,2,0.0299603,0.0396636,0.0386858,0.0235239
2021-02-01,2,0.0286997,0.0368353,0.035062,0.0235239
2021-02-02,2,0.0292448,0.0333782,0.0370449,0.0235239
2021-02-03,2,0.0757554,0.0346943,0.0367419,0.0235239
2021-02-04,2,0.0723669,0.0344631,0.0336981,0.0235239
2021-02-05,2,0.0811044,0.031617,0.0292232,0.0235239
2021-02-06,2,0.0822431,0.0308931,0.0309346,0.0235239
2021-02-07,2,0.0821248,0.0310371,0.0307721,0.0235239
2021-02-08,2,0.0368472,0.0435545,0.0531534,0.0235239
2021-02-09,2,0.039241,0.0429893,0.0437524,0.0235239
2021-02-10,2,0.0347703,0.0445048,0.0447949,0.0235239
2021-02-11,2,0.0226744,0.0449199,0.0472335,0.0235239
2021-02-12,2,0.0307199,0.0425213,0.0448504,0.0235239
2021-02-13,2,0.0308523,0.0340506,0.0357487,0.0235239
2021-02-14,2,0.0410812,0.0343224,0.0351953,0.0235239
2021-02-15,2,0.0365601,0.0332663,0.0341213,0.0235239
2021-02-16,2,0.0365792,0.0296093,0.0310292,0.0235239
2021-02-17,2,0.0503171,0.0323015,0.0370188,0.0235239
2021-02-18,2,0.0718284,0.0316492,0.0324506,0.0235239
2021-02-19,2,0.0564037,0.0340229,0.0401825,0.0235239
2021-02-20,2,0.0553378,0.0329889,0.0345178,0.0235239
2021-02-21,2,0.0464172,0.032901,0.0330063,0.0235239
2021-02-22,2,0.0482605,0.0364152,0.0390819,0.0235239
2021-02-23,2,0.0264595,0.0421409,0.0495226,0.0235239
2021-02-24,2,0.0563899,0.0392296,0.0380388,0.0235239
2021-02-25,2,0.0507815,0.0393745,0.0376129,0.0235239
2021-02-26,2,0.0514822,0.0375516,0.0326822,0.0235239
2021-02-27,2,0.0574151,0.0379218,0.0341938,0.0235239
2021-02-28,2,0.054578,0.032232,0.0268977,0.0235239
2021-03-01,2,0.0322727,0.0403715,0.0412307,0.0235239
2021-03-02,2,0.0353961,0.0366895,0.0350112,0.0235239
2021-03-03,2,0.0313584,0.0369082,0.0355378,0.0235239
2021-03-04,2,0.0220112,0.0381166,0.0384241,0.0235239
2021-03-05,2,0.02017,0.0371072,0.0380464,0.0235239
2021-03-06,2,0.013203,0.0321126,0.0327379,0.0235239
2021-03-07,2,0.0205614,0.0330443,0.0338204,0.0235239
2021-03-08,2,0.0280474,0.0318402,0.0326683,0.0235239
2021-03-09,2,0.0376827,0.0290805,0.0333291,0.0235239
2021-03-10,2,0.0498277,0.0283836,0.029138,0.0235239
2021-03-11,2,0.0477697,0.0250897,0.0331772,0.0235239
2021-03-12,2,0.0506387,0.0281736,0.0285809,0.0235239
2021-03-13,2,0.0377396,0.0304764,0.0392972,0.0235239
2021-03-14,2,0.0364829,0.033037,0.0326656,0.0235239
2021-03-15,2,0.0196608,0.0360465,0.0385026,0.0235239
2021-03-16,2,0.0212262,0.0351314,0.0351997,0.0235239
2021-03-17,2,0.0236715,0.0341461,0.037278,0.0235239
2021-03-18,2,0.0250738,0.0316103,0.0340234,0.0235239
2021-03-19,2,0.0243912,0.0307328,0.0347523,0.0235239
2021-03-20,2,0.0219084,0.025901,0.0303012,0.0235239
2021-03-21,2,0.0458315,0.0264979,0.0325197,0.0235239
2021-03-22,2,0.0387082,0.0273052,0.0313763,0.0235239
2021-03-23,2,0.0387928,0.0265121,0.0286921,0.0235239
2021-03-24,2,0.0322401,0.0264539,0.0315708,0.0235239
2021-03-25,2,0.0242431,0.0255255,0.0298286,0.0235239
2021-03-26,2,0.0136868,0.0316141,0.0375255,0.0235239
2021-03-27,2,0.0143396,0.0302129,0.0332261,0.0235239
2021-03-28,2,0.0134713,0.030089,0.0326025,0.0235239
2021-03-29,2,0.0184296,0.0282931,0.0273489,0.0235239
2021-03-30,2,0.018383,0.0261837,0.0250695,0.0235239
2021-03-31,2,0.0185601,0.0221519,0.0208336,0.0235239
2021-04-01,2,0.0196247,0.0223459,0.0212537,0.0235239
2021-04-02,2,0.0240021,0.021839,0.0220066,0.0235239
2021-04-03,2,0.0299929,0.023906,0.0254056,0.0235239
2021-04-04,2,0.02838,0.0231437,0.0203188,0.0235239
2021-04-05,2,0.0311002,0.0230117,0.0181634,0.0235239
2021-04-06,2,0.0295695,0.0226242,0.0253323,0.0235239
2021-04-07,2,0.0191499,0.024227,0.0242917,0.0235239
2021-04-08,2,0.0261807,0.0258353,0.0263098,0.0235239
2021-04-09,2,0.0271082,0.0246636,0.0209666,0.0235239
2021-04-10,2,0.0268974,0.0254437,0.0213507,0.0235239
2021-04-11,2,0.0323195,0.0250592,0.0188624,0.0235239
2021-04-12,2,0.0332767,0.0221361,0.0180611,0.0235239
2021-04-13,2,0.0312846,0.0240832,0.0220774,0.0235239
2021-04-14,2,0.0309309,0.0243479,0.0191836,0.0235239
2021-04-15,2,0.0334578,0.0237939,0.0209602,0.0235239
2021-04-16,2,0.0351513,0.0251596,0.0228492,0.0235239
2021-04-17,2,0.0348469,0.024469,0.0215578,0.0235239
2021-04-18,2,0.0245442,0.0257874,0.023717,0.0235239
2021-04-19,2,0.0238613,0.0257252,0.0190922,0.0235239
2021-04-20,2,0.0143803,0.0258935,0.0220036,0.0235239
2021-04-21,2,0.0552021,0.0266463,0.0218772,0.0235239
2021-04-22,2,0.0503395,0.0268832,0.0224116,0.0235239
2021-04-23,2,0.0493432,0.0243371,0.0216494,0.0235239
2021-04-24,2,0.0498507,0.0238123,0.018937,0.0235239
2021-04-25,2,0.0517289,0.0207035,0.0168578,0.0235239
2021-04-26,2,0.037648,0.0320878,0.0371341,0.0235239
2021-04-27,2,0.0403926,0.0313582,0.0253033,0.0235239
2021-04-28,2,0.0400495,0.0311665,0.027109,0.0235239
2021-04-29,2,0.0527315,0.031124,0.0251217,0.0235239
2021-04-30,2,0.0521843,0.0319584,0.0325431,0.0235239
2021-05-01,2,0.0526728,0.0292856,0.0274513,0.0235239
2021-05-02,2,0.0525318,0.0297471,0.028153,0.0235239
2021-05-03,2,0.0534765,0.0296122,0.0314153,0.0235239
2021-05-04,2,0.0362065,0.0327705,0.0365803,0.0235239
2021-05-05,2,0.0269487,0.0331938,0.0356784,0.0235239
2021-05-06,2,0.0271608,0.033235,0.0331145,0.0235239
2021-05-07,2,0.0677198,0.0332579,0.0334407,0.0235239
2021-05-08,2,0.0651632,0.0333707,0.0326123,0.0235239
2021-05-09,2,0.0666028,0.0299964,0.0319696,0.0235239
2021-05-10,2,0.0682939,0.0272658,0.0235043,0.0235239
2021-05-11,2,0.064902,0.0273462,0.023586,0.0235239
2021-05-12,2,0.0375043,0.0381187,0.037379,0.0235239
2021-05-13,2,0.0328316,0.0375449,0.0362451,0.0235239
2021-05-14,2,0.0564234,0.0374827,0.0368575,0.0235239
2021-05-15,2,0.0896109,0.0382833,0.0341508,0.0235239
2021-05-16,2,0.0923836,0.0376646,0.0356403,0.0235239
2021-05-17,2,0.0938013,0.0328744,0.0313364,0.0235239
2021-05-18,2,0.0953872,0.0307271,0.0301649,0.0235239
2021-05-19,2,0.0927328,0.0379835,0.0385221,0.0235239
2021-05-20,2,0.0785475,0.0446389,0.0510396,0.0235239
2021-05-21,2,0.0660373,0.0456399,0.0523727,0.0235239
2021-05-22,2,0.0676745,0.045122,0.0498082,0.0235239
2021-05-23,2,0.0668965,0.0456952,0.0529408,0.0235239
2021-05-24,2,0.0353362,0.0470924,0.057411,0.0235239
2021-05-25,2,0.042595,0.0448174,0.0491172,0.0235239
2021-05-26,2,0.0483318,0.0426711,0.0492117,0.0235239
2021-05-27,2,0.0480959,0.0423695,0.0395514,0.0235239
2021-05-28,2,0.0326767,0.0425472,0.0458784,0.0235239
2021-05-29,2,0.0252832,0.035685,0.0345644,0.0235239
2021-05-30,2,0.045345,0.0376132,0.0353803,0.0235239
2021-05-31,2,0.0426909,0.0392883,0.0467069,0.0235239
2021-06-01,2,0.0431105,0.0392029,0.0399063,0.0235239
2021-06-02,2,0.0469276,0.035352,0.0385586,0.0235239
2021-06-03,2,0.0337424,0.0322303,0.0327442,0.0235239
2021-06-04,2,0.0667297,0.037969,0.0395711,0.0235239
2021-06-05,2,0.0643533,0.037386,0.038815,0.0235239
2021-06-06,2,0.0645376,0.0373194,0.0352243,0.0235239
2021-06-07,2,0.0598138,0.038418,0.0413091,0.0235239
2021-06-08,2,0.0692431,0.0349572,0.0331269,0.0235239
2021-06-09,2,0.0541285,0.0434793,0.0553326,0.0235239
2021-06-10,2,0.0516974,0.0414013,0.0400201,0.0235239
2021-06-11,2,0.0609107,0.0405469,0.0398807,0.0235239
2021-06-12,2,0.0541452,0.0391058,0.0378999,0.0235239
2021-06-13,2,0.0381441,0.0418924,0.0429293,0.0235239
2021-06-14,2,0.0302317,0.0386414,0.0353358,0.0235239
2021-06-15,2,0.0296828,0.0370204,0.0381716,0.0235239
2021-06-16,2,0.0520564,0.0390774,0.0383977,0.0235239
2021-06-17,2,0.058705,0.0376876,0.0380466,0.0235239
2021-06-18,2,0.0625041,0.0346412,0.0365479,0.0235239
2021-06-19,2,0.0650338,0.0320129,0.0303505,0.0235239
2021-06-20,2,0.0749665,0.0317284,0.0309828,0.0235239
2021-06-21,2,0.0532801,0.038562,0.0446119,0.0235239
2021-06-22,2,0.0619705,0.0396991,0.0403679,0.0235239
2021-06-23,2,0.0607809,0.0405828,0.0423405,0.0235239
2021-06-24,2,0.0623282,0.0410629,0.0416389,0.0235239
2021-06-25,2,0.038383,0.0430795,0.0465238,0.0235239
2021-06-26,2,0.0478617,0.0390652,0.0370451,0.0235239
2021-06-27,2,0.0319221,0.0413095,0.0419255,0.0235239
2021-06-28,2,0.0340255,0.04108,0.0434056,0.0235239
2021-06-29,2,0.0284473,0.0409932,0.0419099,0.0235239
2021-06-30,2,0.0333855,0.0359973,0.0336056,0.0235239
2021-07-01,2,0.0275642,0.0372298,0.0350442,0.0235239
2021-07-02,2,0.0280494,0.033357,0.0355624,0.0235239
2021-07-03,2,0.0270982,0.0339108,0.0320592,0.0235239
2021-07-04,2,0.029905,0.0320326,0.0318664,0.0235239
2021-07-05,2,0.0224305,0.0326559,0.0333427,0.0235239
2021-07-06,2,0.0237991,0.030917,0.0326194,0.0235239
2021-07-07,2,0.0277918,0.0310293,0.0334746,0.0235239
2021-07-08,2,0.0250088,0.0305826,0.0326054,0.0235239
2021-07-09,2,0.0199163,0.0315424,0.0310935,0.0235239
2021-07-10,2,0.0232496,0.0288251,0.0299718,0.0235239
2021-07-11,2,0.0152667,0.0290541,0.0293942,0.0235239
2021-07-12,2,0.0148455,0.030404,0.0316316,0.0235239
2021-07-13,2,0.0166362,0.0277867,0.0309723,0.0235239
2021-07-14,2,0.0189402,0.0259813,0.0315474,0.0235239
2021-07-15,2,0.0192267,0.0270357,0.0333728,0.0235239
2021-07-16,2,0.0436396,0.0239423,0.0339037,0.0235239
2021-07-17,2,0.0436443,0.0224786,0.0244661,0.0235239
2021-07-18,2,0.0462478,0.022813,0.0213371,0.0235239
2021-07-19,2,0.0397812,0.0222761,0.0281086,0.0235239
2021-07-20,2,0.0255284,0.0224498,0.0263617,0.0235239
2021-07-21,2,0.0182112,0.0293979,0.0310399,0.0235239
2021-07-22,2,0.0147281,0.0292044,0.0255159,0.0235239
2021-07-23,2,0.0185214,0.0293891,0.0238281,0.0235239
2021-07-24,2,0.0239327,0.028309,0.0229965,0.0235239
2021-07-25,2,0.0260882,0.0251955,0.0258973,0.0235239
2021-07-26,2,0.0312705,0.0235127,0.0252349,0.0235239
2021-07-27,2,0.0352261,0.0221375,0.0238997,0.0235239
2021-07-28,2,0.0356554,0.0235392,0.0256819,0.0235239
2021-07-29,2,0.0369127,0.0251614,0.0223152,0.0235239
2021-07-30,2,0.0312474,0.025871,0.0261664,0.0235239
2021-07-31,2,0.0358446,0.0272366,0.0279855,0.0235239
2021-08-01,2,0.0346079,0.0285788,0.028486,0.0235239
2021-08-02,2,0.0302517,0.0287312,0.026117,0.0235239
2021-08-03,2,0.0259266,0.0288547,0.0254339,0.0235239
2021-08-04,2,0.0288168,0.0276977,0.0284011,0.0235239
2021-08-05,2,0.0360337,0.0288207,0.0253616,0.0235239
2021-08-06,2,0.0339953,0.0283372,0.0295476,0.0235239
2021-08-07,2,0.0335254,0.0273443,0.0246151,0.0235239
2021-08-08,2,0.0447482,0.0260924,0.0260543,0.0235239
2021-08-09,2,0.0401726,0.027183,0.0266116,0.0235239
2021-08-10,2,0.0387881,0.0286859,0.0266299,0.0235239
2021-08-11,2,0.040937,0.0277332,0.0266189,0.0235239
2021-08-12,2,0.0414588,0.0271205,0.0280991,0.0235239
2021-08-13,2,0.0134328,0.0300978,0.0295273,0.0235239
2021-08-14,2,0.0277652,0.0293295,0.0254346,0.0235239
2021-08-15,2,0.0374964,0.0289914,0.0258572,0.0235239
2021-08-16,2,0.0350159,0.0296076,0.0254916,0.0235239
2021-08-17,2,0.0271593,0.0295185,0.0254334,0.0235239
2021-08-18,2,0.0268274,0.0214463,0.0193587,0.0235239
2021-08-19,2,0.0335255,0.0263575,0.0237391,0.0235239
2021-08-20,2,0.0237943,0.0284686,0.0296432,0.0235239
2021-08-21,2,0.0301473,0.0276386,0.0279312,0.0235239
2021-08-22,2,0.0382048,0.0256898,0.0215406,0.0235239
2021-08-23,2,0.0380772,0.0251848,0.0242214,0.0235239
2021-08-24,2,0.0327691,0.026704,0.0303369,0.0235239
2021-08-25,2,0.034588,0.0241566,0.0248876,0.0235239
2021-08-26,2,0.0288489,0.0259502,0.023784,0.0235239
2021-08-27,2,0.0255465,0.0278925,0.0297657,0.0235239
2021-08-28,2,0.0259082,0.0275613,0.0300465,0.0235239
2021-08-29,2,0.0263532,0.0262221,0.031153,0.0235239
2021-08-30,2,0.0142861,0.0268052,0.0314352,0.0235239
2021-08-31,2,0.0163118,0.0249839,0.0222447,0.0235239
2021-09-01,2,0.0135176,0.0243278,0.0249092,0.0235239
2021-09-02,2,0.0611246,0.0244212,0.0240965,0.0235239
2021-09-03,2,0.0595703,0.0242807,0.0234302,0.0235239
2021-09-04,2,0.0601796,0.0197345,0.0187387,0.0235239
2021-09-05,2,0.0532568,0.0206218,0.0228224,0.0235239
2021-09-06,2,0.0513133,0.0195753,0.0187154,0.0235239
2021-09-07,2,0.0207849,0.0331225,0.0382522,0.0235239
2021-09-08,2,0.0223683,0.0327989,0.034152,0.0235239
2021-09-09,2,0.0323196,0.0328821,0.0363145,0.0235239
2021-09-10,2,0.0257267,0.0317001,0.0312034,0.0235239
2021-09-11,2,0.0276131,0.0308094,0.0285001,0.0235239
2021-09-12,2,0.0287009,0.0241818,0.023051,0.0235239
2021-09-13,2,0.0238709,0.0246905,0.0251932,0.0235239
2021-09-14,2,0.0200138,0.0276947,0.0292185,0.0235239
2021-09-15,2,0.0446092,0.0259294,0.0228536,0.0235239
2021-09-16,2,0.0451035,0.0263489,0.0219835,0.0235239
2021-09-17,2,0.0642907,0.0263376,0.0230866,0.0235239
2021-09-18,2,0.0656595,0.0247726,0.0239714,0.0235239
2021-09-19,2,0.0672931,0.0235487,0.0224061,0.0235239
2021-09-20,2,0.0510478,0.0311321,0.0343256,0.0235239
2021-09-21,2,0.0423857,0.031453,0.0293886,0.0235239
2021-09-22,2,0.0297937,0.035558,0.036991,0.0235239
2021-09-23,2,0.0227462,0.0357101,0.0340409,0.0235239
2021-09-24,2,0.0191853,0.0361477,0.0354244,0.0235239
2021-09-25,2,0.032582,0.0333759,0.0314524,0.0235239
2021-09-26,2,0.0519578,0.031767,0.0318707,0.0235239
2021-09-27,2,0.0492309,0.0287083,0.0236476,0.0235239
2021-09-28,2,0.0411024,0.0265726,0.0252061,0.0235239
2021-09-29,2,0.0404846,0.0240727,0.0235017,0.0235239
2021-09-30,2,0.0400154,0.028267,0.0297212,0.0235239
2021-10-01,2,0.0318565,0.0336641,0.035543,0.0235239
2021-10-02,2,0.0382219,0.0329999,0.0302474,0.0235239
2021-10-03,2,0.0389999,0.0313786,0.030478,0.0235239
2021-10-04,2,0.0390101,0.0312362,0.0280982,0.0235239
2021-10-05,2,0.037436,0.0312681,0.0300651,0.0235239
2021-10-06,2,0.0283976,0.0298029,0.0321987,0.0235239
2021-10-07,2,0.0274432,0.0314374,0.0276209,0.0235239
2021-10-08,2,0.028058,0.0314866,0.0288766,0.0235239
2021-10-09,2,0.0283852,0.0314675,0.0295,0.0235239
2021-10-10,2,0.038643,0.0311055,0.0289186,0.0235239
2021-10-11,2,0.0382747,0.0289836,0.0249311,0.0235239
2021-10-12,2,0.0325275,0.027408,0.0224123,0.0235239
2021-10-13,2,0.0326927,0.0270152,0.0230388,0.0235239
2021-10-14,2,0.0320775,0.0266944,0.0211004,0.0235239
2021-10-15,2,0.0181333,0.0296669,0.0292826,0.0235239
2021-10-16,2,0.0371761,0.0290531,0.027171,0.0235239
2021-10-17,2,0.038967,0.0277441,0.0281387,0.0235239
2021-10-18,2,0.0392618,0.0277476,0.0275227,0.0235239
2021-10-19,2,0.0332545,0.0273331,0.0294074,0.0235239
2021-10-20,2,0.0354346,0.0230589,0.0227998,0.0235239
2021-10-21,2,0.030238,0.0292284,0.0285649,0.0235239
2021-10-22,2,0.031449,0.0296997,0.0258092,0.0235239
2021-10-23,2,0.0366012,0.0285443,0.0296022,0.0235239
2021-10-24,2,0.0384971,0.0272693,0.029212,0.0235239
2021-10-25,2,0.0347165,0.0277975,0.027685,0.0235239
2021-10-26,2,0.0275842,0.0271387,0.023537,0.0235239
2021-10-27,2,0.0209773,0.0274539,0.0256324,0.0235239
2021-10-28,2,0.0209254,0.0279918,0.0305561,0.0235239
2021-10-29,2,0.0187763,0.0281953,0.0276161,0.0235239
2021-10-30,2,0.0223256,0.0274442,0.0281727,0.0235239
2021-10-31,2,0.0220487,0.0257721,0.0233917,0.0235239
2021-11-01,2,0.0220707,0.023933,0.0247235,0.0235239
2021-11-02,2,0.0194529,0.0237771,0.023206,0.0235239
2021-11-03,2,0.0342949,0.0229414,0.0198399,0.0235239
2021-11-04,2,0.0304168,0.0241172,0.023764,0.0235239
2021-11-05,2,0.0363865,0.0240411,0.0222041,0.0235239
2021-11-06,2,0.0368135,0.0226096,0.0189113,0.0235239
2021-11-07,2,0.036378,0.021991,0.0219729,0.0235239
2021-11-08,2,0.0133314,0.0266305,0.0237363,0.0235239
2021-11-09,2,0.0173594,0.0257622,0.0188315,0.0235239
2021-11-10,2,0.017226,0.0270725,0.022284,0.0235239
2021-11-11,2,0.0279722,0.0269998,0.0226117,0.0235239
2021-11-12,2,0.0292519,0.0260905,0.0212271,0.0235239
2021-11-13,2,0.033429,0.0196832,0.0179006,0.0235239
2021-11-14,2,0.0350074,0.021157,0.0208733,0.0235239
2021-11-15,2,0.0412079,0.0213399,0.0223794,0.0235239
2021-11-16,2,0.0343219,0.0248631,0.0223605,0.0235239
2021-11-17,2,0.037549,0.02475,0.021526,0.0235239
2021-11-18,2,0.0303585,0.026327,0.0241367,0.0235239
2021-11-19,2,0.029989,0.0260957,0.0179771,0.0235239
2021-11-20,2,0.0276147,0.0271741,0.0195787,0.0235239
2021-11-21,2,0.0384293,0.0257679,0.0207864,0.0235239
2021-11-22,2,0.039319,0.0268043,0.0219639,0.0235239
2021-11-23,2,0.0438742,0.0253449,0.0194833,0.0235239
2021-11-24,2,0.0422624,0.025039,0.0190768,0.0235239
2021-11-25,2,0.0423417,0.0245896,0.0199644,0.0235239
2021-11-26,2,0.0214795,0.0277697,0.0313658,0.0235239
2021-11-27,2,0.0233844,0.028065,0.027239,0.0235239
2021-11-28,2,0.024237,0.0293657,0.0286927,0.0235239
2021-11-29,2,0.0362486,0.02882,0.029482,0.0235239
2021-11-30,2,0.0391542,0.0275124,0.021949,0.0235239
2021-12-01,2,0.044145,0.0229033,0.0206811,0.0235239
2021-12-02,2,0.0456755,0.0233537,0.0216572,0.0235239
2021-12-03,2,0.0425554,0.0240417,0.0265224,0.0235239
2021-12-04,2,0.0306366,0.0280269,0.0318286,0.0235239
2021-12-05,2,0.0301508,0.0283756,0.0293939,0.0235239
2021-12-06,2,0.0361937,0.0294053,0.0278443,0.0235239
2021-12-07,2,0.0372298,0.0296503,0.0289711,0.0235239
2021-12-08,2,0.047901,0.0287188,0.0298463,0.0235239
2021-12-09,2,0.0416962,0.0267369,0.025994,0.0235239
2021-12-10,2,0.0475015,0.0261455,0.0217007,0.0235239
2021-12-11,2,0.0439955,0.0278543,0.0299284,0.0235239
2021-12-12,2,0.0430973,0.0279404,0.027311,0.0235239
2021-12-13,2,0.0320562,0.0307177,0.0304938,0.0235239
2021-12-14,2,0.0320653,0.0291623,0.0287517,0.0235239
2021-12-15,2,0.0192615,0.0306814,0.0309118,0.0235239
2021-12-16,2,0.0268915,0.0300753,0.028118,0.0235239
2021-12-17,2,0.0198424,0.0299068,0.0275701,0.0235239
2021-12-18,2,0.024931,0.027117,0.0282726,0.0235239
2021-12-19,2,0.0242541,0.0269447,0.027608,0.0235239
2021-12-20,2,0.0262677,0.0230088,0.0221023,0.0235239
2021-12-21,2,0.0209561,0.0256144,0.0240092,0.0235239
2021-12-22,2,0.0205016,0.0235724,0.0218496,0.0235239
2021-12-23,2,0.0280444,0.0254947,0.0240099,0.0235239
2021-12-24,2,0.0272026,0.0252459,0.0212278,0.0235239
2021-12-25,2,0.0311422,0.0254029,0.0222754,0.0235239
2021-12-26,2,0.0288832,0.0227459,0.018487,0.0235239
2021-12-27,2,0.0360168,0.0225576,0.019355,0.0235239
2021-12-28,2,0.0228842,0.0252334,0.0275629,0.0235239
2021-12-29,2,0.0215958,0.0251099,0.0225167,0.0235239
2021-12-30,2,0.0200995,0.0261284,0.0259919,0.0235239
2021-12-31,2,0.0291028,0.02511,0.0220349,0.0235239
2022-01-01,2,0.0184896,0.0267987,0.0295632,0.0235239
2022-01-02,2,0.0182849,0.0233508,0.0187124,0.0235239
2022-01-03,2,0.0228977,0.0229722,0.0192876,0.0235239
2022-01-04,2,0.0255788,0.0216467,0.0203274,0.0235239
2022-01-05,2,0.0175097,0.0245947,0.0224386,0.0235239
2022-01-06,2,0.0219172,0.021149,0.0176196,0.0235239
2022-01-07,2,0.0129062,0.0210741,0.021363,0.0235239
2022-01-08,2,0.0233241,0.0222757,0.0216902,0.0235239
2022-01-09,2,0.0235857,0.022876,0.0210695,0.0235239
2022-01-10,2,0.0233255,0.0206409,0.019168,0.0235239
2022-01-11,2,0.0217868,0.0221095,0.0199894,0.0235239
2022-01-12,2,0.0175282,0.0189426,0.02033,0.0235239
2022-01-13,2,0.0118194,0.0224083,0.0223874,0.0235239
2022-01-14,2,0.0105405,0.0219184,0.0207229,0.0235239
2022-01-15,2,0.0122692,0.0217708,0.0207719,0.0235239
2022-01-16,2,0.0438692,0.0213779,0.0202692,0.0235239
2022-01-17,2,0.043255,0.0200404,0.0185231,0.0235239
2022-01-18,2,0.0521837,0.0180115,0.0189926,0.0235239
2022-01-19,2,0.0552772,0.0167069,0.0223228,0.0235239
2022-01-20,2,0.0573536,0.0174351,0.021047,0.0235239
2022-01-21,2,0.0272717,0.0278581,0.0249612,0.0235239
2022-01-22,2,0.01397,0.0279161,0.0263482,0.0235239
2022-01-23,2,0.00719091,0.0295606,0.0286891,0.0235239
2022-01-24,2,0.00712616,0.0301186,0.0311974,0.0235239
2022-01-25,2,0.00939307,0.030325,0.0391299,0.0235239
2022-01-26,2,0.00897077,0.0247604,0.0233942,0.0235239
2022-01-27,2,0.00900752,0.0203208,0.0189692,0.0235239
2022-01-28,2,0.0251217,0.0170536,0.0212586,0.0235239
2022-01-29,2,0.0246454,0.0169025,0.0178311,0.0235239
2022-01-30,2,0.0573149,0.0182044,0.0183733,0.0235239
2022-01-31,2,0.0580019,0.0180325,0.0207931,0.0235239
2022-02-01,2,0.0578954,0.018005,0.0188461,0.0235239
2022-02-02,2,0.0448922,0.0237695,0.0241786,0.0235239
2022-02-03,2,0.0447523,0.0234554,0.0201269,0.0235239
2022-02-04,2,0.0143608,0.0324828,0.0435709,0.0235239
2022-02-05,2,0.0194174,0.032559,0.0391893,0.0235239
2022-02-06,2,0.0234298,0.0326681,0.0388203,0.0235239
2022-02-07,2,0.0144861,0.0305555,0.0298754,0.0235239
2022-02-08,2,0.0130313,0.0304683,0.0319419,0.0235239
2022-02-09,2,0.0142314,0.0223113,0.0218847,0.0235239
2022-02-10,2,0.0264686,0.0242231,0.0227929,0.0235239
2022-02-11,2,0.0229981,0.0253277,0.0235846,0.0235239
2022-02-12,2,0.046352,0.0206312,0.0225902,0.0235239
2022-02-13,2,0.0461943,0.0196154,0.0188689,0.0235239
2022-02-14,2,0.0455554,0.0199487,0.0182411,0.0235239
2022-02-15,2,0.033109,0.0239443,0.0212426,0.0235239
2022-02-16,2,0.031925,0.0231378,0.022625,0.0235239
2022-02-17,2,0.0303607,0.0297381,0.0327366,0.0235239
2022-02-18,2,0.0310903,0.0297565,0.0300357,0.0235239
2022-02-19,2,0.0360443,0.0295098,0.0310471,0.0235239
2022-02-20,2,0.0323851,0.027418,0.0302133,0.0235239
2022-02-21,2,0.0246246,0.0272626,0.0302706,0.0235239
2022-02-22,2,0.0284399,0.0270653,0.0222002,0.0235239
2022-02-23,2,0.0646503,0.0273363,0.0251239,0.0235239
2022-02-24,2,0.064658,0.0282882,0.0275547,0.0235239
2022-02-25,2,0.067056,0.0275681,0.0288716,0.0235239
2022-02-26,2,0.0713533,0.023531,0.0200881,0.0235239
2022-02-27,2,0.0817383,0.024711,0.0217213,0.0235239
2022-02-28,2,0.0416068,0.0351075,0.040619,0.0235239
2022-03-01,2,0.0332357,0.035074,0.0348755,0.0235239
2022-03-02,2,0.0332922,0.0353934,0.0396189,0.0235239
2022-03-03,2,0.0387533,0.0361935,0.0380286,0.0235239
2022-03-04,2,0.0405148,0.0386451,0.039507,0.0235239
2022-03-05,2,0.0534273,0.0321309,0.0302297,0.0235239
2022-03-06,2,0.052521,0.0302099,0.0282553,0.0235239
2022-03-07,2,0.0521469,0.030225,0.0319966,0.0235239
2022-03-08,2,0.053177,0.0314937,0.0299259,0.0235239
2022-03-09,2,0.0403093,0.0326005,0.0316874,0.0235239
2022-03-10,2,0.0287186,0.0356406,0.0336829,0.0235239
2022-03-11,2,0.0329858,0.0348556,0.0320617,0.0235239
2022-03-12,2,0.033658,0.034758,0.0325993,0.0235239
2022-03-13,2,0.0262312,0.0350048,0.0302159,0.0235239
2022-03-14,2,0.0215098,0.0325687,0.0301253,0.0235239
2022-03-15,2,0.0255168,0.0295752,0.0243464,0.0235239
2022-03-16,2,0.0162568,0.0308653,0.0307767,0.0235239
2022-03-17,2,0.0209165,0.0309525,0.0295393,0.0235239
2022-03-18,2,0.0198785,0.0289039,0.0259986,0.0235239
2022-03-19,2,0.021763,0.0273611,0.0237906,0.0235239
2022-03-20,2,0.0136741,0.0287255,0.0256195,0.0235239
2022-03-21,2,0.0113174,0.025275,0.0223282,0.0235239
2022-03-22,2,0.0188874,0.024842,0.0236246,0.0235239
2022-03-23,2,0.0196554,0.0243721,0.0238479,0.0235239
2022-03-24,2,0.0199242,0.0250398,0.0233447,0.0235239
2022-03-25,2,0.0226644,0.0219285,0.0178875,0.0235239
2022-03-26,2,0.0305199,0.0198389,0.0193262,0.0235239
2022-03-27,2,0.0192696,0.0231924,0.024837,0.0235239
2022-03-28,2,0.0187269,0.0232478,0.0196147,0.0235239
2022-03-29,2,0.0197859,0.0232653,0.0175615,0.0235239
2022-03-30,2,0.0198852,0.0241441,0.0214974,0.0235239
2022-03-31,2,0.0162126,0.0253362,0.0223641,0.0235239
2022-04-01,2,0.0257268,0.0212492,0.0202271,0.0235239
2022-04-02,2,0.0273815,0.0210015,0.0163924,0.0235239
2022-04-03,2,0.0246852,0.0212551,0.0213727,0.0235239
2022-04-04,2,0.0266784,0.0208823,0.0191262,0.0235239
2022-04-05,2,0.0264882,0.0193057,0.0173147,0.0235239
2022-04-06,2,0.0312339,0.0230009,0.0213516,0.0235239
2022-04-07,2,0.0330528,0.0228536,0.0176054,0.0235239
2022-04-08,2,0.036679,0.0224809,0.0212115,0.0235239
2022-04-09,2,0.036621,0.0228815,0.0199423,0.0235239
2022-04-10,2,0.0388777,0.0228785,0.021559,0.0235239
2022-04-11,2,0.0220857,0.0251064,0.02304,0.0235239
2022-04-12,2,0.0229823,0.0255517,0.0230555,0.0235239
2022-04-13,2,0.0235834,0.0262274,0.0203902,0.0235239
2022-04-14,2,0.0179602,0.0263934,0.0221101,0.0235239
2022-04-15,2,0.0178894,0.0267164,0.0222667,0.0235239
2022-04-16,2,0.0210764,0.0228163,0.0213924,0.0235239
2022-04-17,2,0.021511,0.0230909,0.0215225,0.0235239
2022-04-18,2,0.0150878,0.0225656,0.0195635,0.0235239
2022-04-19,2,0.00946662,0.0210443,0.018215,0.0235239
2022-04-20,2,0.0184788,0.0209826,0.0182177,0.0235239
2022-04-21,2,0.0309788,0.0219418,0.0176617,0.0235239
2022-04-22,2,0.0354186,0.0219009,0.0181686,0.0235239
2022-04-23,2,0.0359868,0.0197404,0.016322,0.0235239
2022-04-24,2,0.0386516,0.0173857,0.0163801,0.0235239
2022-04-25,2,0.0354405,0.0209937,0.0176434,0.0235239
2022-04-26,2,0.0266144,0.0249298,0.0229593,0.0235239
2022-04-27,2,0.0220315,0.0261614,0.0214672,0.0235239
2022-04-28,2,0.0206071,0.0257505,0.020681,0.0235239
2022-04-29,2,0.030571,0.0256414,0.023761,0.0235239
2022-04-30,2,0.0496714,0.0249766,0.0216627,0.0235239
2022-05-01,2,0.0475172,0.0232066,0.0207977,0.0235239
2022-05-02,2,0.0468162,0.0219941,0.0212037,0.0235239
2022-05-03,2,0.0481997,0.0204808,0.0193958,0.0235239
2022-05-04,2,0.0446442,0.0235689,0.0226944,0.0235239
2022-05-05,2,0.0524539,0.0285752,0.0290966,0.0235239
2022-05-06,2,0.0534265,0.0281186,0.020758,0.0235239
2022-05-07,2,0.0565563,0.0279222,0.0206024,0.0235239
2022-05-08,2,0.0604662,0.0281137,0.033186,0.0235239
2022-05-09,2,0.0394951,0.0300019,0.0387087,0.0235239
2022-05-10,2,0.0424515,0.0313314,0.0356483,0.0235239
2022-05-11,2,0.0331766,0.0320182,0.0401426,0.0235239
2022-05-12,2,0.0335624,0.0325277,0.0416973,0.0235239
2022-05-13,2,0.0450641,0.0330674,0.0449653,0.0235239
2022-05-14,2,0.0508601,0.0297232,0.0297205,0.0235239
2022-05-15,2,0.0480922,0.0306038,0.0330627,0.0235239
2022-05-16,2,0.0447651,0.028834,0.0329849,0.0235239
2022-05-17,2,0.0463607,0.0288735,0.0317705,0.0235239
2022-05-18,2,0.0416443,0.0313753,0.0337826,0.0235239
2022-05-19,2,0.032848,0.0329136,0.0332533,0.0235239
2022-05-20,3,0.0273467,0.0335926,0.0338715,0.025101
2022-05-21,3,0.02763,0.0329975,0.0360881,0.025101
2022-05-22,3,0.0223341,0.0335318,0.0317905,0.025101
2022-05-23,3,0.0156628,0.032679,0.0332162,0.025101
2022-05-24,3,0.0165885,0.0309844,0.0348083,0.025101
2022-05-25,3,0.0376386,0.0296451,0.0265135,0.025101
2022-05-26,3,0.0360513,0.0290971,0.0283349,0.025101
2022-05-27,3,0.0498764,0.0270227,0.0274931,0.025101
2022-05-28,3,0.050249,0.0248494,0.0207592,0.025101
2022-05-29,3,0.0521552,0.0253406,0.0238332,0.025101
2022-05-30,3,0.0338867,0.0318337,0.0351693,0.025101
2022-05-31,3,0.0339289,0.0293167,0.0286474,0.025101
2022-06-01,3,0.0269999,0.0325313,0.032047,0.025101
2022-06-02,3,0.0269253,0.0317329,0.0293051,0.025101
2022-06-03,3,0.0284565,0.0321786,0.0292682,0.025101
2022-06-04,3,0.0286032,0.0290006,0.0294967,0.025101
2022-06-05,3,0.032921,0.0288027,0.0288258,0.025101
2022-06-06,3,0.0141923,0.0274807,0.0270986,0.025101
2022-06-07,3,0.019605,0.0270302,0.0256539,0.025101
2022-06-08,3,0.067199,0.0275307,0.0267278,0.025101
2022-06-09,3,0.0654019,0.0268765,0.0263009,0.025101
2022-06-10,3,0.0739447,0.0273321,0.0278346,0.025101
2022-06-11,3,0.0753011,0.0221871,0.0219005,0.025101
2022-06-12,3,0.0818588,0.024612,0.0262845,0.025101
2022-06-13,3,0.0516739,0.0388049,0.0405547,0.025101
2022-06-14,3,0.0724098,0.0384198,0.0399014,0.025101
2022-06-15,3,0.0711236,0.0395675,0.0408687,0.025101
2022-06-16,3,0.0535226,0.0410556,0.0401227,0.025101
2022-06-17,3,0.0562151,0.0419015,0.0402991,0.025101
2022-06-18,3,0.0448928,0.0379693,0.0351748,0.025101
2022-06-19,3,0.0316211,0.0424086,0.0416559,0.025101
2022-06-20,3,0.0316147,0.0421077,0.0437549,0.025101
2022-06-21,3,0.034605,0.0384378,0.0404063,0.025101
2022-06-22,3,0.0295653,0.0388775,0.0395495,0.025101
2022-06-23,3,0.0165157,0.0372695,0.0389814,0.025101
2022-06-24,3,0.0143847,0.034144,0.0393233,0.025101
2022-06-25,3,0.005766,0.0341692,0.0392399,0.025101
2022-06-26,3,0.00693284,0.0348525,0.0373329,0.025101
2022-06-27,3,0.0100774,0.0335116,0.0371848,0.025101
2022-06-28,3,0.0116752,0.0287436,0.0306109,0.025101
2022-06-29,3,0.0282401,0.0277982,0.0253579,0.025101
2022-06-30,3,0.026756,0.022295,0.0286227,0.025101
2022-07-01,3,0.0208116,0.0232884,0.0283175,0.025101
2022-07-02,3,0.0248585,0.0254862,0.0261434,0.025101
2022-07-03,3,0.0245609,0.0263695,0.0232474,0.025101
2022-07-04,3,0.0234185,0.0327758,0.0283508,0.025101
2022-07-05,3,0.0316725,0.0288746,0.0245129,0.025101
2022-07-06,3,0.0375991,0.0272608,0.0268788,0.025101
2022-07-07,3,0.0204613,0.0289122,0.0295761,0.025101
2022-07-08,3,0.0359963,0.0267194,0.0261818,0.025101
2022-07-09,3,0.0388251,0.0264135,0.025807,0.025101
2022-07-10,3,0.0370023,0.0272561,0.0269751,0.025101
2022-07-11,3,0.0280944,0.0273094,0.0263738,0.025101
2022-07-12,3,0.0229436,0.0238608,0.024514,0.025101
2022-07-13,3,0.0356952,0.0279907,0.0271819,0.025101
2022-07-14,3,0.0364484,0.0281898,0.0260746,0.025101
2022-07-15,3,0.0391338,0.0270026,0.0270372,0.025101
2022-07-16,3,0.0407175,0.0253476,0.0286274,0.025101
2022-07-17,3,0.0407214,0.0241437,0.0234725,0.025101
2022-07-18,3,0.0229835,0.0285134,0.0291031,0.025101
2022-07-19,3,0.00962767,0.0288988,0.0286004,0.025101
2022-07-20,3,0.0243308,0.0292371,0.0256344,0.025101
2022-07-21,3,0.0239566,0.0294533,0.0265452,0.025101
2022-07-22,3,0.0481291,0.0294714,0.0280193,0.025101
2022-07-23,3,0.0499445,0.0255012,0.0245206,0.025101
2022-07-24,3,0.0502944,0.0206788,0.0191938,0.025101
2022-07-25,3,0.0366917,0.0267442,0.0283137,0.025101
2022-07-26,3,0.0382284,0.0262573,0.0266106,0.025101
2022-07-27,3,0.0206029,0.0324232,0.0302685,0.025101
2022-07-28,3,0.00641715,0.0329433,0.0287538,0.025101
2022-07-29,3,0.00572363,0.0323947,0.0276367,0.025101
2022-07-30,3,0.00562821,0.0300519,0.0280288,0.025101
2022-07-31,3,0.0170008,0.0303037,0.0295797,0.025101
2022-08-01,3,0.0181017,0.0258386,0.022835,0.025101
2022-08-02,3,0.0174517,0.0192241,0.0239188,0.025101
2022-08-03,3,0.0199155,0.0184867,0.0197038,0.025101
2022-08-04,3,0.0249182,0.018217,0.0186508,0.025101
2022-08-05,3,0.0260792,0.0238083,0.0239375,0.025101
2022-08-06,3,0.0240523,0.0242359,0.0289895,0.025101
2022-08-07,3,0.0244705,0.0239867,0.0220124,0.025101
2022-08-08,3,0.0227533,0.0247515,0.0234829,0.025101
2022-08-09,3,0.0157403,0.0249378,0.0219932,0.025101
2022-08-10,3,0.0100349,0.0251065,0.0230669,0.025101
2022-08-11,3,0.0114535,0.0245407,0.0223419,0.025101
2022-08-12,3,0.00901764,0.0239625,0.0227297,0.025101
2022-08-13,3,0.00765992,0.0234055,0.0217387,0.025101
2022-08-14,3,0.0427733,0.0213792,0.0204507,0.025101
2022-08-15,3,0.0465208,0.0189287,0.0199342,0.025101
2022-08-16,3,0.05037,0.018652,0.0187649,0.025101
2022-08-17,3,0.0507273,0.0176411,0.0206595,0.025101
2022-08-18,3,0.0516425,0.015133,0.016761,0.025101
2022-08-19,3,0.0109547,0.0270605,0.0259437,0.025101
2022-08-20,3,0.0102538,0.0277302,0.0235487,0.025101
2022-08-21,3,0.029871,0.0283696,0.0219923,0.025101
2022-08-22,3,0.0297156,0.0282713,0.0207747,0.025101
2022-08-23,3,0.0277713,0.0284195,0.0208033,0.025101
2022-08-24,3,0.0366959,0.0195524,0.0197207,0.025101
2022-08-25,3,0.0351872,0.0192618,0.0183426,0.025101
2022-08-26,3,0.0250314,0.0259478,0.0279995,0.025101
2022-08-27,3,0.0246066,0.0256264,0.0242798,0.025101
2022-08-28,3,0.0221603,0.0252642,0.026174,0.025101
2022-08-29,3,0.0141664,0.027393,0.0271993,0.025101
2022-08-30,3,0.00904999,0.0269119,0.0271474,0.025101
2022-08-31,3,0.00763247,0.0248044,0.0275924,0.025101
2022-09-01,3,0.0218792,0.0243538,0.0256188,0.025101
2022-09-02,3,0.0276321,0.0236557,0.0243048,0.025101
2022-09-03,3,0.0279218,0.0210892,0.0222203,0.025101
2022-09-04,3,0.0557962,0.0189653,0.0217747,0.025101
2022-09-05,3,0.0544409,0.0181228,0.0209444,0.025101
2022-09-06,3,0.0411298,0.0237935,0.0265222,0.025101
2022-09-07,3,0.0410493,0.0254588,0.0252609,0.025101
2022-09-08,3,0.0709089,0.0254644,0.0247469,0.025101
2022-09-09,3,0.0495556,0.0329634,0.0386776,0.025101
2022-09-10,3,0.0477703,0.0303829,0.026257,0.025101
2022-09-11,3,0.0477139,0.028295,0.0303144,0.025101
2022-09-12,3,0.045551,0.0283978,0.0290188,0.025101
2022-09-13,3,0.0221376,0.034991,0.0350026,0.025101
2022-09-14,3,0.023122,0.0320791,0.0297275,0.025101
2022-09-15,3,0.0247807,0.0319132,0.0308691,0.025101
2022-09-16,3,0.0240538,0.0316213,0.0308147,0.025101
2022-09-17,3,0.0340525,0.0305654,0.02982,0.025101
2022-09-18,3,0.0301852,0.0259222,0.0269443,0.025101
2022-09-19,3,0.0306932,0.0261362,0.0265112,0.025101
2022-09-20,3,0.0267307,0.0265583,0.0258723,0.025101
2022-09-21,3,0.0262661,0.0263332,0.0273244,0.025101
2022-09-22,3,0.0151407,0.0290817,0.0300139,0.025101
2022-09-23,3,0.0172552,0.0281401,0.0269296,0.025101
2022-09-24,3,0.0130578,0.0283051,0.0295733,0.025101
2022-09-25,3,0.0130825,0.0271417,0.0255224,0.025101
2022-09-26,3,0.0105609,0.0270588,0.027217,0.025101
2022-09-27,3,0.0123395,0.0236998,0.0213704,0.025101
2022-09-28,3,0.0174667,0.0241367,0.0254817,0.025101
2022-09-29,3,0.0232698,0.0225054,0.02255,0.025101
2022-09-30,3,0.0235106,0.0225242,0.0223491,0.025101
2022-10-01,3,0.0241557,0.0196383,0.0216808,0.025101
2022-10-02,3,0.0257182,0.0203282,0.0248705,0.025101
2022-10-03,3,0.0218247,0.0223937,0.0241992,0.025101
2022-10-04,3,0.00797772,0.0241506,0.0260237,0.025101
2022-10-05,3,0.00853444,0.0215488,0.020849,0.025101
2022-10-06,3,0.00890596,0.0217226,0.0200629,0.025101
2022-10-07,3,0.00819989,0.0219139,0.0241836,0.025101
2022-10-08,3,0.010506,0.0210558,0.0210827,0.025101
2022-10-09,3,0.0112685,0.0163906,0.0207658,0.025101
2022-10-10,3,0.00907808,0.0163287,0.0234563,0.025101
2022-10-11,3,0.00992705,0.0164701,0.0218205,0.025101
2022-10-12,3,0.0113848,0.0157372,0.019436,0.025101
2022-10-13,3,0.0121113,0.01659,0.02025,0.025101
2022-10-14,3,0.0120917,0.015921,0.0169453,0.025101
2022-10-15,3,0.0119163,0.0151154,0.0165685,0.025101
2022-10-16,3,0.0110946,0.0152944,0.0168503,0.025101
2022-10-17,3,0.00751974,0.0158765,0.0201015,0.025101
2022-10-18,3,0.010941,0.0156411,0.0162201,0.025101
2022-10-19,3,0.011307,0.0156734,0.015477,0.025101
2022-10-20,3,0.0186737,0.0154412,0.0148607,0.025101
2022-10-21,3,0.020807,0.0151671,0.0143265,0.025101
2022-10-22,3,0.0272555,0.0137922,0.0148952,0.025101
2022-10-23,3,0.027062,0.0152907,0.0155381,0.025101
2022-10-24,3,0.0243097,0.015369,0.0168157,0.025101
2022-10-25,3,0.0219672,0.0176047,0.0156259,0.025101
2022-10-26,3,0.0157431,0.0179859,0.0162279,0.025101
2022-10-27,3,0.0106137,0.0195356,0.0145541,0.025101
2022-10-28,3,0.0100737,0.0195185,0.0154078,0.025101
2022-10-29,3,0.00727285,0.0187103,0.0134081,0.025101
2022-10-30,3,0.0236894,0.0182878,0.0138938,0.025101
2022-10-31,3,0.0227781,0.0169343,0.0108969,0.025101
2022-11-01,3,0.0252639,0.0152169,0.0137385,0.025101
2022-11-02,3,0.0251756,0.015198,0.0151324,0.025101
2022-11-03,3,0.0553478,0.0140477,0.0123952,0.025101
2022-11-04,3,0.0694077,0.0197249,0.0203904,0.025101
2022-11-05,3,0.0984487,0.0193255,0.01523,0.025101
2022-11-06,3,0.0978643,0.0199877,0.0206014,0.025101
2022-11-07,3,0.0979776,0.0201469,0.0225784,0.025101
2022-11-08,3,0.091083,0.0287598,0.0279925,0.025101
2022-11-09,3,0.0552111,0.0363354,0.0438464,0.025101
2022-11-10,3,0.0229912,0.0419275,0.0500356,0.025101
2022-11-11,3,0.0193543,0.0419655,0.0456292,0.025101
2022-11-12,3,0.0186496,0.0415399,0.0502825,0.025101
2022-11-13,3,0.012147,0.0408929,0.045327,0.025101
2022-11-14,3,0.0101661,0.0362349,0.0381321,0.025101
2022-11-15,3,0.0118139,0.0294173,0.0274698,0.025101
2022-11-16,3,0.0161835,0.0280192,0.0268256,0.025101
2022-11-17,3,0.0228478,0.0275693,0.0224658,0.025101
2022-11-18,3,0.0270393,0.0248595,0.0221799,0.025101
2022-11-19,3,0.0270238,0.0237461,0.021712,0.025101
2022-11-20,3,0.0238118,0.0246082,0.0228396,0.025101
2022-11-21,3,0.0156302,0.026525,0.0237295,0.025101
2022-11-22,3,0.0127346,0.0289828,0.0267012,0.025101
2022-11-23,3,0.00541936,0.0303259,0.0269525,0.025101
2022-11-24,3,0.0100987,0.0303241,0.0242097,0.025101
2022-11-25,3,0.0221413,0.0293816,0.0259931,0.025101
2022-11-26,3,0.0234623,0.0262691,0.0222271,0.025101
2022-11-27,3,0.0231153,0.0249759,0.0226162,0.025101
2022-11-28,3,0.0223788,0.02034,0.0249548,0.025101
2022-11-29,3,0.0223271,0.0236806,0.0249827,0.025101
2022-11-30,3,0.0115216,0.0278694,0.0264819,0.025101
2022-12-01,3,0.0106356,0.0243331,0.023634,0.025101
2022-12-02,3,0.0119793,0.0209013,0.0178794,0.025101
2022-12-03,3,0.0153325,0.0202775,0.0168913,0.025101
2022-12-04,3,0.0148028,0.020253,0.0201316,0.025101
2022-12-05,3,0.0139369,0.0169638,0.0162773,0.025101
2022-12-06,3,0.0136913,0.016548,0.0166871,0.025101
2022-12-07,3,0.0111193,0.0170231,0.0201732,0.025101
2022-12-08,3,0.0154592,0.0182295,0.0171411,0.025101
2022-12-09,3,0.0142854,0.0180977,0.016483,0.025101
2022-12-10,3,0.0208609,0.0178382,0.0166546,0.025101
2022-12-11,3,0.029196,0.017764,0.0178732,0.025101
2022-12-12,3,0.0295019,0.016545,0.016399,0.025101
2022-12-13,3,0.0213346,0.0176971,0.0160772,0.025101
2022-12-14,3,0.0199699,0.0171248,0.013255,0.025101
2022-12-15,3,0.0267893,0.0189789,0.0136896,0.025101
2022-12-16,3,0.0176138,0.0217497,0.0212047,0.025101
2022-12-17,3,0.0172004,0.021828,0.0162726,0.025101
2022-12-18,3,0.017192,0.0201864,0.0184301,0.025101
2022-12-19,3,0.0132711,0.0200586,0.0214463,0.025101
2022-12-20,3,0.00310522,0.0218002,0.0220983,0.025101
2022-12-21,3,0.00262963,0.0196624,0.0191738,0.025101
2022-12-22,3,0.00652856,0.0186436,0.0155677,0.025101
2022-12-23,3,0.00759277,0.018573,0.0170727,0.025101
2022-12-24,3,0.00811783,0.0173934,0.0175693,0.025101
2022-12-25,3,0.00803592,0.0122108,0.0163664,0.025101
2022-12-26,3,0.00689348,0.0116713,0.0142648,0.025101
2022-12-27,3,0.0063188,0.0145421,0.0187819,0.025101
2022-12-28,3,0.00415369,0.0150838,0.0167592,0.025101
2022-12-29,3,0.0036188,0.0152655,0.0132861,0.025101
2022-12-30,3,0.00544749,0.0149464,0.0150631,0.025101
2022-12-31,3,0.004965,0.0143981,0.0157496,0.025101
2023-01-01,3,0.00518349,0.0141163,0.0147289,0.025101
2023-01-02,3,0.00544548,0.0127745,0.0138846,0.025101
2023-01-03,3,0.00533402,0.0122967,0.0133183,0.025101
2023-01-04,3,0.00430419,0.0130237,0.0161967,0.025101
2023-01-05,3,0.00507874,0.0127233,0.0148182,0.025101
2023-01-06,3,0.0104541,0.0125599,0.0147641,0.025101
2023-01-07,3,0.0184685,0.0110531,0.0148166,0.025101
2023-01-08,3,0.0212603,0.0103971,0.0142175,0.025101
2023-01-09,3,0.0177411,0.00946963,0.00875692,0.025101
2023-01-10,3,0.0250419,0.0095007,0.0133079,0.025101
2023-01-11,3,0.026896,0.0113083,0.0125991,0.025101
2023-01-12,3,0.0282128,0.0153309,0.015822,0.025101
2023-01-13,3,0.0280598,0.0174754,0.0207971,0.025101
2023-01-14,3,0.0164143,0.0177116,0.0267235,0.025101
2023-01-15,3,0.0352993,0.0192984,0.0196084,0.025101
2023-01-16,3,0.035723,0.019596,0.024867,0.025101
2023-01-17,3,0.0359591,0.0198608,0.0188506,0.025101
2023-01-18,3,0.0301512,0.0201464,0.0246925,0.025101
2023-01-19,3,0.0337722,0.0175374,0.0220885,0.025101
2023-01-20,3,0.0127821,0.0227976,0.0254142,0.025101
2023-01-21,3,0.0131987,0.0227692,0.0233026,0.025101
2023-01-22,3,0.0129453,0.0227674,0.023956,0.025101
2023-01-23,3,0.012571,0.0217983,0.022281,0.025101
2023-01-24,3,0.0157544,0.0226415,0.0254623,0.025101
2023-01-25,3,0.0255431,0.01789,0.0181217,0.025101
2023-01-26,3,0.0264125,0.0181178,0.0180346,0.025101
2023-01-27,3,0.0285529,0.017983,0.0172959,0.025101
2023-01-28,3,0.029372,0.017912,0.0173302,0.025101
2023-01-29,3,0.0248812,0.0188845,0.0239797,0.025101
2023-01-30,3,0.0144997,0.0221762,0.0237135,0.025101
2023-01-31,3,0.0159209,0.0223461,0.0235528,0.025101
2023-02-01,3,0.00577885,0.0228121,0.0235071,0.025101
2023-02-02,3,0.014386,0.0230782,0.0203157,0.025101
2023-02-03,3,0.0153606,0.0217827,0.0200144,0.025101
2023-02-04,3,0.0256114,0.0186635,0.0186844,0.025101
2023-02-05,3,0.0256584,0.0185939,0.020547,0.025101
2023-02-06,3,0.0275184,0.0145899,0.0149207,0.025101
2023-02-07,3,0.0224812,0.0182428,0.019949,0.025101
2023-02-08,3,0.023305,0.0186454,0.0217903,0.025101
2023-02-09,3,0.0107427,0.0219596,0.0222793,0.025101
2023-02-10,3,0.0382365,0.0219166,0.0188301,0.025101
2023-02-11,3,0.0448677,0.0203142,0.0177859,0.025101
2023-02-12,3,0.0443758,0.0193383,0.0204988,0.025101
2023-02-13,3,0.0441043,0.0194594,0.0183469,0.025101
2023-02-14,3,0.0472651,0.0161595,0.0188901,0.025101
2023-02-15,3,0.026668,0.0252019,0.0248741,0.025101
2023-02-16,3,0.0231549,0.0264337,0.0233599,0.025101
2023-02-17,3,0.0150006,0.0267664,0.0254978,0.025101
2023-02-18,3,0.0147971,0.0266967,0.0265777,0.025101
2023-02-19,3,0.0189311,0.0272192,0.0250444,0.025101
2023-02-20,3,0.0114014,0.0236031,0.023577,0.025101
2023-02-21,3,0.0174822,0.0224827,0.0227257,0.025101
2023-02-22,3,0.0175475,0.0202803,0.0183166,0.025101
2023-02-23,3,0.0181314,0.0201252,0.0185486,0.025101
2023-02-24,3,0.0151424,0.0216371,0.0227367,0.025101
2023-02-25,3,0.0158835,0.0191436,0.0178107,0.025101
2023-02-26,3,0.0254105,0.0212648,0.0197646,0.025101
2023-02-27,3,0.0255211,0.0212217,0.0193117,0.025101
2023-02-28,3,0.0259075,0.0214557,0.0198746,0.025101
2023-03-01,3,0.0216019,0.0205492,0.0191523,0.025101
2023-03-02,3,0.0215411,0.0207594,0.0183756,0.025101
2023-03-03,3,0.0106375,0.0233507,0.0231318,0.025101
2023-03-04,3,0.0275442,0.023355,0.0213289,0.025101
2023-03-05,3,0.0255232,0.0234192,0.022212,0.025101
2023-03-06,3,0.0312897,0.0224121,0.0204757,0.025101
2023-03-07,3,0.0508647,0.0224332,0.0208312,0.025101
2023-03-08,3,0.0616384,0.0189973,0.0177978,0.025101
2023-03-09,3,0.0396412,0.0224725,0.0235475,0.025101
2023-03-10,3,0.0416187,0.0219121,0.0211873,0.025101
2023-03-11,3,0.0411585,0.0224887,0.0214697,0.025101
2023-03-12,3,0.0455355,0.0278012,0.0228776,0.025101
2023-03-13,3,0.0435729,0.0316337,0.0354383,0.025101
2023-03-14,3,0.044271,0.0283745,0.032943,0.025101
2023-03-15,3,0.0431122,0.0286051,0.0326708,0.025101
2023-03-16,3,0.0433911,0.0286818,0.0324858,0.025101
2023-03-17,3,0.0277942,0.031163,0.0377436,0.025101
2023-03-18,3,0.0303395,0.0306895,0.0323779,0.025101
2023-03-19,3,0.029495,0.0309877,0.0317304,0.025101
2023-03-20,3,0.0293381,0.0308341,0.0345781,0.025101
2023-03-21,3,0.0298536,0.0306667,0.0340322,0.025101
2023-03-22,3,0.0297765,0.0277524,0.0263044,0.025101
2023-03-23,3,0.021912,0.0284912,0.0292608,0.025101
2023-03-24,3,0.0256384,0.0285247,0.0283182,0.025101
2023-03-25,3,0.0267693,0.0279908,0.0248368,0.025101
2023-03-26,3,0.0264885,0.0280981,0.0284766,0.025101
2023-03-27,3,0.0193074,0.0283783,0.0269784,0.025101
2023-03-28,3,0.0207266,0.0263532,0.0259422,0.025101
2023-03-29,3,0.011924,0.027483,0.0263023,0.025101
2023-03-30,3,0.0132372,0.0276458,0.0272699,0.025101
2023-03-31,3,0.01043,0.0265141,0.0274775,0.025101
2023-04-01,3,0.0104989,0.0245285,0.0237587,0.025101
2023-04-02,3,0.0102178,0.0250131,0.0252021,0.025101
2023-04-03,3,0.00737022,0.0214751,0.0261777,0.025101
2023-04-04,3,0.00744798,0.0208611,0.0247606,0.025101
2023-04-05,3,0.0211025,0.0196542,0.0208272,0.025101
2023-04-06,3,0.0195284,0.0196088,0.0218688,0.025101
2023-04-07,3,0.0192743,0.0194018,0.0208263,0.025101
2023-04-08,3,0.0180892,0.0160649,0.0191536,0.025101
2023-04-09,3,0.019175,0.0160394,0.0233594,0.025101
2023-04-10,3,0.0100202,0.0207718,0.0232167,0.025101
2023-04-11,3,0.0054967,0.0204266,0.0236798,0.025101
2023-04-12,3,0.0145953,0.0203332,0.0217992,0.025101
2023-04-13,3,0.0217968,0.0195295,0.0212115,0.025101
2023-04-14,3,0.0319889,0.0193108,0.0206945,0.025101
2023-04-15,3,0.0320079,0.0160453,0.0172057,0.025101
2023-04-16,3,0.0319712,0.013727,0.0165779,0.025101
2023-04-17,3,0.0360885,0.0177691,0.0257295,0.025101
2023-04-18,3,0.0275358,0.0193334,0.0206918,0.025101
2023-04-19,3,0.0203748,0.0229309,0.0233676,0.025101
2023-04-20,3,0.0248023,0.0225202,0.0220709,0.025101
2023-04-21,3,0.0151709,0.0230186,0.0228985,0.025101
2023-04-22,3,0.0195177,0.0237612,0.0220542,0.025101
2023-04-23,3,0.0186506,0.0222832,0.0206075,0.025101
2023-04-24,3,0.0187979,0.0207093,0.0202154,0.025101
2023-04-25,3,0.0169043,0.0219132,0.0235045,0.025101
2023-04-26,3,0.02742,0.0194203,0.0205309,0.025101
2023-04-27,3,0.022349,0.0210805,0.0230726,0.025101
2023-04-28,3,0.0235983,0.020852,0.021744,0.025101
2023-04-29,3,0.0236427,0.0208757,0.0224381,0.025101
2023-04-30,3,0.0265075,0.02034,0.0189727,0.025101
2023-05-01,3,0.0189954,0.0234476,0.0240571,0.025101
2023-05-02,3,0.0187679,0.021698,0.0244183,0.025101
2023-05-03,3,0.0199975,0.0218884,0.0219745,0.025101
2023-05-04,3,0.0202819,0.0219055,0.021603,0.025101
2023-05-05,3,0.0117429,0.0227147,0.0240121,0.025101
2023-05-06,3,0.0119586,0.0210987,0.0220524,0.025101
2023-05-07,3,0.0121863,0.0210759,0.023491,0.025101
2023-05-08,3,0.00936301,0.0214294,0.0216556,0.025101
2023-05-09,3,0.0107215,0.0212967,0.0198041,0.025101
2023-05-10,3,0.0126995,0.0183101,0.0184921,0.025101
2023-05-11,3,0.00724394,0.0175799,0.0203834,0.025101
2023-05-12,3,0.00771863,0.0172909,0.0172014,0.025101
2023-05-13,3,0.013872,0.0158159,0.0176146,0.025101
2023-05-14,3,0.0136455,0.0161736,0.0154481,0.025101
2023-05-15,3,0.0134999,0.0168485,0.0185978,0.025101
2023-05-16,3,0.0147425,0.0144074,0.0157076,0.025101
2023-05-17,3,0.0127098,0.0143795,0.0190186,0.025101
2023-05-18,3,0.0104928,0.0166358,0.0203454,0.025101
2023-05-19,3,0.0193518,0.0158214,0.0094719,0.025101
2023-05-20,3,0.0188167,0.0158586,0.011194,0.025101
2023-05-21,3,0.0188666,0.0162092,0.0124038,0.025101
2023-05-22,3,0.0189854,0.0155822,0.00770008,0.025101
2023-05-23,3,0.0274773,0.0142133,0.0136978,0.025101
2023-05-24,3,0.0206745,0.0167857,0.0155586,0.025101
2023-05-25,3,0.0213221,0.0165608,0.0109439,0.025101
2023-05-26,3,0.0244183,0.0166241,0.0119125,0.025101
2023-05-27,3,0.0256957,0.0162115,0.0112014,0.025101
2023-05-28,3,0.0136775,0.018976,0.0204004,0.025101
2023-05-29,3,0.0132692,0.0176765,0.0185265,0.025101
2023-05-30,3,0.013543,0.0173915,0.0102256,0.025101
2023-05-31,3,0.0252527,0.0181657,0.0131379,0.025101
2023-06-01,3,0.0387516,0.0185118,0.0137383,0.025101
2023-06-02,3,0.0408821,0.0157971,0.0113565,0.025101
2023-06-03,3,0.0412907,0.0156667,0.00856562,0.025101
2023-06-04,3,0.0412132,0.0157438,0.00762848,0.025101
2023-06-05,3,0.0347864,0.0197542,0.0236006,0.025101
2023-06-06,3,0.017763,0.0234589,0.0244265,0.025101
2023-06-07,3,0.011971,0.0242237,0.0240022,0.025101
2023-06-08,3,0.0110954,0.0242131,0.0222427,0.025101
2023-06-09,3,0.0158766,0.0239003,0.023083,0.025101
2023-06-10,3,0.0178686,0.0231246,0.023917,0.025101
2023-06-11,3,0.0228142,0.0196528,0.0172567,0.025101
2023-06-12,3,0.0227164,0.0178284,0.0165709,0.025101
2023-06-13,3,0.0232594,0.0174991,0.0155707,0.025101
2023-06-14,3,0.0135873,0.0192717,0.0243231,0.025101
2023-06-15,3,0.0228145,0.0196956,0.0179463,0.025101
2023-06-16,3,0.0285898,0.0211625,0.0230023,0.025101
2023-06-17,3,0.030739,0.0210621,0.018672,0.025101
2023-06-18,3,0.0256246,0.0210039,0.019331,0.025101
2023-06-19,3,0.030157,0.0180029,0.0195494,0.025101
2023-06-20,3,0.0275391,0.0213487,0.0222385,0.025101
2023-06-21,3,0.0136479,0.0235827,0.0233577,0.025101
2023-06-22,3,0.0141375,0.0238891,0.0229008,0.025101
2023-06-23,3,0.0119858,0.0229104,0.0220783,0.025101
2023-06-24,3,0.0138791,0.0237815,0.0217886,0.025101
2023-06-25,3,0.0138644,0.0232482,0.0213841,0.025101
2023-06-26,3,0.0133526,0.0195993,0.0167765,0.025101
2023-06-27,3,0.0117043,0.0190045,0.0203521,0.025101
2023-06-28,3,0.00729656,0.017822,0.0167718,0.025101
2023-06-29,3,0.0105195,0.0180209,0.0195033,0.025101
2023-06-30,3,0.0116048,0.0179302,0.016659,0.025101
2023-07-01,3,0.0143601,0.0177326,0.0184667,0.025101
2023-07-02,3,0.0166955,0.0168755,0.0172184,0.025101
2023-07-03,3,0.0129947,0.0150944,0.0184379,0.025101
2023-07-04,3,0.0124582,0.0165662,0.0197564,0.025101
2023-07-05,3,0.0131192,0.0170074,0.0162827,0.025101
2023-07-06,3,0.00749977,0.0176574,0.0227451,0.025101
2023-07-07,3,0.00680098,0.0182503,0.0247145,0.025101
2023-07-08,3,0.01672,0.0170419,0.0203848,0.025101
2023-07-09,3,0.0262479,0.0169076,0.0204365,0.025101
2023-07-10,3,0.0259599,0.0170293,0.0196313,0.025101
2023-07-11,3,0.0256197,0.0148304,0.0162517,0.025101
2023-07-12,3,0.025482,0.0136866,0.0147674,0.025101
2023-07-13,3,0.0151355,0.0158211,0.0149408,0.025101
2023-07-14,3,0.00428492,0.0187297,0.0159232,0.025101
2023-07-15,3,0.00421877,0.018242,0.0123971,0.025101
2023-07-16,3,0.00535566,0.0181656,0.0122853,0.025101
2023-07-17,3,0.00544363,0.0181187,0.0130119,0.025101
2023-07-18,3,0.00621158,0.0160194,0.0130674,0.025101
2023-07-19,3,0.0156219,0.0117351,0.0107353,0.025101
2023-07-20,3,0.0159195,0.0115172,0.0113069,0.025101
2023-07-21,3,0.0159748,0.0121253,0.0122392,0.025101
2023-07-22,3,0.01598,0.0121737,0.0123682,0.025101
2023-07-23,3,0.0147107,0.0125777,0.0153331,0.025101
2023-07-24,3,0.00367697,0.0162777,0.0159152,0.025101
2023-07-25,3,0.00405804,0.0161218,0.010945,0.025101
2023-07-26,3,0.00339813,0.0161056,0.0120902,0.025101
2023-07-27,3,0.00715146,0.0159886,0.0130095,0.025101
2023-07-28,3,0.0117396,0.0154638,0.0121471,0.025101
2023-07-29,3,0.0117217,0.0109697,0.0106778,0.025101
2023-07-30,3,0.0117541,0.0112205,0.0107607,0.025101
2023-07-31,3,0.0117542,0.0107397,0.00972063,0.025101
2023-08-01,3,0.00772677,0.0129436,0.0148672,0.025101
2023-08-02,3,0.00306018,0.0147119,0.0140811,0.025101
2023-08-03,3,0.00937281,0.0146937,0.0125937,0.025101
2023-08-04,3,0.0101219,0.0135544,0.0105853,0.025101
2023-08-05,3,0.0105919,0.0122245,0.0102771,0.025101
2023-08-06,3,0.0106699,0.0109931,0.0107165,0.025101
2023-08-07,3,0.0106045,0.00883739,0.00846456,0.025101
2023-08-08,3,0.00299868,0.0120364,0.010929,0.025101
2023-08-09,3,0.00370871,0.0121823,0.01023,0.025101
2023-08-10,3,0.00476534,0.0123272,0.00977801,0.025101
2023-08-11,3,0.00794911,0.0123373,0.00997477,0.025101
2023-08-12,3,0.0310601,0.0122995,0.0103298,0.025101
2023-08-13,3,0.02989,0.00902978,0.00848945,0.025101
2023-08-14,3,0.0293294,0.00940964,0.00845745,0.025101
2023-08-15,3,0.0313026,0.00906368,0.0127156,0.025101
2023-08-16,3,0.0324665,0.0106053,0.0126997,0.025101
2023-08-17,3,0.0107689,0.0196835,0.0206453,0.025101
2023-08-18,3,0.00749845,0.0196968,0.0207899,0.025101
2023-08-19,3,0.00958745,0.0193411,0.0167858,0.025101
2023-08-20,3,0.00961254,0.0192963,0.017842,0.025101
2023-08-21,3,0.00958617,0.0194667,0.017362,0.025101
2023-08-22,3,0.00958739,0.0148556,0.0165364,0.025101
2023-08-23,3,0.00514392,0.0136466,0.020126,0.025101
2023-08-24,3,0.0273252,0.0144301,0.0169349,0.025101
2023-08-25,3,0.0293587,0.0144242,0.0167535,0.025101
2023-08-26,3,0.0403656,0.0143952,0.0165762,0.025101
2023-08-27,3,0.0403432,0.014391,0.0167526,0.025101
2023-08-28,3,0.0403887,0.0123782,0.0148114,0.025101
2023-08-29,3,0.022742,0.0205483,0.0270349,0.025101
2023-08-30,3,0.0228773,0.0207911,0.0264508,0.025101
2023-08-31,3,0.00444875,0.0234701,0.0257247,0.025101
2023-09-01,3,0.00390124,0.023425,0.0224313,0.025101
2023-09-02,3,0.00955073,0.0234425,0.024462,0.025101
2023-09-03,3,0.0117666,0.020437,0.0209469,0.025101
2023-09-04,3,0.0113607,0.0204393,0.0191703,0.025101
2023-09-05,3,0.0114232,0.0137576,0.0146688,0.025101
2023-09-06,3,0.0166113,0.0133338,0.014191,0.025101
2023-09-07,3,0.0193882,0.016667,0.0152963,0.025101
2023-09-08,3,0.0199212,0.0160856,0.0206558,0.025101
2023-09-09,3,0.0202267,0.0157591,0.0168576,0.025101
2023-09-10,3,0.0198902,0.0157782,0.0172704,0.025101
2023-09-11,3,0.0109497,0.017431,0.0240916,0.025101
2023-09-12,3,0.00769587,0.0183561,0.0276944,0.025101
2023-09-13,3,0.00590253,0.0185848,0.0264151,0.025101
2023-09-14,3,0.00775813,0.0186365,0.0228176,0.025101
2023-09-15,3,0.00853624,0.0185224,0.0208385,0.025101
2023-09-16,3,0.0142028,0.0160363,0.0170865,0.025101
2023-09-17,3,0.014185,0.0147324,0.0167657,0.025101
2023-09-18,3,0.0134963,0.0138423,0.016659,0.025101
2023-09-19,3,0.0092835,0.0148728,0.0192757,0.025101
2023-09-20,3,0.0099867,0.0139335,0.00874954,0.025101
2023-09-21,3,0.00561518,0.0158542,0.0157977,0.025101
2023-09-22,3,0.00657719,0.0141658,0.0101588,0.025101
2023-09-23,3,0.0137972,0.0139665,0.0100602,0.025101
2023-09-24,3,0.0118534,0.0128937,0.0143404,0.025101
2023-09-25,3,0.0118201,0.0131151,0.0106595,0.025101
2023-09-26,3,0.0172665,0.0113997,0.0110014,0.025101
2023-09-27,3,0.0217952,0.0118525,0.0115064,0.025101
2023-09-28,3,0.0201428,0.0146055,0.0110389,0.025101
2023-09-29,3,0.0201227,0.0139065,0.0104043,0.025101
2023-09-30,3,0.0221621,0.0137337,0.00989193,0.025101
2023-10-01,3,0.0159601,0.015954,0.0151408,0.025101
2023-10-02,3,0.0132639,0.0171163,0.0152894,0.025101
2023-10-03,3,0.0129901,0.0162412,0.0117162,0.025101
2023-10-04,3,0.0133297,0.0159346,0.0137879,0.025101
2023-10-05,3,0.0120299,0.0164144,0.0156891,0.025101
2023-10-06,3,0.00819826,0.0153325,0.00989492,0.025101
2023-10-07,3,0.00709363,0.0146415,0.00929738,0.025101
2023-10-08,3,0.00867778,0.0145647,0.00899264,0.025101
2023-10-09,3,0.00875959,0.0147969,0.0119232,0.025101
2023-10-10,3,0.0112447,0.0144537,0.0105623,0.025101
2023-10-11,3,0.0214236,0.0132522,0.0111596,0.025101
2023-10-12,3,0.0212925,0.012804,0.0106554,0.025101
2023-10-13,3,0.0221726,0.0131896,0.0110504,0.025101
2023-10-14,3,0.021359,0.0132172,0.0111065,0.025101
2023-10-15,3,0.0229533,0.0140985,0.0132316,0.025101
2023-10-16,3,0.0150248,0.0174487,0.0222433,0.025101
2023-10-17,3,0.013878,0.0173989,0.0163587,0.025101
2023-10-18,3,0.0392193,0.0175707,0.0165426,0.025101
2023-10-19,3,0.0383237,0.0174774,0.0210723,0.025101
2023-10-20,3,0.0389567,0.018068,0.023785,0.025101
2023-10-21,3,0.0422124,0.0162902,0.0154572,0.025101
2023-10-22,3,0.0437967,0.0159686,0.0151723,0.025101
2023-10-23,3,0.0150451,0.0243706,0.0262057,0.025101
2023-10-24,3,0.0121778,0.0241444,0.0240353,0.025101
2023-10-25,3,0.00941403,0.0242086,0.0239301,0.025101
2023-10-26,3,0.0076086,0.0248225,0.0217461,0.025101
2023-10-27,3,0.00889888,0.0249649,0.0217974,0.025101
2023-10-28,3,0.0137589,0.0190953,0.017869,0.025101
2023-10-29,3,0.0135619,0.0181175,0.0184905,0.025101
2023-10-30,3,0.0140158,0.0168363,0.0152363,0.025101
2023-10-31,3,0.0141011,0.0158847,0.0151792,0.025101
2023-11-01,3,0.00882833,0.0164644,0.0159605,0.025101
2023-11-02,3,0.00755007,0.0182355,0.0196651,0.025101
2023-11-03,3,0.00574925,0.0181861,0.0155505,0.025101
2023-11-04,3,0.0121392,0.0183133,0.016438,0.025101
2023-11-05,3,0.0110588,0.018346,0.0161896,0.025101
2023-11-06,3,0.0124232,0.0164182,0.0151805,0.025101
2023-11-07,3,0.0138969,0.0154513,0.0157853,0.025101
2023-11-08,3,0.0176586,0.01443,0.0138664,0.025101
2023-11-09,3,0.0161784,0.0173319,0.0234423,0.025101
2023-11-10,3,0.0353593,0.0168901,0.0168845,0.025101
2023-11-11,3,0.0419957,0.0172831,0.0162973,0.025101
2023-11-12,3,0.0427497,0.0177957,0.0161757,0.025101
2023-11-13,3,0.0421744,0.0190446,0.0201939,0.025101
2023-11-14,3,0.0398521,0.0155771,0.0100582,0.025101
2023-11-15,3,0.0263333,0.0210658,0.0220684,0.025101
2023-11-16,3,0.0258114,0.0232684,0.0234826,0.025101
2023-11-17,3,0.0331176,0.0233398,0.022509,0.025101
2023-11-18,3,0.0332825,0.023213,0.019907,0.025101
2023-11-19,3,0.0322131,0.023049,0.0228396,0.025101
2023-11-20,3,0.0322117,0.0207899,0.0196385,0.025101
2023-11-21,3,0.0209905,0.0216569,0.0223961,0.025101
2023-11-22,3,0.00796057,0.0236504,0.0235234,0.025101
2023-11-23,3,0.0104646,0.0235647,0.0245098,0.025101
2023-11-24,3,0.00929502,0.0233126,0.0218768,0.025101
2023-11-25,3,0.00946105,0.0232799,0.0238526,0.025101
2023-11-26,3,0.0135908,0.0210432,0.0206322,0.025101
2023-11-27,3,0.0126409,0.0166741,0.0158836,0.025101
2023-11-28,3,0.0124949,0.0178397,0.0181519,0.025101
2023-11-29,3,0.0192657,0.017325,0.0168547,0.025101
2023-11-30,3,0.0167401,0.017363,0.0176296,0.025101
2023-12-01,3,0.0243702,0.0188991,0.0206295,0.025101
2023-12-02,3,0.0291292,0.0186058,0.0191421,0.025101
2023-12-03,3,0.028947,0.0185621,0.0211934,0.025101
2023-12-04,3,0.0260693,0.0211779,0.0219942,0.025101
2023-12-05,3,0.0128328,0.0208503,0.0229264,0.025101
2023-12-06,3,0.0294809,0.0225745,0.0208205,0.025101
2023-12-07,3,0.0304485,0.0227464,0.0215269,0.025101
2023-12-08,3,0.0342146,0.021712,0.0237176,0.025101
2023-12-09,3,0.0343187,0.0213041,0.020839,0.025101
2023-12-10,3,0.0355416,0.0179299,0.0188625,0.025101
2023-12-11,3,0.021247,0.0235114,0.024384,0.025101
2023-12-12,3,0.0241482,0.023693,0.0221108,0.025101
2023-12-13,3,0.0226785,0.0237846,0.0249784,0.025101
2023-12-14,3,0.0227057,0.0233179,0.0238374,0.025101
2023-12-15,3,0.023299,0.0238125,0.0246623,0.025101
2023-12-16,3,0.0233416,0.0210279,0.0196738,0.025101
2023-12-17,3,0.017846,0.0219228,0.0225974,0.025101
2023-12-18,3,0.0161088,0.0217534,0.0239183,0.025101
2023-12-19,3,0.0181619,0.0217533,0.0212003,0.025101
2023-12-20,3,0.0115738,0.0220955,0.0228795,0.025101
2023-12-21,3,0.0154939,0.0220954,0.02089,0.025101
2023-12-22,3,0.0198437,0.0202553,0.0195482,0.025101
2023-12-23,3,0.0212058,0.0196885,0.0181295,0.025101
2023-12-24,3,0.0207121,0.0203379,0.018846,0.025101
2023-12-25,3,0.0186412,0.0182513,0.0189251,0.025101
2023-12-26,3,0.0156213,0.0192361,0.0205248,0.025101
2023-12-27,3,0.0245251,0.0198107,0.0223576,0.025101
2023-12-28,3,0.0215075,0.0202502,0.0227321,0.025101
2023-12-29,3,0.0335754,0.0201629,0.0228042,0.025101
2023-12-30,3,0.0355912,0.0195026,0.0187511,0.025101
2023-12-31,3,0.0357567,0.0186581,0.0207625,0.025101
2024-01-01,3,0.0298924,0.0215521,0.0223669,0.025101
2024-01-02,3,0.0281049,0.0196079,0.0229575,0.025101
2024-01-03,3,0.0304336,0.0230371,0.023967,0.025101
2024-01-04,3,0.0331558,0.0233169,0.0246781,0.025101
2024-01-05,3,0.0327663,0.0233427,0.0221596,0.025101
2024-01-06,3,0.0329588,0.0220842,0.0210981,0.025101
2024-01-07,3,0.0524143,0.0217526,0.0203408,0.025101
2024-01-08,3,0.0352986,0.0235125,0.0241498,0.025101
2024-01-09,3,0.0354054,0.0239745,0.0244294,0.025101
2024-01-10,3,0.0368739,0.0238696,0.0217298,0.025101
2024-01-11,3,0.0397152,0.0236623,0.0216794,0.025101
2024-01-12,3,0.0174328,0.0288339,0.0261855,0.025101
2024-01-13,3,0.0233303,0.0261754,0.0273128,0.025101
2024-01-14,3,0.0219027,0.0261686,0.0269658,0.025101
2024-01-15,3,0.0197147,0.0263329,0.0273199,0.025101
2024-01-16,3,0.0168055,0.0268194,0.0284386,0.025101
2024-01-17,3,0.0255846,0.0218995,0.0217139,0.025101
2024-01-18,3,0.0247139,0.0236828,0.0253089,0.025101
2024-01-19,3,0.0242999,0.0232876,0.0241866,0.025101
2024-01-20,3,0.0239681,0.0225714,0.0221443,0.025101
2024-01-21,3,0.0345131,0.021639,0.0219648,0.025101
2024-01-22,3,0.0191973,0.0245743,0.0273804,0.025101
2024-01-23,3,0.0203291,0.0239154,0.0236629,0.025101
2024-01-24,3,0.0215998,0.023731,0.0231458,0.025101
2024-01-25,3,0.0225832,0.0232016,0.0220038,0.025101
2024-01-26,3,0.0157168,0.0257567,0.0263862,0.025101
2024-01-27,3,0.0160752,0.022383,0.020484,0.025101
2024-01-28,3,0.0157405,0.0226931,0.02102,0.025101
2024-01-29,3,0.00844567,0.0232663,0.0243418,0.025101
2024-01-30,3,0.0088102,0.0223457,0.0213717,0.025101
2024-01-31,3,0.00795277,0.0204284,0.0186327,0.025101
2024-02-01,3,0.00741219,0.0205458,0.0203573,0.025101
2024-02-02,3,0.0147997,0.0203527,0.0201179,0.025101
2024-02-03,3,0.0151989,0.0158571,0.01767,0.025101
2024-02-04,3,0.0150173,0.0160501,0.0166639,0.025101
2024-02-05,3,0.0120644,0.0154473,0.0181855,0.025101
2024-02-06,3,0.0118207,0.0151163,0.0160113,0.025101
2024-02-07,3,0.0127038,0.0180946,0.0246141,0.025101
2024-02-08,3,0.0180525,0.0183327,0.0207999,0.025101
2024-02-09,3,0.0183838,0.0180701,0.0258063,0.025101
2024-02-10,3,0.0198466,0.0171644,0.0198985,0.025101
2024-02-11,3,0.0205431,0.0170383,0.0167823,0.025101
2024-02-12,3,0.0199557,0.0175887,0.0259888,0.025101
2024-02-13,3,0.0189795,0.0175503,0.00910332,0.025101
2024-02-14,3,0.00768884,0.018158,0.0220109,0.025101
2024-02-15,3,0.00891112,0.0184985,0.0163887,0.025101
2024-02-16,3,0.00966951,0.0185272,0.0154402,0.025101
2024-02-17,3,0.00984262,0.0179484,0.0111927,0.025101
2024-02-18,3,0.00864085,0.0176956,0.0110436,0.025101
2024-02-19,3,0.0129143,0.014304,0.00916255,0.025101
2024-02-20,3,0.0118663,0.0146212,0.0126936,0.025101
2024-02-21,3,0.0262703,0.0149262,0.0123774,0.025101
2024-02-22,3,0.0273549,0.0150136,0.0125019,0.025101
2024-02-23,3,0.0341398,0.0147235,0.011549,0.025101
2024-02-24,3,0.0438466,0.0162156,0.0121826,0.025101
2024-02-25,3,0.0414297,0.0158073,0.00944867,0.025101
2024-02-26,3,0.0444435,0.0200328,0.0205558,0.025101
2024-02-27,3,0.0430102,0.020797,0.0224275,0.025101
2024-02-28,3,0.0381064,0.0245014,0.0263329,0.025101
2024-02-29,3,0.0531674,0.0264518,0.0233228,0.025101
2024-03-01,3,0.0544504,0.0260246,0.0244157,0.025101
2024-03-02,3,0.0535356,0.026374,0.02279,0.025101
2024-03-03,3,0.0535744,0.0260328,0.0241565,0.025101
2024-03-04,3,0.0404226,0.0266709,0.0277559,0.025101
2024-03-05,3,0.0127932,0.0307281,0.0370464,0.025101
2024-03-06,3,0.0161883,0.031004,0.0343268,0.025101
2024-03-07,3,0.0201694,0.0306938,0.0316635,0.025101
2024-03-08,4,0.0203483,0.0292849,0.0357369,0.0236746
2024-03-09,4,0.0262973,0.0275467,0.0367695,0.0236746
2024-03-10,4,0.0310136,0.0214635,0.0223081,0.0236746
2024-03-11,4,0.0301588,0.0227707,0.0224033,0.0236746
2024-03-12,4,0.0425768,0.0235266,0.021987,0.0236746
2024-03-13,4,0.0389342,0.0235806,0.0234941,0.0236746
2024-03-14,4,0.0507101,0.0250654,0.0239919,0.0236746
2024-03-15,4,0.074181,0.0262525,0.0293086,0.0236746
2024-03-16,4,0.0702433,0.0271303,0.0336738,0.0236746
2024-03-17,4,0.0658561,0.0294582,0.0386447,0.0236746
2024-03-18,4,0.0663843,0.0289003,0.0404991,0.0236746
2024-03-19,4,0.0537933,0.0322023,0.0403267,0.0236746
2024-03-20,4,0.0380079,0.0361797,0.0428087,0.0236746
2024-03-21,4,0.0306338,0.0350382,0.0343033,0.0236746
2024-03-22,4,0.0251881,0.0344895,0.0369419,0.0236746
2024-03-23,4,0.0241938,0.0344985,0.042219,0.0236746
2024-03-24,4,0.0213371,0.0333459,0.0338356,0.0236746
2024-03-25,4,0.0117512,0.0311305,0.030597,0.0236746
2024-03-26,4,0.0162589,0.0289409,0.0257617,0.0236746
2024-03-27,4,0.0200277,0.0270865,0.0236964,0.0236746
2024-03-28,4,0.0317195,0.026737,0.0245403,0.0236746
2024-03-29,4,0.0335111,0.0260443,0.0242594,0.0236746
2024-03-30,4,0.0403189,0.0228798,0.0228384,0.0236746
2024-03-31,4,0.0373321,0.0245915,0.0229453,0.0236746
2024-04-01,4,0.0379378,0.0258252,0.0237833,0.0236746
2024-04-02,4,0.0172232,0.0289307,0.032684,0.0236746
2024-04-03,4,0.0192446,0.0292859,0.0322755,0.0236746
2024-04-04,4,0.0257656,0.0306491,0.0310458,0.0236746
2024-04-05,4,0.0259304,0.0301032,0.0343705,0.0236746
2024-04-06,4,0.0262951,0.0301415,0.0329977,0.0236746
2024-04-07,4,0.0328555,0.0249312,0.0230049,0.0236746
2024-04-08,4,0.0294641,0.0253945,0.0237136,0.0236746
2024-04-09,4,0.0362327,0.0272379,0.0254205,0.0236746
2024-04-10,4,0.0328756,0.0259151,0.0270705,0.0236746
2024-04-11,4,0.034811,0.0242295,0.0206258,0.0236746
2024-04-12,4,0.0346143,0.0255809,0.0230131,0.0236746
2024-04-13,4,0.0357722,0.0256006,0.0260778,0.0236746
2024-04-14,4,0.0320276,0.0269443,0.0250642,0.0236746
2024-04-15,4,0.0282474,0.0261443,0.0251903,0.0236746
2024-04-16,4,0.0283519,0.025985,0.021723,0.0236746
2024-04-17,4,0.0155257,0.0263448,0.0250193,0.0236746
2024-04-18,4,0.0144335,0.026996,0.0253965,0.0236746
2024-04-19,4,0.0237568,0.0262569,0.0248125,0.0236746
2024-04-20,4,0.0220516,0.0256649,0.0261675,0.0236746
2024-04-21,4,0.0224644,0.0256826,0.0250225,0.0236746
2024-04-22,4,0.0134169,0.0226527,0.0224915,0.0236746
2024-04-23,4,0.0135581,0.022215,0.0213792,0.0236746
2024-04-24,4,0.00883226,0.0240538,0.0209901,0.0236746
2024-04-25,4,0.023489,0.0236569,0.0231948,0.0236746
2024-04-26,4,0.0265193,0.023285,0.0210237,0.0236746
2024-04-27,4,0.030205,0.020799,0.0182464,0.0236746
2024-04-28,4,0.0458838,0.0205436,0.0190467,0.0236746
2024-04-29,4,0.0462111,0.0187644,0.0174709,0.0236746
2024-04-30,4,0.0364066,0.0233861,0.0225565,0.0236746
2024-05-01,4,0.0281339,0.0241268,0.0219989,0.0236746
2024-05-02,4,0.0311024,0.0247158,0.0247901,0.0236746
2024-05-03,4,0.0142243,0.0282654,0.0257204,0.0236746
2024-05-04,4,0.0198347,0.0278601,0.0238661,0.0236746
2024-05-05,4,0.0244664,0.0257485,0.0216161,0.0236746
2024-05-06,4,0.0247701,0.0241586,0.0226556,0.0236746
2024-05-07,4,0.0257209,0.0243623,0.0223814,0.0236746
2024-05-08,4,0.0261539,0.0206788,0.0190823,0.0236746
2024-05-09,4,0.0242089,0.0220372,0.0216139,0.0236746
2024-05-10,4,0.0356747,0.0230154,0.0201515,0.0236746
2024-05-11,4,0.0381877,0.0230607,0.0191146,0.0236746
2024-05-12,4,0.038554,0.0231604,0.018806,0.0236746
2024-05-13,4,0.0392128,0.0234433,0.019971,0.0236746
2024-05-14,4,0.0369466,0.0228624,0.0196749,0.0236746
2024-05-15,4,0.0374685,0.0265181,0.0258747,0.0236746
2024-05-16,4,0.0380546,0.0266253,0.0258418,0.0236746
2024-05-17,4,0.0390946,0.0268792,0.0244431,0.0236746
2024-05-18,4,0.0404838,0.0266192,0.0262063,0.0236746
2024-05-19,4,0.0398555,0.0259169,0.0253975,0.0236746
2024-05-20,4,0.0146441,0.0273104,0.0343296,0.0236746
2024-05-21,4,0.0133768,0.027485,0.0323357,0.0236746
2024-05-22,4,0.013884,0.0270616,0.0315476,0.0236746
2024-05-23,4,0.0134155,0.026802,0.0285536,0.0236746
2024-05-24,4,0.0134366,0.0266231,0.0279074,0.0236746
2024-05-25,4,0.0136511,0.0208581,0.0214608,0.0236746
2024-05-26,4,0.0139791,0.0204755,0.0220552,0.0236746
2024-05-27,4,0.0117752,0.0206503,0.0227207,0.0236746
2024-05-28,4,0.0101111,0.0205212,0.0227346,0.0236746
2024-05-29,4,0.0109913,0.0205146,0.0222389,0.0236746
2024-05-30,4,0.0146021,0.020464,0.0209489,0.0236746
2024-05-31,4,0.0100491,0.0204687,0.0213576,0.0236746
2024-06-01,4,0.0118753,0.0192095,0.0202417,0.0236746
2024-06-02,4,0.0176923,0.0185901,0.018199,0.0236746
2024-06-03,4,0.0166707,0.0188952,0.0198944,0.0236746
2024-06-04,4,0.0108617,0.0201188,0.0213143,0.0236746
2024-06-05,4,0.00945276,0.0183939,0.0182161,0.0236746
2024-06-06,4,0.0154864,0.0177389,0.0185756,0.0236746
2024-06-07,4,0.0171209,0.0193577,0.0211472,0.0236746
2024-06-08,4,0.0188844,0.0188293,0.0180826,0.0236746
2024-06-09,4,0.0175637,0.0171652,0.0177368,0.0236746
2024-06-10,4,0.0182579,0.0166187,0.0181528,0.0236746
2024-06-11,4,0.0143298,0.0161329,0.0158116,0.0236746
2024-06-12,4,0.0115408,0.0163565,0.0132859,0.0236746
2024-06-13,4,0.0110046,0.0168641,0.0123947,0.0236746
2024-06-14,4,0.0104235,0.0164475,0.0128758,0.0236746
2024-06-15,4,0.00995365,0.016523,0.0111325,0.0236746
2024-06-16,4,0.00811897,0.015563,0.012198,0.0236746
2024-06-17,4,0.00912344,0.0147544,0.0144098,0.0236746
2024-06-18,4,0.0077968,0.014698,0.014117,0.0236746
2024-06-19,4,0.0194653,0.014402,0.0146313,0.0236746
2024-06-20,4,0.0264609,0.0142142,0.0149564,0.0236746
2024-06-21,4,0.0266316,0.0135068,0.0153629,0.0236746
2024-06-22,4,0.0282776,0.0137938,0.0144579,0.0236746
2024-06-23,4,0.028655,0.0134128,0.0147386,0.0236746
2024-06-24,4,0.0197997,0.0175777,0.0174899,0.0236746
2024-06-25,4,0.0209959,0.0190778,0.0183039,0.0236746
2024-06-26,4,0.0182341,0.0186069,0.0141589,0.0236746
2024-06-27,4,0.0196472,0.0189752,0.015897,0.0236746
2024-06-28,4,0.0225284,0.0191629,0.0165029,0.0236746
2024-06-29,4,0.031787,0.0176225,0.0146087,0.0236746
2024-06-30,4,0.0227849,0.0183913,0.0236736,0.0236746
2024-07-01,4,0.0307894,0.0178183,0.0211252,0.0236746
2024-07-02,4,0.0331428,0.0179303,0.0192332,0.0236746
2024-07-03,4,0.0360589,0.0184627,0.0220339,0.0236746
2024-07-04,4,0.0290681,0.0209448,0.0212775,0.0236746
2024-07-05,4,0.0289971,0.0194192,0.0210822,0.0236746
2024-07-06,4,0.0255547,0.021256,0.0230304,0.0236746
2024-07-07,4,0.0127474,0.0221494,0.0235324,0.0236746
2024-07-08,4,0.0142844,0.0226209,0.0227985,0.0236746
2024-07-09,4,0.0151141,0.0218436,0.0198172,0.0236746
2024-07-10,4,0.0266721,0.0217637,0.0199023,0.0236746
2024-07-11,4,0.0240006,0.0211752,0.0206617,0.0236746
2024-07-12,4,0.0298927,0.0182813,0.0191008,0.0236746
2024-07-13,4,0.0314539,0.0189252,0.019298,0.0236746
2024-07-14,4,0.0335288,0.0190668,0.0171903,0.0236746
2024-07-15,4,0.0212425,0.0228596,0.0232278,0.0236746
2024-07-16,4,0.021374,0.0217118,0.0207117,0.0236746
2024-07-17,4,0.0195913,0.0227191,0.0203411,0.0236746
2024-07-18,4,0.0251011,0.0228755,0.0191289,0.0236746
2024-07-19,4,0.015304,0.023269,0.0192925,0.0236746
2024-07-20,4,0.0152003,0.0209354,0.0177434,0.0236746
2024-07-21,4,0.0212976,0.0209832,0.0190566,0.0236746
2024-07-22,4,0.0208949,0.0204711,0.0176479,0.0236746
2024-07-23,4,0.0152764,0.0218167,0.0186065,0.0236746
2024-07-24,4,0.0190976,0.0195937,0.0170137,0.0236746
2024-07-25,4,0.0199688,0.0193053,0.016815,0.0236746
2024-07-26,4,0.0129797,0.0199762,0.019824,0.0236746
2024-07-27,4,0.0159902,0.0198489,0.0180562,0.0236746
2024-07-28,4,0.0268928,0.0184315,0.0174704,0.0236746
2024-07-29,4,0.0271954,0.0187764,0.0204344,0.0236746
2024-07-30,4,0.0282843,0.0190328,0.0176674,0.0236746
2024-07-31,4,0.0352554,0.0175883,0.0190522,0.0236746
2024-08-01,4,0.0445587,0.01838,0.017138,0.0236746
2024-08-02,4,0.0410032,0.0221203,0.0209937,0.0236746
2024-08-03,4,0.074284,0.0221744,0.0200599,0.0236746
2024-08-04,4,0.0707432,0.02284,0.0202828,0.0236746
2024-08-05,4,0.0549851,0.0252723,0.0290163,0.0236746
2024-08-06,4,0.0604085,0.0258581,0.0223361,0.0236746
2024-08-07,4,0.058472,0.0254165,0.0242213,0.0236746
2024-08-08,4,0.0226835,0.0330855,0.0390649,0.0236746
2024-08-09,4,0.0258233,0.0327745,0.0353466,0.0236746
2024-08-10,4,0.0258819,0.0306385,0.0307501,0.0236746
2024-08-11,4,0.0248554,0.031485,0.0337222,0.0236746
2024-08-12,4,0.0247689,0.0312268,0.0329176,0.0236746
2024-08-13,4,0.0226205,0.0256273,0.0242692,0.0236746
2024-08-14,4,0.019857,0.0264334,0.0221143,0.0236746
2024-08-15,4,0.016894,0.0264891,0.0230196,0.0236746
2024-08-16,4,0.0208999,0.0263893,0.0231854,0.0236746
2024-08-17,4,0.022712,0.0261843,0.0235386,0.0236746
2024-08-18,4,0.0304385,0.0257042,0.0241009,0.0236746
2024-08-19,4,0.0313994,0.025069,0.022833,0.0236746
2024-08-20,4,0.02976,0.0241832,0.021509,0.0236746
2024-08-21,4,0.032049,0.0256007,0.0221811,0.0236746
2024-08-22,4,0.0421093,0.0260063,0.0239943,0.0236746
2024-08-23,4,0.023895,0.0282815,0.0325083,0.0236746
2024-08-24,4,0.0248586,0.0278554,0.0265689,0.0236746
2024-08-25,4,0.023778,0.027493,0.0250934,0.0236746
2024-08-26,4,0.0242402,0.0277138,0.0288598,0.0236746
2024-08-27,4,0.0127505,0.0290446,0.0310696,0.0236746
2024-08-28,4,0.0212474,0.0255587,0.0249346,0.0236746
2024-08-29,4,0.0243787,0.0256667,0.02472,0.0236746
2024-08-30,4,0.0254567,0.0225191,0.0201707,0.0236746
2024-08-31,4,0.0282553,0.0225643,0.0204009,0.0236746
2024-09-01,4,0.0306077,0.0198403,0.0206247,0.0236746
2024-09-02,4,0.0224181,0.0219789,0.0214667,0.0236746
2024-09-03,4,0.0248099,0.0228605,0.0225312,0.0236746
2024-09-04,4,0.032642,0.0229316,0.020454,0.0236746
2024-09-05,4,0.0286928,0.0234226,0.022974,0.0236746
2024-09-06,4,0.0165767,0.0242081,0.0227316,0.0236746
2024-09-07,4,0.0158562,0.022452,0.0221075,0.0236746
2024-09-08,4,0.0198207,0.0229766,0.0216717,0.0236746
2024-09-09,4,0.0199808,0.0248602,0.0221175,0.0236746
2024-09-10,4,0.0226378,0.0241338,0.0207945,0.0236746
2024-09-11,4,0.0245006,0.0214376,0.019086,0.0236746
2024-09-12,4,0.0285668,0.0209209,0.0205864,0.0236746
2024-09-13,4,0.0237725,0.0222726,0.0205955,0.0236746
2024-09-14,4,0.0234936,0.0213108,0.019563,0.0236746
2024-09-15,4,0.0201864,0.0219134,0.0223501,0.0236746
2024-09-16,4,0.0136809,0.0223338,0.0223552,0.0236746
2024-09-17,4,0.00967127,0.0234135,0.0231319,0.0236746
2024-09-18,4,0.00938323,0.02173,0.021152,0.0236746
2024-09-19,4,0.00720917,0.0217632,0.0211742,0.0236746
2024-09-20,4,0.0123901,0.0210647,0.0203092,0.0236746
2024-09-21,4,0.0190955,0.0193482,0.0210569,0.0236746
2024-09-22,4,0.0191348,0.0179544,0.0201605,0.0236746
2024-09-23,4,0.0183511,0.0175614,0.0190652,0.0236746
2024-09-24,4,0.0184323,0.0164084,0.0187738,0.0236746
2024-09-25,4,0.0244425,0.018232,0.020323,0.0236746
2024-09-26,4,0.022602,0.0202954,0.0224851,0.0236746
2024-09-27,4,0.0199144,0.0197423,0.0193018,0.0236746
2024-09-28,4,0.0200528,0.0185154,0.0162541,0.0236746
2024-09-29,4,0.0261524,0.0185838,0.0184346,0.0236746
2024-09-30,4,0.0223808,0.0206892,0.0224817,0.0236746
2024-10-01,4,0.0100024,0.020621,0.0222008,0.0236746
2024-10-02,4,0.0116708,0.0200523,0.0196791,0.0236746
2024-10-03,4,0.0120399,0.0199903,0.0187144,0.0236746
2024-10-04,4,0.0136631,0.0210371,0.021776,0.0236746
2024-10-05,4,0.0133578,0.0196556,0.0205594,0.0236746
2024-10-06,4,0.0223501,0.0165279,0.0181905,0.0236746
2024-10-07,4,0.0224375,0.0164982,0.0182615,0.0236746
2024-10-08,4,0.0226954,0.0164558,0.0206414,0.0236746
2024-10-09,4,0.024574,0.0167501,0.0217377,0.0236746
2024-10-10,4,0.0214507,0.0163861,0.0175493,0.0236746
2024-10-11,4,0.020376,0.0187667,0.0235893,0.0236746
2024-10-12,4,0.0221501,0.018826,0.0216019,0.0236746
2024-10-13,4,0.0196739,0.0188216,0.0212253,0.0236746
2024-10-14,4,0.00856926,0.0202417,0.0228135,0.0236746
2024-10-15,4,0.00755346,0.0196871,0.0231813,0.0236746
2024-10-16,4,0.0149493,0.0194255,0.0197077,0.0236746
2024-10-17,4,0.0148875,0.0196077,0.0234146,0.0236746
2024-10-18,4,0.0130458,0.0188493,0.0217445,0.0236746
2024-10-19,4,0.0194426,0.0157605,0.0181038,0.0236746
2024-10-20,4,0.0205723,0.0153073,0.0167838,0.0236746
2024-10-21,4,0.0186159,0.017961,0.0210963,0.0236746
2024-10-22,4,0.0197572,0.0172258,0.0186485,0.0236746
2024-10-23,4,0.0205345,0.0160886,0.0183911,0.0236746
2024-10-24,4,0.0237919,0.0177439,0.0191169,0.0236746
2024-10-25,4,0.0178665,0.0183014,0.0198809,0.0236746
2024-10-26,4,0.0275894,0.0175793,0.0180451,0.0236746
2024-10-27,4,0.0287406,0.0178437,0.0209119,0.0236746
2024-10-28,4,0.0253675,0.018272,0.0225991,0.0236746
2024-10-29,4,0.0107644,0.0193172,0.0222612,0.0236746
2024-10-30,4,0.0102352,0.0182005,0.0172349,0.0236746
2024-10-31,4,0.0145405,0.020107,0.0230746,0.0236746
2024-11-01,4,0.0413391,0.0203043,0.018952,0.0236746
2024-11-02,4,0.0406775,0.0193702,0.021222,0.0236746
2024-11-03,4,0.0386538,0.0161624,0.017674,0.0236746
2024-11-04,4,0.035455,0.0160058,0.0180711,0.0236746
2024-11-05,4,0.0367256,0.016442,0.019133,0.0236746
2024-11-06,4,0.0409312,0.0238243,0.0201535,0.0236746
2024-11-07,4,0.0432819,0.0237364,0.0187049,0.0236746
2024-11-08,4,0.0417162,0.0233723,0.017296,0.0236746
2024-11-09,4,0.0518647,0.0229162,0.0181612,0.0236746
2024-11-10,4,0.0514627,0.0236873,0.0194537,0.0236746
2024-11-11,4,0.0321002,0.0267208,0.0412612,0.0236746
2024-11-12,4,0.032048,0.0267892,0.0344905,0.0236746
2024-11-13,4,0.0291176,0.0266211,0.0337141,0.0236746
2024-11-14,4,0.020794,0.028398,0.0354637,0.0236746
2024-11-15,4,0.0136845,0.0285544,0.0361012,0.0236746
2024-11-16,4,0.0188351,0.0255936,0.0311427,0.0236746
2024-11-17,4,0.0151209,0.02566,0.0303888,0.0236746
2024-11-18,4,0.0206684,0.0251322,0.0270104,0.0236746
2024-11-19,4,0.0212028,0.0233605,0.0246578,0.0236746
2024-11-20,4,0.0341297,0.021265,0.0236754,0.0236746
2024-11-21,4,0.0225581,0.0229405,0.0229351,0.0236746
2024-11-22,4,0.0337125,0.021556,0.0221202,0.0236746
2024-11-23,4,0.0335415,0.0230823,0.0242581,0.0236746
2024-11-24,4,0.0351265,0.0231442,0.024176,0.0236746
2024-11-25,4,0.02323,0.0265495,0.0369019,0.0236746
2024-11-26,4,0.020673,0.0243018,0.0250407,0.0236746
2024-11-27,4,0.01377,0.0266877,0.035082,0.0236746
2024-11-28,4,0.0136707,0.0256197,0.0330697,0.0236746
2024-11-29,4,0.0171079,0.0257831,0.033355,0.0236746
2024-11-30,4,0.0199532,0.0235888,0.0252782,0.0236746
2024-12-01,4,0.0251135,0.0229911,0.0231147,0.0236746
2024-12-02,4,0.0229561,0.0209494,0.0237276,0.0236746
2024-12-03,4,0.0226739,0.0190453,0.0195489,0.0236746
2024-12-04,4,0.0284702,0.0201165,0.0216013,0.0236746
2024-12-05,4,0.0266656,0.0208447,0.0200234,0.0236746
2024-12-06,4,0.0305545,0.0216261,0.0220769,0.0236746
2024-12-07,4,0.0311897,0.020743,0.0208487,0.0236746
2024-12-08,4,0.0312961,0.020626,0.022871,0.0236746
2024-12-09,4,0.0231237,0.0223385,0.0235786,0.0236746
2024-12-10,4,0.0226366,0.022037,0.0212975,0.0236746
2024-12-11,4,0.0155346,0.023235,0.024085,0.0236746
2024-12-12,4,0.0120397,0.0233132,0.0216232,0.0236746
2024-12-13,4,0.0337078,0.0227427,0.0243214,0.0236746
2024-12-14,4,0.0351632,0.0213143,0.0208818,0.0236746
2024-12-15,4,0.0300381,0.0213921,0.0225321,0.0236746
2024-12-16,4,0.0260006,0.0197851,0.0200122,0.0236746
2024-12-17,4,0.0238833,0.0178002,0.0178505,0.0236746
2024-12-18,4,0.012289,0.0237756,0.0252685,0.0236746
2024-12-19,4,0.0235415,0.0237673,0.0233182,0.0236746
2024-12-20,4,0.0236072,0.0229364,0.0232121,0.0236746
2024-12-21,4,0.0295596,0.0221466,0.0208803,0.0236746
2024-12-22,4,0.0288445,0.0218809,0.0210775,0.0236746
2024-12-23,4,0.0293028,0.0189507,0.0209051,0.0236746
2024-12-24,4,0.01912,0.0222383,0.0213602,0.0236746
2024-12-25,4,0.0167661,0.0222583,0.0208003,0.0236746
2024-12-26,4,0.0136296,0.0235762,0.0233283,0.0236746
2024-12-27,4,0.0130689,0.0233964,0.0250132,0.0236746
2024-12-28,4,0.0171332,0.0230855,0.0222921,0.0236746
2024-12-29,4,0.0126381,0.021146,0.0207026,0.0236746
2024-12-30,4,0.00893192,0.0204559,0.0195325,0.0236746
2024-12-31,4,0.010198,0.0192525,0.0194582,0.0236746
2025-01-01,4,0.01596,0.0191089,0.0191153,0.0236746
2025-01-02,4,0.0326179,0.0197964,0.0213544,0.0236746
2025-01-03,4,0.0327147,0.0185677,0.0208461,0.0236746
2025-01-04,4,0.0335324,0.0171658,0.0182103,0.0236746
2025-01-05,4,0.0371016,0.0174161,0.0171759,0.0236746
2025-01-06,4,0.0283253,0.0194116,0.0227579,0.0236746
2025-01-07,4,0.0197689,0.0234735,0.0254525,0.0236746
2025-01-08,4,0.0180501,0.023576,0.0249076,0.0236746
2025-01-09,4,0.0126776,0.0228004,0.0231171,0.0236746
2025-01-10,4,0.0184805,0.0228877,0.0240315,0.0236746
2025-01-11,4,0.0197246,0.0215935,0.0229877,0.0236746
2025-01-12,4,0.0236471,0.0199476,0.019425,0.0236746
2025-01-13,4,0.0238194,0.0193402,0.0191838,0.0236746
2025-01-14,4,0.0332517,0.0179876,0.0200865,0.0236746
2025-01-15,4,0.0285572,0.0195535,0.0213258,0.0236746
2025-01-16,4,0.0318384,0.0198372,0.0198702,0.0236746
2025-01-17,4,0.0285236,0.0208915,0.0220916,0.0236746
2025-01-18,4,0.0285974,0.0207621,0.0219954,0.0236746
2025-01-19,4,0.0225659,0.0227757,0.0229964,0.0236746
2025-01-20,4,0.0228081,0.0218185,0.0222671,0.0236746
2025-01-21,4,0.0141984,0.0227425,0.0225173,0.0236746
2025-01-22,4,0.0105949,0.022494,0.0223905,0.0236746
2025-01-23,4,0.0101319,0.0224967,0.0226332,0.0236746
2025-01-24,4,0.015699,0.0211002,0.021115,0.0236746
2025-01-25,4,0.0166269,0.0211178,0.0213339,0.0236746
2025-01-26,4,0.0175113,0.0191414,0.0194247,0.0236746
2025-01-27,4,0.0190473,0.017995,0.0171767,0.0236746
2025-01-28,4,0.0227098,0.017497,0.0175972,0.0236746
2025-01-29,4,0.0277939,0.0185223,0.0209406,0.0236746
2025-01-30,4,0.0292897,0.0185796,0.0197329,0.0236746
2025-01-31,4,0.0288686,0.0187024,0.0207373,0.0236746
2025-02-01,4,0.0290463,0.0190737,0.0219699,0.0236746
2025-02-02,4,0.0264148,0.0201823,0.02391,0.0236746
2025-02-03,4,0.0152505,0.0215492,0.0229641,0.0236746
2025-02-04,4,0.00565342,0.0222622,0.0224665,0.0236746
2025-02-05,4,0.00446844,0.0221335,0.0233528,0.0236746
2025-02-06,4,0.00980917,0.0215909,0.0242648,0.0236746
2025-02-07,4,0.0145674,0.0210613,0.0223648,0.0236746
2025-02-08,4,0.0162444,0.0179312,0.0197685,0.0236746
2025-02-09,4,0.016714,0.0144145,0.0170489,0.0236746
2025-02-10,4,0.0161687,0.0134927,0.0163894,0.0236746
2025-02-11,4,0.015382,0.0160025,0.018697,0.0236746
2025-02-12,4,0.0098084,0.0169427,0.0209631,0.0236746
2025-02-13,4,0.008546,0.0171551,0.0217711,0.0236746
2025-02-14,4,0.00933262,0.0173017,0.0200074,0.0236746
2025-02-15,4,0.0128036,0.0171262,0.0197614,0.0236746
2025-02-16,4,0.0155966,0.0168197,0.0192861,0.0236746
2025-02-17,4,0.0155208,0.0151349,0.0169745,0.0236746
2025-02-18,4,0.0155708,0.0146924,0.0172352,0.0236746
2025-02-19,4,0.0269893,0.0150493,0.0172793,0.0236746
2025-02-20,4,0.0223797,0.0159751,0.0184659,0.0236746
2025-02-21,4,0.0262346,0.0167933,0.0171125,0.0236746
2025-02-22,4,0.0260978,0.0165302,0.0179732,0.0236746
2025-02-23,4,0.0259299,0.0164317,0.0176117,0.0236746
2025-02-24,4,0.0279946,0.0194174,0.0218216,0.0236746
2025-02-25,4,0.0514282,0.0181697,0.0217039,0.0236746
2025-02-26,4,0.0649998,0.0194871,0.0219344,0.0236746
2025-02-27,4,0.0651344,0.0194842,0.0210178,0.0236746
2025-02-28,4,0.0662726,0.0194404,0.0211811,0.0236746
2025-03-01,4,0.0668306,0.0200553,0.0224877,0.0236746
2025-03-02,4,0.0497356,0.0266497,0.0255343,0.0236746
2025-03-03,4,0.0277002,0.0304409,0.0407752,0.0236746
2025-03-04,4,0.0390016,0.0304828,0.0352181,0.0236746
2025-03-05,4,0.0247089,0.0310337,0.0369463,0.0236746
2025-03-06,4,0.0447754,0.0309595,0.035475,0.0236746
2025-03-07,4,0.044437,0.0292304,0.0370916,0.0236746
2025-03-08,4,0.0458297,0.0256278,0.0260632,0.0236746
2025-03-09,4,0.0374331,0.0284065,0.0390067,0.0236746
2025-03-10,4,0.0326511,0.0258017,0.0225208,0.0236746
2025-03-11,4,0.0266783,0.0300625,0.0388338,0.0236746
2025-03-12,4,0.0276649,0.0300634,0.0396241,0.0236746
2025-03-13,4,0.0235021,0.030359,0.0346813,0.0236746
2025-03-14,4,0.0283081,0.0293247,0.0341348,0.0236746
2025-03-15,4,0.0331685,0.028435,0.0334397,0.0236746
2025-03-16,4,0.0312069,0.02717,0.0238319,0.0236746
2025-03-17,4,0.0301641,0.0274837,0.0275243,0.0236746
2025-03-18,4,0.0306104,0.0261585,0.024251,0.0236746
2025-03-19,4,0.0220598,0.0276268,0.027524,0.0236746
2025-03-20,4,0.0129747,0.0283515,0.0328663,0.0236746
2025-03-21,4,0.0140274,0.0279742,0.0281767,0.0236746
2025-03-22,4,0.0133074,0.0276747,0.0274515,0.0236746
2025-03-23,4,0.0182673,0.0278301,0.0285308,0.0236746
2025-03-24,4,0.0151254,0.0247372,0.0250368,0.0236746
2025-03-25,4,0.0146386,0.0207153,0.0241265,0.0236746
2025-03-26,4,0.0160139,0.021039,0.0235727,0.0236746
2025-03-27,4,0.0245535,0.0204793,0.0234638,0.0236746
2025-03-28,4,0.0242921,0.0221554,0.0218375,0.0236746
2025-03-29,4,0.0227291,0.0211169,0.0214795,0.0236746
2025-03-30,4,0.0227844,0.0209377,0.0231884,0.0236746
2025-03-31,4,0.0230524,0.0202485,0.0210374,0.0236746
2025-04-01,4,0.0316544,0.0222291,0.0218926,0.0236746
2025-04-02,4,0.0327081,0.0216972,0.0218102,0.0236746
2025-04-03,4,0.0336469,0.0213492,0.021239,0.0236746
2025-04-04,4,0.055175,0.0209472,0.0213266,0.0236746
2025-04-05,4,0.0571759,0.0205082,0.0205011,0.0236746
2025-04-06,4,0.0514031,0.0235939,0.0240252,0.0236746
2025-04-07,4,0.0515781,0.0237388,0.0238911,0.0236746
2025-04-08,4,0.0471982,0.0241824,0.0234631,0.0236746
2025-04-09,4,0.0328696,0.0291216,0.0283982,0.0236746
2025-04-10,4,0.0261174,0.0290178,0.0247028,0.0236746
2025-04-11,4,0.0164094,0.0288539,0.0247046,0.0236746
2025-04-12,4,0.0131359,0.029014,0.0282938,0.0236746
2025-04-13,4,0.0092982,0.028544,0.0290099,0.0236746
2025-04-14,4,0.0087064,0.0262863,0.0264313,0.0236746
2025-04-15,4,0.00593761,0.0249687,0.0242714,0.0236746
2025-04-16,4,0.0121741,0.0226152,0.0236441,0.0236746
2025-04-17,4,0.02858,0.0215854,0.0238159,0.0236746
2025-04-18,4,0.0270523,0.0200477,0.0242966,0.0236746
2025-04-19,4,0.0277022,0.0195956,0.0231926,0.0236746
2025-04-20,4,0.0266966,0.0179709,0.0231566,0.0236746
2025-04-21,4,0.0280397,0.0210843,0.0230433,0.0236746
2025-04-22,4,0.00652311,0.0262573,0.0302685,0.0236746
2025-04-23,4,0.0086067,0.0258121,0.0248053,0.0236746
2025-04-24,4,0.00971404,0.0256547,0.0266985,0.0236746
2025-04-25,4,0.00876148,0.0253614,0.0249648,0.0236746
2025-04-26,4,0.014249,0.025602,0.0251689,0.0236746
2025-04-27,4,0.0122124,0.0186934,0.0228357,0.0236746
2025-04-28,4,0.0136083,0.0188727,0.0192136,0.0236746
2025-04-29,4,0.015651,0.0194168,0.0190014,0.0236746
2025-04-30,4,0.0157599,0.0185254,0.0179936,0.0236746
2025-05-01,4,0.0148643,0.0188833,0.0207883,0.0236746
2025-05-02,4,0.014769,0.0172686,0.0193349,0.0236746
2025-05-03,4,0.0296553,0.017157,0.0173696,0.0236746
2025-05-04,4,0.0264539,0.017736,0.022358,0.0236746
2025-05-05,4,0.0255068,0.0174747,0.0172254,0.0236746
2025-05-06,4,0.0278821,0.0173316,0.0185983,0.0236746
2025-05-07,4,0.0302028,0.0171722,0.017006,0.0236746
2025-05-08,4,0.0125215,0.0213142,0.0239778,0.0236746
2025-05-09,4,0.0129138,0.0208156,0.0203589,0.0236746
2025-05-10,4,0.0098007,0.020481,0.0245722,0.0236746
2025-05-11,4,0.00959118,0.0209696,0.0198016,0.0236746
2025-05-12,4,0.00748949,0.0214416,0.0224645,0.0236746
2025-05-13,4,0.0152164,0.01761,0.0201033,0.0236746
2025-05-14,4,0.0155513,0.0163549,0.015994,0.0236746
2025-05-15,4,0.0157999,0.0153962,0.0166871,0.0236746
2025-05-16,4,0.0172979,0.0153397,0.0167844,0.0236746
2025-05-17,4,0.0153313,0.0145507,0.0153805,0.0236746
2025-05-18,4,0.0265349,0.0171997,0.024248,0.0236746
2025-05-19,4,0.0260005,0.0172086,0.0196994,0.0236746
2025-05-20,4,0.0260225,0.0172567,0.0194379,0.0236746
2025-05-21,4,0.0228935,0.0177312,0.0200635,0.0236746
2025-05-22,4,0.0204398,0.0172881,0.0207949,0.0236746
2025-05-23,4,0.00866657,0.0203789,0.022294,0.0236746
2025-05-24,4,0.0123678,0.0202896,0.0209042,0.0236746
2025-05-25,4,0.00948227,0.0202002,0.0206416,0.0236746
2025-05-26,4,0.010346,0.0194342,0.0220422,0.0236746
2025-05-27,4,0.0133528,0.0189497,0.0196132,0.0236746
2025-05-28,4,0.0134749,0.015765,0.0170551,0.0236746
2025-05-29,4,0.00997907,0.0172563,0.019231,0.0236746
2025-05-30,4,0.00685417,0.014996,0.0167753,0.0236746
2025-05-31,4,0.0151658,0.0152578,0.0128462,0.0236746
2025-06-01,4,0.0207455,0.015964,0.0132133,0.0236746
2025-06-02,4,0.0216828,0.0159749,0.0115299,0.0236746
2025-06-03,4,0.0215886,0.0149032,0.0127676,0.0236746
2025-06-04,4,0.0274873,0.013706,0.0123546,0.0236746
2025-06-05,4,0.0178642,0.0165441,0.0203223,0.0236746
2025-06-06,4,0.0209475,0.0181053,0.0195207,0.0236746
2025-06-07,4,0.02551,0.0182256,0.0179226,0.0236746
2025-06-08,4,0.0255084,0.0178286,0.0183494,0.0236746
2025-06-09,4,0.0112171,0.0191026,0.0230958,0.0236746
2025-06-10,4,0.0114344,0.0172549,0.0180212,0.0236746
2025-06-11,4,0.0139055,0.01792,0.0211753,0.0236746
2025-06-12,4,0.0119817,0.0186802,0.0217075,0.0236746
2025-06-13,4,0.0120912,0.0184988,0.0181443,0.0236746
2025-06-14,4,0.0119285,0.0148769,0.0109058,0.0236746
2025-06-15,4,0.0128681,0.0149252,0.0098354,0.0236746
2025-06-16,4,0.00928202,0.0155675,0.0122441,0.0236746
2025-06-17,4,0.00706031,0.0152782,0.0155625,0.0236746
2025-06-18,4,0.0245301,0.0153147,0.01674,0.0236746
2025-06-19,4,0.0244855,0.0152305,0.015872,0.0236746
2025-06-20,4,0.022983,0.0153525,0.013267,0.0236746
2025-06-21,4,0.0218733,0.0139849,0.0134303,0.0236746
2025-06-22,4,0.019203,0.013236,0.0127188,0.0236746
2025-06-23,4,0.00587306,0.0184016,0.0235504,0.0236746
2025-06-24,4,0.00658404,0.0183979,0.0196448,0.0236746
2025-06-25,4,0.00791144,0.0182106,0.02222,0.0236746
2025-06-26,4,0.00989233,0.0179949,0.0209732,0.0236746
2025-06-27,4,0.0175549,0.0170344,0.017167,0.0236746
2025-06-28,4,0.017622,0.0129717,0.0152872,0.0236746
2025-06-29,4,0.0190731,0.0132814,0.0153819,0.0236746
2025-06-30,4,0.018064,0.0138574,0.0158296,0.0236746
2025-07-01,4,0.0159061,0.0137536,0.0142131,0.0236746
2025-07-02,4,0.0103455,0.0161474,0.0149088,0.0236746
2025-07-03,4,0.0101121,0.0160523,0.0114848,0.0236746
2025-07-04,4,0.0109849,0.0160832,0.0152582,0.0236746
2025-07-05,4,0.0185981,0.0158682,0.0104409,0.0236746
2025-07-06,4,0.0184361,0.015454,0.0124397,0.0236746
2025-07-07,4,0.0161547,0.0138729,0.0157476,0.0236746
2025-07-08,4,0.0152487,0.0137605,0.0135273,0.0236746
2025-07-09,4,0.0158541,0.0139552,0.013088,0.0236746
2025-07-10,4,0.0129347,0.0165137,0.0229058,0.0236746
2025-07-11,4,0.0121361,0.0164849,0.0187891,0.0236746
2025-07-12,4,0.0120665,0.0158639,0.0114465,0.0236746
2025-07-13,4,0.0115055,0.0155692,0.0136382,0.0236746
2025-07-14,4,0.0107018,0.0154942,0.0115124,0.0236746
2025-07-15,4,0.00761041,0.0143698,0.0127663,0.0236746
2025-07-16,4,0.00604306,0.0141813,0.0139729,0.0236746
2025-07-17,4,0.0123024,0.0140665,0.0122153,0.0236746
2025-07-18,4,0.0121929,0.0140281,0.0142663,0.0236746
2025-07-19,4,0.0123539,0.0138141,0.0123107,0.0236746
2025-07-20,4,0.0124542,0.0128452,0.0129644,0.0236746
2025-07-21,4,0.0124893,0.012192,0.0117229,0.0236746
2025-07-22,4,0.00894266,0.0140982,0.0125592,0.0236746
2025-07-23,4,0.0096322,0.0140233,0.015164,0.0236746
2025-07-24,4,0.00958471,0.0137153,0.0125181,0.0236746
2025-07-25,4,0.0091086,0.0137949,0.0131583,0.0236746
2025-07-26,4,0.0119401,0.0135783,0.0111359,0.0236746
2025-07-27,4,0.00973225,0.0126805,0.0151808,0.0236746
2025-07-28,4,0.00973518,0.0130183,0.0152769,0.0236746
2025-07-29,4,0.0144635,0.0128947,0.0132328,0.0236746
2025-07-30,4,0.0156776,0.0127633,0.0127528,0.0236746
2025-07-31,4,0.0142017,0.0135911,0.0137433,0.0236746
2025-08-01,4,0.0101031,0.0122144,0.0117833,0.0236746
2025-08-02,4,0.0109671,0.0120617,0.0117084,0.0236746
2025-08-03,4,0.0121273,0.0133874,0.014519,0.0236746
2025-08-04,4,0.0122123,0.0133781,0.0127223,0.0236746
2025-08-05,4,0.013564,0.0130238,0.0142263,0.0236746
2025-08-06,4,0.0149196,0.0119618,0.0142646,0.0236746
2025-08-07,4,0.0130807,0.0125562,0.012553,0.0236746
2025-08-08,4,0.0141534,0.0126888,0.0132208,0.0236746
2025-08-09,4,0.0276833,0.0126252,0.0116979,0.0236746
2025-08-10,4,0.0253154,0.0133905,0.012636,0.0236746
2025-08-11,4,0.025351,0.0135838,0.0118918,0.0236746
2025-08-12,4,0.0241992,0.013309,0.0145324,0.0236746
2025-08-13,4,0.0171256,0.0137328,0.012442,0.0236746
2025-08-14,4,0.012323,0.0171868,0.0180621,0.0236746
2025-08-15,4,0.0159274,0.0168919,0.0146545,0.0236746
2025-08-16,4,0.0161096,0.0168183,0.0120592,0.0236746
2025-08-17,4,0.0270787,0.016648,0.0125889,0.0236746
2025-08-18,4,0.0273295,0.0154293,0.0132487,0.0236746
2025-08-19,4,0.0243985,0.0147784,0.0232603,0.0236746
2025-08-20,4,0.0266531,0.0157075,0.0196973,0.0236746
2025-08-21,4,0.0277036,0.015857,0.0209933,0.0236746
2025-08-22,4,0.0165929,0.0182758,0.0248247,0.0236746
2025-08-23,4,0.0189892,0.0182042,0.0223861,0.0236746
2025-08-24,4,0.0238305,0.0178967,0.0244868,0.0236746
2025-08-25,4,0.0210987,0.0186041,0.0255004,0.0236746
2025-08-26,4,0.0186972,0.0188636,0.0229927,0.0236746
2025-08-27,4,0.0200271,0.016897,0.0173296,0.0236746
2025-08-28,4,0.0212876,0.0174293,0.0180556,0.0236746
2025-08-29,4,0.00839402,0.0186934,0.0251936,0.0236746
2025-08-30,4,0.0108338,0.0182084,0.0194753,0.0236746
2025-08-31,4,0.0100719,0.0176603,0.0170286,0.0236746
2025-09-01,4,0.0101896,0.0177109,0.0177676,0.0236746
2025-09-02,4,0.00690346,0.0181188,0.0217259,0.0236746
2025-09-03,4,0.00762058,0.0147995,0.0177611,0.0236746
2025-09-04,4,0.00644816,0.0153328,0.0172756,0.0236746
2025-09-05,4,0.0107919,0.0145744,0.018441,0.0236746
2025-09-06,4,0.00960267,0.0145988,0.0190317,0.0236746
2025-09-07,4,0.00979484,0.0134435,0.0192369,0.0236746
2025-09-08,4,0.0107876,0.0136268,0.0199186,0.0236746
2025-09-09,4,0.0107485,0.0131116,0.0200067,0.0236746
2025-09-10,4,0.00706116,0.014541,0.0184745,0.0236746
2025-09-11,4,0.00649329,0.014189,0.0188895,0.0236746
2025-09-12,4,0.00665391,0.01413,0.0175548,0.0236746
2025-09-13,4,0.00688174,0.013689,0.0121207,0.0236746
2025-09-14,4,0.00924333,0.0135953,0.0131015,0.0236746
2025-09-15,4,0.0092435,0.0122708,0.0128586,0.0236746
2025-09-16,4,0.00663051,0.0115356,0.0149314,0.0236746
2025-09-17,4,0.0111017,0.0115071,0.0126201,0.0236746
2025-09-18,4,0.00885567,0.0115631,0.0133009,0.0236746
2025-09-19,4,0.012348,0.0124026,0.0151334,0.0236746
2025-09-20,4,0.0191766,0.0109175,0.012591,0.0236746
2025-09-21,4,0.0206504,0.0102091,0.0114585,0.0236746
2025-09-22,4,0.019654,0.0120596,0.0127151,0.0236746
2025-09-23,4,0.0231232,0.0114939,0.0119962,0.0236746
2025-09-24,4,0.0244419,0.0121775,0.0147583,0.0236746
2025-09-25,4,0.0115301,0.0148732,0.018581,0.0236746
2025-09-26,4,0.0175378,0.0150868,0.0139989,0.0236746
2025-09-27,4,0.0151516,0.014928,0.0121384,0.0236746
2025-09-28,4,0.015253,0.0158608,0.0147073,0.0236746
2025-09-29,4,0.0166493,0.016284,0.0142611,0.0236746
2025-09-30,4,0.0143889,0.0138107,0.0124714,0.0236746
2025-10-01,4,0.00581191,0.0160381,0.0169916,0.0236746
2025-10-02,4,0.0162868,0.0154732,0.012716,0.0236746
2025-10-03,4,0.0167701,0.0154988,0.0132048,0.0236746
2025-10-04,4,0.018119,0.0157816,0.0097344,0.0236746
2025-10-05,4,0.0352,0.0153099,0.0129961,0.0236746
2025-10-06,4,0.0317184,0.0125823,0.0142357,0.0236746
2025-10-07,4,0.0419574,0.0161786,0.0191309,0.0236746
2025-10-08,4,0.0401432,0.0163359,0.0192152,0.0236746
2025-10-09,4,0.0402123,0.0166789,0.0196674,0.0236746
2025-10-10,4,0.0257359,0.0218937,0.020524,0.0236746
2025-10-11,4,0.026125,0.0215222,0.0191605,0.0236746
2025-10-12,4,0.00969404,0.0234381,0.0190174,0.0236746
2025-10-13,4,0.0122681,0.0230591,0.0187446,0.0236746
2025-10-14,4,0.0170568,0.0230493,0.0193302,0.0236746
2025-10-15,4,0.018424,0.0210936,0.0193241,0.0236746
2025-10-16,4,0.0170735,0.0212963,0.0190836,0.0236746
2025-10-17,4,0.0153162,0.0169769,0.0163181,0.0236746
2025-10-18,4,0.0177211,0.0178012,0.0170036,0.0236746
2025-10-19,4,0.017277,0.0191565,0.0186603,0.0236746
2025-10-20,4,0.0157421,0.0194329,0.0185512,0.0236746
2025-10-21,4,0.0130913,0.0189797,0.0173191,0.0236746
2025-10-22,4,0.0117033,0.0185417,0.0162755,0.0236746
2025-10-23,4,0.013354,0.0188228,0.018405,0.0236746
2025-10-24,4,0.018924,0.0185766,0.0168937,0.0236746
2025-10-25,4,0.0193074,0.0181368,0.0170987,0.0236746
2025-10-26,4,0.0140948,0.017697,0.0179888,0.0236746
2025-10-27,4,0.0152484,0.0172306,0.0179298,0.0236746
2025-10-28,4,0.0160333,0.017574,0.0162961,0.0236746
2025-10-29,4,0.0202962,0.0189849,0.0189632,0.0236746
2025-10-30,4,0.0276181,0.0189941,0.0202327,0.0236746
2025-10-31,4,0.0303179,0.017822,0.0163651,0.0236746
2025-11-01,4,0.0294957,0.0164758,0.0190368,0.0236746
2025-11-02,4,0.0328474,0.016477,0.0170734,0.0236746
2025-11-03,4,0.0299885,0.0172606,0.0205443,0.0236746
2025-11-04,4,0.0225392,0.0194864,0.022756,0.0236746
2025-11-05,4,0.0210998,0.0201585,0.0211684,0.0236746
2025-11-06,4,0.0223177,0.0201471,0.0205278,0.0236746
2025-11-07,4,0.0209301,0.0206947,0.020699,0.0236746
2025-11-08,4,0.0220547,0.0202499,0.0184098,0.0236746
2025-11-09,4,0.0242489,0.0192712,0.0225943,0.0236746
2025-11-10,4,0.0242498,0.018983,0.0207397,0.0236746
2025-11-11,4,0.0239167,0.0193765,0.0238488,0.0236746
2025-11-12,4,0.0238058,0.019061,0.0206059,0.0236746
2025-11-13,4,0.0271248,0.0193868,0.0226559,0.0236746
2025-11-14,4,0.0158231,0.0205562,0.0215072,0.0236746
2025-11-15,4,0.0228159,0.0205949,0.020989,0.0236746
2025-11-16,4,0.0226727,0.0205061,0.0221101,0.0236746
2025-11-17,4,0.0235607,0.0201771,0.0223258,0.0236746
2025-11-18,4,0.0285222,0.0208659,0.0213249,0.0236746
2025-11-19,4,0.0314568,0.0186159,0.0214741,0.0236746
2025-11-20,4,0.0184471,0.0208249,0.0218221,0.0236746
2025-11-21,4,0.0197716,0.0207957,0.0214413,0.0236746
2025-11-22,4,0.0175558,0.0208179,0.0201629,0.0236746
2025-11-23,4,0.0182122,0.0220638,0.0205698,0.0236746
2025-11-24,4,0.018095,0.0226333,0.0208559,0.0236746
2025-11-25,4,0.0169815,0.0199732,0.0191618,0.0236746
2025-11-26,4,0.0211425,0.020416,0.0204498,0.0236746
2025-11-27,4,0.0366517,0.0197105,0.0193665,0.0236746
2025-11-28,4,0.037922,0.0197191,0.020687,0.0236746
2025-11-29,4,0.0390353,0.0194997,0.0195067,0.0236746
2025-11-30,4,0.0418476,0.0191218,0.0198917,0.0236746
2025-12-01,4,0.0342064,0.0202895,0.020479,0.0236746
2025-12-02,4,0.0214351,0.024213,0.0234203,0.0236746
2025-12-03,4,0.0166919,0.0245261,0.0227985,0.0236746
2025-12-04,4,0.0198875,0.0246834,0.0233068,0.0236746
2025-12-05,4,0.0117537,0.0252015,0.0227393,0.0236746
2025-12-06,4,0.01111,0.0233784,0.0224764,0.0236746
2025-12-07,4,0.0172444,0.0211528,0.021404,0.0236746
2025-12-08,4,0.0171789,0.0200166,0.0202053,0.0236746
2025-12-09,4,0.0136899,0.0205733,0.0196411,0.0236746
2025-12-10,4,0.0142442,0.0183594,0.0179044,0.0236746
2025-12-11,4,0.0180505,0.0179917,0.0177608,0.0236746
2025-12-12,4,0.0171907,0.0190992,0.0215345,0.0236746
2025-12-13,4,0.0164082,0.018944,0.0196044,0.0236746
2025-12-14,4,0.0225978,0.0182379,0.0207242,0.0236746
2025-12-15,4,0.0196777,0.0183406,0.0205027,0.0236746
2025-12-16,4,0.0185268,0.0193032,0.0217248,0.0236746
2025-12-17,4,0.0146995,0.0191922,0.0208436,0.0236746
2025-12-18,4,0.0157592,0.0185576,0.0201866,0.0236746
2025-12-19,4,0.00648155,0.020242,0.0233467,0.0236746
2025-12-20,4,0.00619571,0.0196431,0.0212343,0.0236746
2025-12-21,4,0.00572596,0.0193991,0.0215175,0.0236746
2025-12-22,4,0.00697364,0.0184217,0.021055,0.0236746
2025-12-23,4,0.00362424,0.0180434,0.0209434,0.0236746
2025-12-24,4,0.0052387,0.0137589,0.0123099,0.0236746
2025-12-25,4,0.00831587,0.0132871,0.0120122,0.0236746
