date,fold,actual_vol,har_vol,rf_vol,mean_vol
2012-11-22,0,0.00792803,0.0071189,0.00773741,0.00967035
2012-11-23,0,0.00831105,0.00658906,0.00737078,0.00967035
2012-11-26,0,0.00803099,0.00649326,0.00737524,0.00967035
2012-11-27,0,0.00727108,0.00732753,0.00733356,0.00967035
2012-11-29,0,0.0040295,0.00796169,0.00825091,0.00967035
2012-11-30,0,0.00365452,0.00810512,0.0080429,0.00967035
2012-12-03,0,0.00343727,0.0079836,0.00801086,0.00967035
2012-12-04,0,0.00347413,0.00753485,0.0075313,0.00967035
2012-12-05,0,0.00345036,0.00749472,0.00788227,0.00967035
2012-12-06,0,0.00247227,0.0072962,0.0066218,0.00967035
2012-12-07,0,0.00398491,0.00723193,0.006656,0.00967035
2012-12-10,0,0.00407882,0.0072146,0.00738123,0.00967035
2012-12-11,0,0.00553246,0.00728804,0.0074452,0.00967035
2012-12-12,0,0.00591508,0.00724417,0.00744303,0.00967035
2012-12-13,0,0.00479146,0.00719455,0.00670412,0.00967035
2012-12-14,0,0.00747847,0.00712189,0.0067097,0.00967035
2012-12-17,0,0.00737941,0.00718458,0.00679787,0.00967035
2012-12-18,0,0.00783354,0.00713811,0.00759134,0.00967035
2012-12-19,0,0.00760173,0.00670862,0.00748498,0.00967035
2012-12-20,0,0.00849019,0.00668754,0.00765699,0.00967035
2012-12-21,0,0.00577732,0.00738975,0.00678,0.00967035
2012-12-24,0,0.0081012,0.00743159,0.00820855,0.00967035
2012-12-26,0,0.00782455,0.00755791,0.00760883,0.00967035
2012-12-27,0,0.00611972,0.00770025,0.00765592,0.00967035
2012-12-28,0,0.00730696,0.00778565,0.0078298,0.00967035
2012-12-31,0,0.00710191,0.007088,0.00809498,0.00967035
2013-01-02,0,0.00379658,0.00698533,0.00763052,0.00967035
2013-01-03,0,0.00331252,0.00676056,0.00791866,0.00967035
2013-01-04,0,0.00303955,0.00666122,0.00819931,0.00967035
2013-01-07,0,0.00670171,0.0068167,0.00754891,0.00967035
2013-01-08,0,0.00696837,0.00682347,0.0081215,0.00967035
2013-01-09,0,0.00810383,0.00669059,0.0068676,0.00967035
2013-01-10,0,0.00834374,0.00659331,0.00760255,0.00967035
2013-01-11,0,0.00781136,0.00662307,0.00745215,0.00967035
2013-01-14,0,0.00627481,0.00726067,0.00675683,0.00967035
2013-01-15,0,0.00666464,0.00730905,0.00768106,0.00967035
2013-01-16,0,0.00450953,0.00748255,0.00731591,0.00967035
2013-01-17,0,0.00472619,0.00753764,0.00759979,0.00967035
2013-01-18,0,0.00626973,0.00745962,0.00747398,0.00967035
2013-01-21,0,0.00609955,0.00733549,0.00795643,0.00967035
2013-01-22,0,0.00580793,0.00743334,0.00766264,0.00967035
2013-01-23,0,0.00580825,0.00727515,0.00774104,0.00967035
2013-01-24,0,0.00529619,0.00693985,0.00698803,0.00967035
2013-01-25,0,0.00291041,0.00719566,0.00724012,0.00967035
2013-01-28,0,0.00259828,0.00706017,0.00811846,0.00967035
2013-01-29,0,0.00274368,0.00700693,0.0073528,0.00967035
2013-01-30,0,0.00253289,0.00692016,0.00816625,0.00967035
2013-01-31,0,0.00253182,0.00694501,0.00747301,0.00967035
2013-02-01,0,0.00253273,0.00621173,0.00694485,0.00967035
2013-02-04,0,0.00268921,0.00616176,0.00758447,0.00967035
2013-02-05,0,0.00384232,0.00624573,0.00686457,0.00967035
2013-02-06,0,0.00402564,0.00616625,0.00760255,0.00967035
2013-02-07,0,0.00458264,0.00617709,0.00726076,0.00967035
2013-02-08,0,0.00386,0.00622357,0.00694485,0.00967035
2013-02-11,0,0.00398534,0.00624145,0.00765535,0.00967035
2013-02-12,0,0.00483774,0.00642323,0.00692351,0.00967035
2013-02-13,0,0.00479396,0.00586241,0.00760066,0.00967035
2013-02-14,0,0.00838046,0.00582435,0.00699429,0.00967035
2013-02-15,0,0.00839642,0.00547887,0.00760526,0.00967035
2013-02-18,0,0.00831079,0.00527789,0.00759523,0.00967035
2013-02-19,0,0.00881441,0.00551002,0.00729566,0.00967035
2013-02-20,0,0.0101266,0.00544214,0.00771739,0.00967035
2013-02-21,0,0.0108604,0.00634254,0.00768739,0.00967035
2013-02-22,0,0.0116586,0.00638927,0.00808182,0.00967035
2013-02-25,0,0.0113192,0.00641119,0.0081066,0.00967035
2013-02-26,0,0.0124514,0.00670557,0.00772289,0.00967035
2013-02-27,0,0.0124271,0.00697991,0.00792855,0.00967035
2013-02-28,0,0.00668294,0.0076889,0.00820699,0.00967035
2013-03-01,0,0.00749851,0.00782588,0.00778656,0.00967035
2013-03-04,0,0.006337,0.0078236,0.00801761,0.00967035
2013-03-05,0,0.00729451,0.00851348,0.00877448,0.00967035
2013-03-06,0,0.0098036,0.00863049,0.00845374,0.00967035
2013-03-07,0,0.0102048,0.00849537,0.00942839,0.00967035
2013-03-08,0,0.0077667,0.00892015,0.0088086,0.00967035
2013-03-11,0,0.00784423,0.00883919,0.0084475,0.00967035
2013-03-12,0,0.00950018,0.00887069,0.00859432,0.00967035
2013-03-13,0,0.00931026,0.00918801,0.0089455,0.00967035
2013-03-14,0,0.00396556,0.00934828,0.00911467,0.00967035
2013-03-15,0,0.0051467,0.00928422,0.00885388,0.00967035
2013-03-18,0,0.00554712,0.00928488,0.00888176,0.00967035
2013-03-19,0,0.00408348,0.00972499,0.00900884,0.00967035
2013-03-20,0,0.00510147,0.00977842,0.008797,0.00967035
2013-03-21,0,0.00410317,0.00930731,0.00823351,0.00967035
2013-03-22,0,0.00444845,0.00941845,0.00843563,0.00967035
2013-03-25,0,0.00853001,0.0091516,0.00844916,0.00967035
2013-03-26,0,0.0119884,0.00903275,0.00821141,0.00967035
2013-03-28,0,0.0107235,0.00930777,0.00886438,0.00967035
2013-04-01,0,0.00987146,0.00883209,0.00811829,0.00967035
2013-04-02,0,0.00644881,0.00888722,0.00891979,0.00967035
2013-04-03,0,0.0105814,0.00882542,0.00812549,0.00967035
2013-04-04,0,0.00811891,0.00939817,0.00900942,0.00967035
2013-04-05,0,0.00981896,0.00935243,0.00912597,0.00967035
2013-04-08,0,0.0104111,0.00878519,0.00872809,0.00967035
2013-04-09,0,0.0120513,0.00854533,0.0088414,0.00967035
2013-04-10,0,0.0120625,0.00894211,0.00904224,0.00967035
2013-04-11,0,0.013216,0.00842601,0.00862756,0.00967035
2013-04-12,0,0.00835622,0.00864101,0.00855461,0.00967035
2013-04-15,0,0.00954264,0.00886941,0.0096801,0.00967035
2013-04-16,0,0.0074918,0.00969298,0.00870213,0.00967035
2013-04-17,0,0.0098685,0.00947869,0.00821274,0.00967035
2013-04-18,0,0.00811845,0.00994199,0.00896648,0.00967035
2013-04-22,0,0.00771045,0.00978565,0.0092636,0.00967035
2013-04-23,0,0.00828187,0.00944928,0.00844318,0.00967035
2013-04-25,0,0.00900087,0.00939727,0.00805279,0.00967035
2013-04-26,0,0.00765746,0.00954773,0.00927978,0.00967035
2013-04-29,0,0.00861754,0.00946203,0.00862611,0.00967035
2013-04-30,0,0.00861902,0.00939804,0.00857683,0.00967035
2013-05-02,0,0.00815517,0.00953383,0.00840699,0.00967035
2013-05-03,0,0.00554132,0.00974007,0.00885094,0.00967035
2013-05-06,0,0.0120994,0.00966723,0.00942903,0.00967035
2013-05-07,0,0.0104147,0.00980226,0.0089892,0.00967035
2013-05-08,0,0.0159529,0.00941053,0.00867865,0.00967035
2013-05-09,0,0.0156321,0.00870846,0.00790251,0.00967035
2013-05-10,0,0.0155148,0.00845802,0.00895166,0.00967035
2013-05-13,0,0.0112362,0.00956623,0.00902204,0.00967035
2013-05-14,0,0.0126458,0.00925135,0.00854672,0.00967035
2013-05-15,0,0.00476228,0.00994261,0.00906823,0.00967035
2013-05-16,0,0.00886423,0.00993486,0.00932627,0.00967035
2013-05-17,0,0.00884957,0.00950495,0.00864855,0.00967035
2013-05-20,0,0.0137544,0.00950033,0.00923017,0.00967035
2013-05-21,0,0.0137688,0.00924537,0.00861503,0.00967035
2013-05-22,0,0.0136824,0.00887666,0.00821581,0.00967035
2013-05-23,0,0.00667516,0.00964507,0.00991127,0.00967035
2013-05-24,0,0.0143675,0.0095625,0.0097479,0.00967035
2013-05-27,0,0.0111789,0.0100536,0.00929085,0.00967035
2013-05-28,0,0.0100126,0.00990456,0.00925281,0.00967035
2013-05-29,0,0.0102902,0.00978887,0.00911176,0.00967035
2013-05-30,0,0.00957728,0.0095012,0.00961987,0.00967035
2013-05-31,0,0.00378934,0.0105519,0.0106288,0.00967035
2013-06-03,0,0.00306319,0.0103224,0.00982853,0.00967035
2013-06-04,0,0.0067465,0.0102049,0.0104743,0.00967035
2013-06-05,0,0.00609717,0.0101931,0.0100313,0.00967035
2013-06-06,0,0.00562084,0.00994477,0.00966417,0.00967035
2013-06-07,0,0.0132511,0.00954617,0.00956413,0.00967035
2013-06-10,0,0.0139595,0.00944775,0.00913,0.00967035
2013-06-11,0,0.0120995,0.0099061,0.0101574,0.00967035
2013-06-12,0,0.0116615,0.009486,0.00992251,0.00967035
2013-06-13,0,0.0179019,0.00952803,0.0089293,0.00967035
2013-06-14,0,0.0142878,0.00942442,0.00870552,0.00967035
2013-06-17,0,0.0128669,0.00953131,0.00920842,0.00967035
2013-06-18,0,0.01406,0.00947067,0.00858105,0.00967035
2013-06-19,0,0.0134448,0.00948639,0.00850312,0.00967035
2013-06-20,0,0.0110657,0.0105174,0.0104378,0.00967035
2013-06-21,0,0.0163973,0.0104455,0.0108904,0.00967035
2013-06-24,0,0.0121046,0.010087,0.0100568,0.00967035
2013-06-25,0,0.0143691,0.0101379,0.0100884,0.00967035
2013-06-26,0,0.0173535,0.009552,0.00875293,0.00967035
2013-06-27,0,0.0167306,0.00991936,0.0100956,0.00967035
2013-06-28,0,0.0113823,0.0111654,0.0114648,0.00967035
2013-07-01,0,0.0109271,0.0111384,0.0122616,0.00967035
2013-07-02,0,0.0116062,0.0107709,0.0102887,0.00967035
2013-07-03,0,0.00944353,0.0110099,0.0115165,0.00967035
2013-07-04,0,0.0121465,0.0111471,0.0125527,0.00967035
2013-07-05,0,0.0128257,0.0109927,0.0108384,0.00967035
2013-07-08,0,0.0102059,0.0110613,0.0105831,0.00967035
2013-07-09,0,0.013515,0.0111275,0.0100009,0.00967035
2013-07-10,0,0.0122395,0.0110842,0.010262,0.00967035
2013-07-11,0,0.00989212,0.0113314,0.0119143,0.00967035
2013-07-12,0,0.00862172,0.0114795,0.0120178,0.00967035
2013-07-15,0,0.00846545,0.0111824,0.0113093,0.00967035
2013-07-16,0,0.00506146,0.0112484,0.0121109,0.00967035
2013-07-17,0,0.00979751,0.0111682,0.0124402,0.00967035
2013-07-18,0,0.00959793,0.0110768,0.0113192,0.00967035
2013-07-19,0,0.00948286,0.0110385,0.0110804,0.00967035
2013-07-22,0,0.00913353,0.00988517,0.00967484,0.00967035
2013-07-23,0,0.00455734,0.0096708,0.00874081,0.00967035
2013-07-24,0,0.00537082,0.00998381,0.0107227,0.00967035
2013-07-25,0,0.00487494,0.0103188,0.0104573,0.00967035
2013-07-26,0,0.00473958,0.0103214,0.0107026,0.00967035
2013-07-29,0,0.00582049,0.0101751,0.00980081,0.00967035
2013-07-30,0,0.0106781,0.00910367,0.00915952,0.00967035
2013-07-31,0,0.0104743,0.00901914,0.00883578,0.00967035
2013-08-01,0,0.012765,0.00893045,0.00864493,0.00967035
2013-08-02,0,0.0139923,0.00871989,0.00829742,0.00967035
2013-08-05,0,0.0161494,0.00860762,0.00853944,0.00967035
2013-08-06,0,0.00705578,0.00956445,0.0103801,0.00967035
2013-08-07,0,0.0232913,0.00956843,0.00985423,0.00967035
2013-08-08,0,0.0236629,0.00965719,0.00923009,0.00967035
2013-08-12,0,0.0225465,0.00980355,0.00955389,0.00967035
2013-08-13,0,0.0186484,0.00956243,0.00987886,0.00967035
2013-08-14,0,0.0226349,0.00902146,0.00989924,0.00967035
2013-08-16,0,0.0169997,0.0112616,0.0112395,0.00967035
2013-08-19,0,0.014569,0.0113908,0.0112434,0.00967035
2013-08-20,0,0.0224266,0.0113098,0.0121095,0.00967035
2013-08-21,0,0.0209722,0.0111272,0.0114295,0.00967035
2013-08-22,0,0.0218447,0.0118384,0.011375,0.00967035
2013-08-23,0,0.0218312,0.0118937,0.0121592,0.00967035
2013-08-26,0,0.0227739,0.0116956,0.0117541,0.00967035
2013-08-27,0,0.0241527,0.0126137,0.0122741,0.00967035
2013-08-28,0,0.0252979,0.0125339,0.0125658,0.00967035
2013-08-29,0,0.0258428,0.013131,0.0127289,0.00967035
2013-08-30,0,0.0260895,0.0132606,0.0137793,0.00967035
2013-09-02,0,0.0294252,0.0133814,0.01347,0.00967035
2013-09-03,0,0.0128181,0.0142092,0.0130647,0.00967035
2013-09-04,0,0.01891,0.0145306,0.0135942,0.00967035
2013-09-05,0,0.0183897,0.0149411,0.0130755,0.00967035
2013-09-06,0,0.01848,0.015075,0.0136389,0.00967035
2013-09-10,0,0.00532823,0.0153724,0.0116178,0.00967035
2013-09-11,0,0.00684859,0.0147854,0.0129066,0.00967035
2013-09-12,0,0.0156379,0.0151339,0.0125029,0.00967035
2013-09-13,0,0.0194484,0.0150982,0.0118028,0.00967035
2013-09-16,0,0.022732,0.0149988,0.0117407,0.00967035
2013-09-17,0,0.0227386,0.014202,0.0109749,0.00967035
2013-09-18,0,0.0224414,0.0132703,0.0120083,0.00967035
2013-09-19,0,0.0102893,0.0140552,0.0119142,0.00967035
2013-09-20,0,0.00898043,0.0144409,0.0119857,0.00967035
2013-09-23,0,0.00754346,0.0145701,0.012025,0.00967035
2013-09-24,0,0.00941882,0.0144557,0.011463,0.00967035
2013-09-25,0,0.015031,0.0145005,0.0121305,0.00967035
2013-09-26,0,0.0150469,0.0139843,0.0120084,0.00967035
2013-09-27,0,0.0142151,0.0130303,0.0121227,0.00967035
2013-09-30,0,0.00932088,0.0131921,0.0118315,0.00967035
2013-10-01,0,0.00979883,0.0130915,0.0122987,0.00967035
2013-10-03,0,0.00559629,0.0135381,0.0122032,0.00967035
2013-10-04,0,0.00613975,0.0134725,0.0116828,0.00967035
2013-10-07,0,0.00547475,0.0121581,0.0116612,0.00967035
2013-10-08,0,0.00731642,0.011729,0.0117253,0.00967035
2013-10-09,0,0.00748693,0.0114221,0.0107427,0.00967035
2013-10-10,0,0.0125039,0.0110019,0.00996412,0.00967035
2013-10-11,0,0.0119071,0.00997065,0.0100781,0.00967035
2013-10-14,0,0.0120378,0.009927,0.0100698,0.00967035
2013-10-15,0,0.0120482,0.0099361,0.0104942,0.00967035
2013-10-17,0,0.0112041,0.0100294,0.0105726,0.00967035
2013-10-18,0,0.00258839,0.0106977,0.0115305,0.00967035
2013-10-21,0,0.00250237,0.0106718,0.0108663,0.00967035
2013-10-22,0,0.0107043,0.010654,0.011197,0.00967035
2013-10-23,0,0.0104996,0.00936082,0.010332,0.00967035
2013-10-24,0,0.0103351,0.00893413,0.0101474,0.00967035
2013-10-25,0,0.00970271,0.0076994,0.00822324,0.00967035
2013-10-28,0,0.010176,0.00780215,0.00896362,0.00967035
2013-10-29,0,0.00696872,0.00874996,0.0106408,0.00967035
2013-10-30,0,0.00649607,0.00874692,0.0103973,0.00967035
2013-10-31,0,0.00388228,0.00857793,0.0100715,0.00967035
2013-11-01,0,0.00218496,0.00789197,0.00921655,0.00967035
2013-11-05,0,0.00246396,0.00813902,0.00961013,0.00967035
2013-11-06,0,0.00273929,0.00754915,0.00831057,0.00967035
2013-11-07,0,0.00885182,0.00759044,0.00853897,0.00967035
2013-11-08,0,0.0142025,0.0075482,0.00861962,0.00967035
2013-11-11,0,0.012643,0.00754231,0.00829374,0.00967035
2013-11-12,0,0.0135231,0.0075182,0.00826543,0.00967035
2013-11-13,0,0.0172177,0.00758181,0.00836686,0.00967035
2013-11-14,0,0.0161575,0.00805701,0.00865414,0.00967035
2013-11-18,0,0.0154687,0.00896169,0.00990988,0.00967035
2013-11-19,0,0.0154523,0.00888731,0.00920122,0.00967035
2013-11-20,0,0.0147663,0.00911441,0.0101964,0.00967035
2013-11-21,0,0.010765,0.00895544,0.00959948,0.00967035
2013-11-22,0,0.0114315,0.00891211,0.00910984,0.00967035
2013-11-25,0,0.00861702,0.00948918,0.00986911,0.00967035
2013-11-26,0,0.00642394,0.0096648,0.00919018,0.00967035
2013-11-27,0,0.0080528,0.00964186,0.0091455,0.00967035
2013-11-28,0,0.00914273,0.00957732,0.009159,0.00967035
2013-11-29,0,0.00767455,0.00977215,0.00917128,0.00967035
2013-12-02,0,0.00987702,0.00923183,0.00948095,0.00967035
2013-12-03,0,0.0103432,0.00921671,0.0102995,0.00967035
2013-12-04,0,0.00969524,0.00929171,0.0100275,0.00967035
2013-12-05,0,0.0105777,0.00964481,0.00990257,0.00967035
2013-12-06,0,0.0113768,0.0095052,0.00987367,0.00967035
2013-12-09,0,0.00421555,0.0100241,0.0106053,0.00967035
2013-12-10,0,0.00457975,0.0100474,0.00980985,0.00967035
2013-12-11,0,0.0097381,0.00996598,0.0100798,0.00967035
2013-12-12,0,0.00914439,0.0100238,0.0105496,0.00967035
2013-12-13,0,0.010944,0.0100724,0.010297,0.00967035
2013-12-16,0,0.0105782,0.00958169,0.00887054,0.00967035
2013-12-17,0,0.0105812,0.00950879,0.0087645,0.00967035
2013-12-18,0,0.00946384,0.00957116,0.00917812,0.00967035
2013-12-19,0,0.00759566,0.0096646,0.00986737,0.00967035
2013-12-20,0,0.00368454,0.00992375,0.00955499,0.00967035
2013-12-23,0,0.00372,0.00916342,0.00889126,0.00967035
2013-12-24,0,0.0073189,0.00918781,0.00868756,0.00967035
2013-12-26,0,0.00710569,0.00856798,0.00875309,0.00967035
2013-12-27,0,0.00566317,0.00830391,0.00866057,0.00967035
2013-12-30,0,0.00567004,0.0081117,0.00787848,0.00967035
2013-12-31,0,0.00565744,0.00809056,0.00759692,0.00967035
2014-01-02,0,0.00252647,0.00845679,0.00772157,0.00967035
2014-01-03,0,0.00271583,0.0083681,0.00782427,0.00967035
2014-01-06,0,0.00804159,0.00828333,0.00782072,0.00967035
2014-01-07,0,0.00809009,0.00824068,0.007732,0.00967035
2014-01-08,0,0.00921196,0.00793165,0.00769631,0.00967035
2014-01-09,0,0.00910901,0.00761133,0.00724218,0.00967035
2014-01-10,0,0.0110529,0.00700143,0.00732951,0.00967035
2014-01-13,0,0.00874799,0.00797201,0.00840381,0.00967035
2014-01-14,0,0.00810576,0.00798949,0.00768519,0.00967035
2014-01-15,0,0.00601833,0.0080848,0.00778156,0.00967035
2014-01-16,0,0.00599905,0.00785154,0.00795849,0.00967035
2014-01-17,0,0.00743465,0.00811289,0.00859903,0.00967035
2014-01-20,0,0.0109018,0.00806124,0.00856572,0.00967035
2014-01-21,0,0.0104839,0.00773604,0.0077414,0.00967035
2014-01-22,0,0.00948846,0.00745748,0.00720634,0.00967035
2014-01-23,0,0.00836856,0.00677404,0.00777505,0.00967035
2014-01-24,0,0.00934624,0.00725097,0.00655996,0.00967035
2014-01-27,0,0.00673253,0.00832578,0.00924608,0.00967035
2014-01-28,0,0.00690991,0.00829977,0.00854872,0.00967035
2014-01-29,0,0.00768673,0.00817483,0.00820411,0.00967035
2014-01-30,0,0.00754466,0.00818787,0.00877763,0.00967035
2014-01-31,0,0.00781975,0.0082478,0.00812537,0.00967035
2014-02-03,0,0.00253988,0.00815967,0.00848911,0.00967035
2014-02-04,0,0.00233468,0.00817611,0.00772537,0.00967035
2014-02-05,0,0.00232353,0.00826569,0.00777295,0.00967035
2014-02-06,0,0.00738882,0.00826917,0.00761862,0.00967035
2014-02-07,0,0.00815097,0.00833538,0.00773179,0.00967035
2014-02-10,0,0.0100307,0.00790958,0.0071553,0.00967035
2014-02-11,0,0.0100418,0.00790301,0.00716775,0.00967035
2014-02-12,0,0.0115595,0.00741197,0.0070559,0.00967035
2014-02-13,0,0.00903904,0.00809633,0.00796078,0.00967035
2014-02-14,0,0.00890979,0.00789835,0.00842113,0.00967035
2014-02-18,0,0.00756104,0.00848061,0.00856636,0.00967035
2014-02-19,0,0.0077376,0.00840325,0.00861813,0.00967035
2014-02-20,0,0.00295768,0.00854629,0.00864981,0.00967035
2014-02-21,0,0.00636113,0.00870924,0.00829886,0.00967035
2014-02-24,0,0.00782737,0.00872082,0.00856541,0.00967035
2014-02-25,0,0.00780338,0.00867154,0.0081415,0.00967035
2014-02-26,0,0.00846759,0.00852427,0.00851542,0.00967035
2014-02-28,0,0.0106567,0.00721952,0.00664781,0.00967035
2014-03-03,0,0.00692916,0.00768834,0.00747947,0.00967035
2014-03-04,0,0.00901255,0.00802808,0.00734027,0.00967035
2014-03-05,0,0.00939702,0.00788329,0.00781306,0.00967035
2014-03-06,0,0.00959176,0.00808991,0.00738921,0.00967035
2014-03-07,0,0.00283934,0.00806802,0.00882396,0.00967035
2014-03-10,0,0.00290056,0.00788612,0.00821171,0.00967035
2014-03-11,0,0.00229905,0.00811542,0.00796373,0.00967035
2014-03-12,0,0.00372446,0.00817228,0.00830051,0.00967035
2014-03-13,0,0.00353311,0.0083087,0.00823151,0.00967035
2014-03-14,0,0.00721781,0.00780414,0.00737553,0.00967035
2014-03-18,0,0.00724767,0.00781168,0.00737604,0.00967035
2014-03-19,0,0.00722928,0.00776258,0.00748652,0.00967035
2014-03-20,0,0.00541801,0.00750349,0.00682534,0.00967035
2014-03-21,0,0.00521639,0.0075007,0.00751266,0.00967035
2014-03-24,0,0.00326376,0.00776442,0.00718362,0.00967035
2014-03-25,0,0.00300731,0.00777819,0.00814225,0.00967035
2014-03-26,0,0.00275071,0.00732258,0.00798922,0.00967035
2014-03-27,0,0.00393022,0.00711096,0.00701898,0.00967035
2014-03-28,0,0.00430961,0.00714438,0.00712841,0.00967035
2014-03-31,0,0.00425455,0.00699837,0.0075369,0.00967035
2014-04-01,0,0.00816405,0.00699281,0.00751595,0.00967035
2014-04-02,0,0.00807918,0.00694766,0.00684012,0.00967035
2014-04-03,0,0.00814271,0.00673394,0.00751447,0.00967035
2014-04-04,0,0.00818355,0.00678027,0.00688031,0.00967035
2014-04-07,0,0.00931557,0.00678107,0.00756233,0.00967035
2014-04-09,0,0.00951632,0.00718232,0.00749592,0.00967035
2014-04-10,0,0.00991427,0.00624989,0.00787406,0.00967035
2014-04-11,0,0.00974497,0.00636717,0.00780032,0.00967035
2014-04-15,0,0.00879042,0.0064846,0.00767748,0.00967035
2014-04-16,0,0.00875708,0.00686098,0.0076128,0.00967035
2014-04-17,0,0.00563311,0.00733067,0.00783876,0.00967035
2014-04-21,0,0.00493732,0.00739819,0.00781484,0.00967035
2014-04-22,0,0.00471961,0.00741381,0.00827194,0.00967035
2014-04-23,0,0.00332354,0.00738154,0.00750565,0.00967035
2014-04-25,0,0.00293643,0.00747794,0.00739013,0.00967035
2014-04-28,0,0.00358395,0.00738853,0.00758416,0.00967035
2014-04-29,0,0.00459931,0.00713496,0.0071979,0.00967035
2014-04-30,0,0.00473088,0.00725988,0.00754182,0.00967035
2014-05-02,0,0.0145324,0.00714156,0.00762602,0.00967035
2014-05-05,0,0.016138,0.00701702,0.00762326,0.00967035
2014-05-06,0,0.0157223,0.00694066,0.00755235,0.00967035
2014-05-07,0,0.0129343,0.00723365,0.00687648,0.00967035
2014-05-08,0,0.0127212,0.00728926,0.00774355,0.00967035
2014-05-09,0,0.00908582,0.00943081,0.00886104,0.00967035
2014-05-12,0,0.00577891,0.0101382,0.0087732,0.00967035
2014-05-13,0,0.0048379,0.0101797,0.00893979,0.00967035
2014-05-14,0,0.00570568,0.0100864,0.00822681,0.00967035
2014-05-15,0,0.00562513,0.00982634,0.00806639,0.00967035
2014-05-16,0,0.00601856,0.00977135,0.00880792,0.00967035
2014-05-19,0,0.00598703,0.00955181,0.00966472,0.00967035
2014-05-20,0,0.00705877,0.00939081,0.00832272,0.00967035
2014-05-21,0,0.00664793,0.00928712,0.0085483,0.00967035
2014-05-22,0,0.00933775,0.00905726,0.00839485,0.00967035
2014-05-23,0,0.00573616,0.00919886,0.0077476,0.00967035
2014-05-26,0,0.0115223,0.00924396,0.00880529,0.00967035
2014-05-27,0,0.011365,0.00944586,0.00875365,0.00967035
2014-05-28,0,0.0115472,0.00918389,0.00849745,0.00967035
2014-05-29,0,0.00820407,0.00965465,0.00820214,0.00967035
2014-05-30,0,0.00764873,0.00929681,0.00847987,0.00967035
2014-06-02,0,0.00600325,0.0098239,0.00909065,0.00967035
2014-06-03,0,0.00691068,0.00982026,0.00928333,0.00967035
2014-06-04,0,0.00754531,0.00988594,0.00849659,0.00967035
2014-06-05,0,0.00731633,0.00974858,0.00902455,0.00967035
2014-06-06,0,0.00875917,0.00948177,0.00888971,0.00967035
2014-06-09,0,0.00663309,0.00940262,0.0086965,0.00967035
2014-06-10,0,0.00990231,0.00848447,0.00812884,0.00967035
2014-06-11,0,0.0106848,0.00796683,0.00790232,0.00967035
2014-06-12,0,0.0103433,0.00772978,0.00772066,0.00967035
2014-06-13,0,0.0083615,0.00839603,0.00876002,0.00967035
2014-06-16,0,0.0083932,0.00831271,0.00823367,0.00967035
2014-06-17,0,0.0078035,0.00852055,0.00854942,0.00967035
2014-06-18,0,0.00633948,0.00873177,0.0094837,0.00967035
2014-06-19,0,0.00790242,0.00876084,0.00877183,0.00967035
2014-06-20,0,0.00785771,0.00868121,0.00832332,0.00967035
2014-06-23,0,0.00970001,0.0087272,0.00809729,0.00967035
2014-06-24,0,0.00853683,0.00864549,0.00785697,0.00967035
2014-06-25,0,0.00942427,0.00856213,0.00842243,0.00967035
2014-06-26,0,0.00648733,0.00878003,0.00796656,0.00967035
2014-06-27,0,0.00620474,0.00878622,0.0081201,0.00967035
2014-06-30,0,0.00472206,0.00871059,0.00892601,0.00967035
2014-07-01,0,0.0126137,0.00863968,0.00810688,0.00967035
2014-07-02,0,0.0106813,0.0083415,0.00813926,0.00967035
2014-07-03,0,0.0106385,0.00816443,0.00804462,0.00967035
2014-07-04,0,0.0102036,0.00814569,0.00791718,0.00967035
2014-07-07,0,0.008788,0.00793458,0.00715875,0.00967035
2014-07-08,0,0.00865064,0.00888494,0.0088003,0.00967035
2014-07-09,0,0.0108135,0.00868577,0.00886107,0.00967035
2014-07-10,0,0.0106542,0.00869043,0.00856905,0.00967035
2014-07-11,0,0.00566851,0.00896581,0.00931466,0.00967035
2014-07-14,0,0.00490466,0.00889006,0.00805815,0.00967035
2014-07-15,0,0.0051367,0.00876447,0.00847878,0.00967035
2014-07-16,0,0.00360905,0.00912475,0.00846632,0.00967035
2014-07-17,0,0.00337284,0.00883748,0.00868654,0.00967035
2014-07-18,0,0.00569547,0.00840891,0.00786404,0.00967035
2014-07-21,0,0.0069156,0.00835866,0.00768839,0.00967035
2014-07-22,0,0.00539482,0.00849272,0.00763855,0.00967035
2014-07-23,0,0.00649347,0.00834313,0.00777113,0.00967035
2014-07-24,0,0.00762512,0.00815708,0.00763628,0.00967035
2014-07-25,0,0.0106667,0.00841779,0.00823651,0.00967035
2014-07-28,0,0.0115196,0.00831929,0.00811688,0.00967035
2014-07-30,0,0.011687,0.0082499,0.00747192,0.00967035
2014-07-31,0,0.0112206,0.00822625,0.0082287,0.00967035
2014-08-01,0,0.00986949,0.00869201,0.00875148,0.00967035
2014-08-04,0,0.00904055,0.00889645,0.00901371,0.00967035
2014-08-05,0,0.0105357,0.00912527,0.00966757,0.00967035
2014-08-06,0,0.00920806,0.00925719,0.00880621,0.00967035
2014-08-07,0,0.00898122,0.00919667,0.0087836,0.00967035
2014-08-08,0,0.0043515,0.00848393,0.00874797,0.00967035
2014-08-11,0,0.0049009,0.0085269,0.00915931,0.00967035
2014-08-12,0,0.00507849,0.00886541,0.00896015,0.00967035
2014-08-13,0,0.00503959,0.00831785,0.0083853,0.00967035
2014-08-14,0,0.00478642,0.00834141,0.00909375,0.00967035
2014-08-18,0,0.00254543,0.0080752,0.00727351,0.00967035
2014-08-19,0,0.002258,0.00789021,0.00735296,0.00967035
2014-08-20,0,0.00202763,0.00794016,0.00742105,0.00967035
2014-08-21,0,0.00204916,0.00793985,0.00756384,0.00967035
2014-08-22,0,0.00402189,0.0079211,0.00737526,0.00967035
2014-08-25,0,0.00369678,0.0075306,0.0074307,0.00967035
2014-08-26,0,0.00275083,0.00747274,0.00737374,0.00967035
2014-08-27,0,0.00440619,0.00747607,0.0069455,0.00967035
2014-08-28,0,0.00496539,0.00741487,0.00735022,0.00967035
2014-09-01,0,0.00544147,0.0076852,0.00711828,0.00967035
2014-09-02,0,0.00565971,0.00769001,0.0075729,0.00967035
2014-09-03,0,0.00668924,0.00734918,0.00669727,0.00967035
2014-09-04,0,0.00662809,0.00672102,0.00742888,0.00967035
2014-09-05,0,0.00670266,0.00660508,0.00762728,0.00967035
2014-09-08,0,0.0043317,0.00673193,0.00656276,0.00967035
2014-09-09,0,0.00628979,0.00634774,0.00772931,0.00967035
2014-09-10,0,0.00775559,0.00664564,0.0077395,0.00967035
2014-09-11,0,0.0120429,0.00606969,0.00800514,0.00967035
2014-09-12,0,0.0120065,0.00601302,0.00803302,0.00967035
2014-09-15,0,0.0110867,0.00583838,0.00708871,0.00967035
2014-09-16,0,0.0119328,0.00670819,0.00689651,0.00967035
2014-09-17,0,0.0118819,0.00673261,0.00742762,0.00967035
2014-09-18,0,0.00819527,0.00735057,0.00808978,0.00967035
2014-09-19,0,0.00969249,0.00736241,0.00815891,0.00967035
2014-09-22,0,0.00910548,0.00729246,0.00807407,0.00967035
2014-09-23,0,0.00667093,0.00804552,0.00869435,0.00967035
2014-09-24,0,0.00668641,0.00804599,0.00816333,0.00967035
2014-09-25,0,0.00684086,0.00821388,0.00740523,0.00967035
2014-09-26,0,0.0049406,0.00837763,0.00907474,0.00967035
2014-09-29,0,0.00961051,0.00835344,0.00830672,0.00967035
2014-09-30,0,0.0111302,0.00822309,0.00822193,0.00967035
2014-10-01,0,0.0114272,0.00804417,0.00812854,0.00967035
2014-10-07,0,0.0100179,0.008156,0.00761913,0.00967035
2014-10-08,0,0.0121554,0.00806816,0.00777438,0.00967035
2014-10-09,0,0.00878633,0.00883076,0.00934447,0.00967035
2014-10-10,0,0.0101687,0.00911935,0.0088846,0.00967035
2014-10-13,0,0.0104483,0.00893417,0.00866303,0.00967035
2014-10-14,0,0.0106541,0.00887672,0.00870316,0.00967035
2014-10-16,0,0.00495198,0.00919426,0.00927097,0.00967035
2014-10-17,0,0.00490973,0.00915306,0.00861018,0.00967035
2014-10-20,0,0.00361041,0.00951818,0.00830564,0.00967035
2014-10-21,0,0.00413107,0.00952893,0.00896089,0.00967035
2014-10-22,0,0.00705983,0.00933387,0.00947459,0.00967035
2014-10-27,0,0.00683509,0.0089817,0.00804558,0.00967035
2014-10-28,0,0.00730586,0.00844677,0.00747494,0.00967035
2014-10-29,0,0.00807586,0.00844132,0.00859866,0.00967035
2014-10-30,0,0.0080332,0.00864303,0.00827379,0.00967035
2014-10-31,0,0.00098351,0.00885781,0.00884839,0.00967035
2014-11-03,0,0.00106904,0.00882784,0.00822729,0.00967035
2014-11-05,0,0.00222831,0.00852701,0.0080401,0.00967035
2014-11-07,0,0.00262593,0.00858991,0.00801934,0.00967035
2014-11-10,0,0.00304744,0.00858673,0.00816409,0.00967035
2014-11-11,0,0.00326126,0.00778398,0.00756634,0.00967035
2014-11-12,0,0.0043223,0.00779798,0.00766753,0.00967035
2014-11-13,0,0.00404401,0.00771089,0.00740729,0.00967035
2014-11-14,0,0.00535517,0.00776637,0.00725756,0.00967035
2014-11-17,0,0.00556103,0.00750221,0.00688136,0.00967035
2014-11-18,0,0.00723259,0.0069594,0.00761209,0.00967035
2014-11-19,0,0.00640028,0.00722613,0.00689436,0.00967035
2014-11-20,0,0.00639994,0.00712963,0.0075841,0.00967035
2014-11-21,0,0.00698667,0.00625937,0.00710103,0.00967035
2014-11-24,0,0.00712233,0.00628176,0.00729176,0.00967035
2014-11-25,0,0.00602659,0.00653611,0.00781603,0.00967035
2014-11-26,0,0.00602664,0.00647766,0.00813767,0.00967035
2014-11-27,0,0.00607003,0.00636743,0.00806932,0.00967035
2014-11-28,0,0.00324769,0.00655553,0.00683065,0.00967035
2014-12-01,0,0.00581683,0.00670642,0.00763817,0.00967035
2014-12-02,0,0.00707664,0.00669202,0.00749925,0.00967035
2014-12-03,0,0.00713416,0.0065102,0.00813716,0.00967035
2014-12-04,0,0.00582951,0.00540652,0.00783404,0.00967035
2014-12-05,0,0.00553236,0.00533092,0.00737495,0.00967035
2014-12-08,0,0.00563677,0.006109,0.0066549,0.00967035
2014-12-09,0,0.00800743,0.0066349,0.00658462,0.00967035
2014-12-10,0,0.0067179,0.00664535,0.00800561,0.00967035
2014-12-11,0,0.0126823,0.00674428,0.0075563,0.00967035
2014-12-12,0,0.0131475,0.00686581,0.00719656,0.00967035
2014-12-15,0,0.0141584,0.00686764,0.00787612,0.00967035
2014-12-16,0,0.0101647,0.00767009,0.00736738,0.00967035
2014-12-17,0,0.0119867,0.00750531,0.00712696,0.00967035
2014-12-18,0,0.00984429,0.00844728,0.00887953,0.00967035
2014-12-19,0,0.00945368,0.00863804,0.00944171,0.00967035
2014-12-22,0,0.00706349,0.00895412,0.00902232,0.00967035
2014-12-23,0,0.00681404,0.00874984,0.00930131,0.00967035
2014-12-24,0,0.00496894,0.0088603,0.00868082,0.00967035
2014-12-26,0,0.00598351,0.00875003,0.0086048,0.00967035
2014-12-29,0,0.0164898,0.00886349,0.00892473,0.00967035
2014-12-30,0,0.016398,0.00872505,0.00821943,0.00967035
2014-12-31,0,0.018564,0.00849107,0.00836315,0.00967035
2015-01-02,0,0.0173462,0.00874967,0.00794822,0.00967035
2015-01-05,0,0.0176601,0.0088134,0.00845331,0.00967035
2015-01-06,0,0.00792324,0.0104307,0.00891572,0.00967035
2015-01-07,0,0.00781585,0.0103826,0.00928973,0.00967035
2015-01-08,0,0.0117007,0.0109051,0.0106918,0.00967035
2015-01-09,0,0.0118321,0.0107847,0.0100443,0.00967035
2015-01-12,0,0.0118383,0.0106945,0.0103703,0.00967035
2015-01-13,0,0.0116796,0.0103398,0.00990244,0.00967035
2015-01-14,0,0.0102903,0.0102646,0.00964802,0.00967035
2015-01-15,0,0.00597773,0.0110648,0.0100953,0.00967035
2015-01-16,0,0.00559798,0.0111232,0.0105142,0.00967035
2015-01-19,0,0.00532499,0.0105611,0.00985631,0.00967035
2015-01-20,0,0.00344971,0.0107023,0.00999701,0.00967035
2015-01-21,0,0.00342481,0.0104254,0.0101932,0.00967035
2015-01-22,0,0.0101954,0.010137,0.00990326,0.00967035
2015-01-23,0,0.00933361,0.0100268,0.00964611,0.00967035
2015-01-27,0,0.00777617,0.00990009,0.00942703,0.00967035
2015-01-28,0,0.00746899,0.00940783,0.00866428,0.00967035
2015-01-29,0,0.00616077,0.00941496,0.00901453,0.00967035
2015-01-30,0,0.00200552,0.0104613,0.0102433,0.00967035
2015-02-02,0,0.00551143,0.0104317,0.0102544,0.00967035
2015-02-03,0,0.00740749,0.0104068,0.0101891,0.00967035
2015-02-04,0,0.00907956,0.0102552,0.00994488,0.00967035
2015-02-05,0,0.0105678,0.0101555,0.00981072,0.00967035
2015-02-06,0,0.010875,0.00813512,0.00783772,0.00967035
2015-02-09,0,0.00415464,0.00900853,0.00857011,0.00967035
2015-02-10,0,0.00401172,0.00880175,0.00839075,0.00967035
2015-02-11,0,0.00438294,0.00890063,0.00887396,0.00967035
2015-02-12,0,0.00669671,0.0090473,0.0089893,0.00967035
2015-02-13,0,0.00664053,0.00911689,0.00859078,0.00967035
2015-02-16,0,0.00666532,0.00867915,0.0076487,0.00967035
2015-02-18,0,0.00527878,0.00768139,0.00739233,0.00967035
2015-02-19,0,0.00512455,0.00772366,0.00704545,0.00967035
2015-02-20,0,0.0112747,0.00801897,0.00872294,0.00967035
2015-02-23,0,0.0109968,0.00768054,0.00781346,0.00967035
2015-02-24,0,0.0108071,0.00765314,0.00790296,0.00967035
2015-02-25,0,0.012366,0.00754261,0.0073999,0.00967035
2015-02-26,0,0.0102323,0.00754878,0.00708445,0.00967035
2015-02-27,0,0.0127193,0.00838105,0.00929246,0.00967035
2015-03-02,0,0.0097597,0.00866197,0.00876782,0.00967035
2015-03-03,0,0.00855444,0.00865528,0.00902969,0.00967035
2015-03-04,0,0.0108441,0.00831029,0.00926161,0.00967035
2015-03-05,0,0.011419,0.00823274,0.00860474,0.00967035
2015-03-09,0,0.00841184,0.00904143,0.00852218,0.00967035
2015-03-10,0,0.0100603,0.00896638,0.00878616,0.00967035
2015-03-11,0,0.0102613,0.0089105,0.00863459,0.00967035
2015-03-12,0,0.00905871,0.00906936,0.00902252,0.00967035
2015-03-13,0,0.00712788,0.00901753,0.00906034,0.00967035
2015-03-16,0,0.00713158,0.00886794,0.00854847,0.00967035
2015-03-17,0,0.0026187,0.00907676,0.0082467,0.00967035
2015-03-18,0,0.00288769,0.00896556,0.00903078,0.00967035
2015-03-19,0,0.00902494,0.00876847,0.00844104,0.00967035
2015-03-20,0,0.00950113,0.00873416,0.00893192,0.00967035
2015-03-23,0,0.0142736,0.00863481,0.00783853,0.00967035
2015-03-24,0,0.0142839,0.0082077,0.00769991,0.00967035
2015-03-25,0,0.01531,0.00821782,0.00771521,0.00967035
2015-03-26,0,0.00773591,0.00922747,0.0088265,0.00967035
2015-03-27,0,0.00770281,0.00924652,0.00843988,0.00967035
2015-03-30,0,0.00507188,0.00997455,0.00928767,0.00967035
2015-03-31,0,0.00412595,0.00987633,0.0088134,0.00967035
2015-04-01,0,0.00403807,0.00956308,0.0088728,0.00967035
2015-04-06,0,0.0035385,0.0090988,0.00920417,0.00967035
2015-04-07,0,0.0091419,0.00919298,0.00808805,0.00967035
2015-04-08,0,0.0100651,0.00903143,0.00811311,0.00967035
2015-04-09,0,0.0103934,0.00907218,0.00837983,0.00967035
2015-04-10,0,0.00942549,0.0083923,0.00752485,0.00967035
2015-04-13,0,0.00946252,0.00834262,0.00776151,0.00967035
2015-04-16,0,0.00922231,0.00907524,0.00886469,0.00967035
2015-04-17,0,0.00916582,0.00916518,0.00822828,0.00967035
2015-04-20,0,0.00725568,0.00942821,0.00921158,0.00967035
2015-04-21,0,0.00935615,0.0094565,0.00910798,0.00967035
2015-04-22,0,0.00811334,0.0093214,0.00842523,0.00967035
2015-04-23,0,0.00816691,0.00935642,0.00867463,0.00967035
2015-04-24,0,0.0123435,0.00945509,0.00807567,0.00967035
2015-04-27,0,0.0106491,0.00942262,0.00856716,0.00967035
2015-04-28,0,0.016414,0.00970301,0.00923697,0.00967035
2015-04-29,0,0.0164073,0.00967569,0.00961641,0.00967035
2015-04-30,0,0.0187037,0.00971595,0.0100611,0.00967035
2015-05-04,0,0.0182328,0.0097054,0.00917384,0.00967035
2015-05-05,0,0.0211813,0.0096793,0.00900333,0.00967035
2015-05-06,0,0.0177405,0.0102761,0.00935321,0.00967035
2015-05-07,0,0.0173927,0.0102792,0.0102536,0.00967035
2015-05-08,0,0.0160298,0.0105347,0.00995945,0.00967035
2015-05-11,0,0.0154327,0.0107682,0.01132,0.00967035
2015-05-12,0,0.00727214,0.0113455,0.0118803,0.00967035
2015-05-13,0,0.00609614,0.0114572,0.0122674,0.00967035
2015-05-14,0,0.00584579,0.0113368,0.0125639,0.00967035
2015-05-15,0,0.00584665,0.011352,0.0128813,0.00967035
2015-05-18,0,0.0066965,0.0115191,0.0117758,0.00967035
2015-05-19,0,0.00689543,0.010974,0.0104999,0.00967035
2015-05-20,0,0.00554582,0.0108346,0.0104621,0.00967035
2015-05-21,0,0.00545777,0.0104589,0.0100298,0.00967035
2015-05-22,0,0.0088627,0.0103944,0.0102164,0.00967035
2015-05-25,0,0.00695642,0.0105406,0.0098125,0.00967035
2015-05-26,0,0.0134049,0.0105633,0.0106716,0.00967035
2015-05-27,0,0.0140105,0.0103132,0.00981594,0.00967035
2015-05-28,0,0.0140931,0.0101548,0.00997246,0.00967035
2015-05-29,0,0.0102299,0.0104994,0.0104934,0.00967035
2015-06-01,0,0.00929387,0.0103834,0.010059,0.00967035
2015-06-02,0,0.00505871,0.0112887,0.012035,0.00967035
2015-06-03,0,0.00786088,0.011067,0.0122046,0.00967035
2015-06-04,0,0.0117683,0.0110768,0.0118559,0.00967035
2015-06-05,0,0.0121007,0.00998921,0.0099318,0.00967035
2015-06-08,0,0.0119924,0.0100573,0.00954272,0.00967035
2015-06-09,0,0.0121054,0.00939113,0.0090582,0.00967035
2015-06-10,0,0.0106663,0.00940323,0.00935385,0.00967035
2015-06-11,0,0.00304248,0.00927521,0.0088512,0.00967035
2015-06-12,0,0.00254564,0.00898776,0.00846901,0.00967035
2015-06-15,0,0.00460076,0.00902538,0.00870466,0.00967035
2015-06-16,0,0.00478018,0.00903404,0.00854288,0.00967035
2015-06-17,0,0.0067879,0.00868389,0.00912802,0.00967035
2015-06-18,0,0.00649374,0.00838869,0.00754389,0.00967035
2015-06-19,0,0.00724009,0.00830089,0.00796722,0.00967035
2015-06-22,0,0.00485571,0.00891122,0.00935834,0.00967035
2015-06-23,0,0.00551785,0.00891151,0.00884345,0.00967035
2015-06-24,0,0.00694905,0.00890375,0.0090216,0.00967035
2015-06-25,0,0.00693333,0.00894895,0.00915723,0.00967035
2015-06-26,0,0.00682745,0.00900154,0.00876209,0.00967035
2015-06-29,0,0.00395111,0.00895194,0.00889078,0.00967035
2015-06-30,0,0.00470161,0.00875881,0.00873244,0.00967035
2015-07-01,0,0.00905547,0.00902337,0.00816481,0.00967035
2015-07-02,0,0.00906347,0.00800714,0.00830047,0.00967035
2015-07-03,0,0.00888625,0.00762346,0.00791705,0.00967035
2015-07-06,0,0.01082,0.00742967,0.00689332,0.00967035
2015-07-07,0,0.0108264,0.00748729,0.00734314,0.00967035
2015-07-08,0,0.00644203,0.00822942,0.00873188,0.00967035
2015-07-09,0,0.00500586,0.00826243,0.00827014,0.00967035
2015-07-10,0,0.00571873,0.00804248,0.00824465,0.00967035
2015-07-13,0,0.00520482,0.0072658,0.0071538,0.00967035
2015-07-14,0,0.00747706,0.00733024,0.00818382,0.00967035
2015-07-15,1,0.00845974,0.00722494,0.0077595,0.00862394
2015-07-16,1,0.00785949,0.00717158,0.00675957,0.00862394
2015-07-17,1,0.00851947,0.00724148,0.00731048,0.00862394
2015-07-20,1,0.0112846,0.00710412,0.00809314,0.00862394
2015-07-21,1,0.0112057,0.00744196,0.00748347,0.00862394
2015-07-22,1,0.0085937,0.00738526,0.0068174,0.00862394
2015-07-23,1,0.0100916,0.00740411,0.00754117,0.00862394
2015-07-24,1,0.0121759,0.00755699,0.00784973,0.00862394
2015-07-27,1,0.00592078,0.00822801,0.00795314,0.00862394
2015-07-28,1,0.00597904,0.00822958,0.0075268,0.00862394
2015-07-29,1,0.00602954,0.00793768,0.00783031,0.00862394
2015-07-30,1,0.00606203,0.00802416,0.00782256,0.00862394
2015-07-31,1,0.00379032,0.00821046,0.00790929,0.00862394
2015-08-03,1,0.00443824,0.00775787,0.00843506,0.00862394
2015-08-04,1,0.00541809,0.00767394,0.00775936,0.00862394
2015-08-05,1,0.00585014,0.00767857,0.00821606,0.00862394
2015-08-06,1,0.00534088,0.00768325,0.00792261,0.00862394
2015-08-07,1,0.0124833,0.00702792,0.00521191,0.00862394
2015-08-10,1,0.0125042,0.00709581,0.00571665,0.00862394
2015-08-11,1,0.0120207,0.00728772,0.00693764,0.00862394
2015-08-12,1,0.0093429,0.00740117,0.00691589,0.00862394
2015-08-13,1,0.0124322,0.00735461,0.00678031,0.00862394
2015-08-14,1,0.00686064,0.00827494,0.00813524,0.00862394
2015-08-17,1,0.025831,0.00816085,0.0088296,0.00862394
2015-08-18,1,0.0277088,0.00813477,0.0077916,0.00862394
2015-08-19,1,0.0260915,0.00800773,0.00815329,0.00862394
2015-08-20,1,0.0310841,0.00835996,0.00792125,0.00862394
2015-08-21,1,0.0320351,0.00784542,0.00845901,0.00862394
2015-08-24,1,0.0120915,0.0119043,0.0130074,0.00862394
2015-08-25,1,0.0166636,0.0120057,0.0140168,0.00862394
2015-08-26,1,0.0163686,0.0118457,0.0141749,0.00862394
2015-08-27,1,0.0143787,0.0123429,0.013608,0.00862394
2015-08-28,1,0.0150997,0.0123934,0.0140483,0.00862394
2015-08-31,1,0.0148792,0.0115064,0.0125042,0.00862394
2015-09-01,1,0.0169752,0.0119118,0.0121939,0.00862394
2015-09-02,1,0.0183984,0.0118783,0.0132128,0.00862394
2015-09-03,1,0.0174168,0.011909,0.0125283,0.00862394
2015-09-04,1,0.0130953,0.012093,0.0126189,0.00862394
2015-09-07,1,0.00959594,0.0120878,0.0132748,0.00862394
2015-09-08,1,0.00967547,0.0124721,0.0135815,0.00862394
2015-09-09,1,0.0073494,0.0127806,0.0138917,0.00862394
2015-09-10,1,0.00723813,0.0127122,0.0137804,0.00862394
2015-09-11,1,0.0073691,0.0124078,0.0126438,0.00862394
2015-09-14,1,0.0126896,0.0121875,0.0129261,0.00862394
2015-09-15,1,0.0126845,0.0119764,0.0128805,0.00862394
2015-09-16,1,0.0119413,0.0118149,0.0129279,0.00862394
2015-09-18,1,0.0104853,0.0118866,0.0129972,0.00862394
2015-09-21,1,0.0115181,0.0118881,0.0126003,0.00862394
2015-09-22,1,0.00820056,0.0124878,0.0135159,0.00862394
2015-09-23,1,0.00829614,0.0124927,0.0138194,0.00862394
2015-09-24,1,0.01167,0.0104652,0.0105496,0.00862394
2015-09-28,1,0.00822912,0.0103722,0.0102472,0.00862394
2015-09-29,1,0.00860571,0.0103801,0.0102763,0.00862394
2015-09-30,1,0.00999182,0.00997927,0.0095429,0.00862394
2015-10-01,1,0.009742,0.00995254,0.010105,0.00862394
2015-10-05,1,0.00603269,0.0105304,0.0093547,0.00862394
2015-10-06,1,0.00572466,0.00979849,0.00981219,0.00862394
2015-10-07,1,0.00541897,0.0097253,0.0099807,0.00862394
2015-10-08,1,0.00646216,0.00976546,0.00978124,0.00862394
2015-10-09,1,0.00640287,0.00922798,0.0104072,0.00862394
2015-10-12,1,0.00519068,0.00872968,0.0088552,0.00862394
2015-10-13,1,0.00522659,0.00849598,0.00881477,0.00862394
2015-10-14,1,0.00475888,0.00823865,0.00785646,0.00862394
2015-10-15,1,0.00398228,0.00836715,0.00841532,0.00862394
2015-10-16,1,0.00413261,0.00838304,0.0087199,0.00862394
2015-10-19,1,0.00373636,0.00817027,0.0080918,0.00862394
2015-10-20,1,0.00476398,0.00811593,0.00748275,0.00862394
2015-10-21,1,0.00520501,0.00801529,0.00701205,0.00862394
2015-10-23,1,0.00184149,0.00781267,0.00694993,0.00862394
2015-10-26,1,0.00247927,0.00787232,0.00693476,0.00862394
2015-10-27,1,0.00380114,0.00708781,0.00654507,0.00862394
2015-10-28,1,0.00334707,0.00736398,0.0069058,0.00862394
2015-10-29,1,0.00448083,0.00752737,0.00697448,0.00862394
2015-10-30,1,0.00461023,0.00688374,0.00667408,0.00862394
2015-11-02,1,0.00466048,0.00701593,0.00681924,0.00862394
2015-11-03,1,0.00670942,0.00697125,0.00690595,0.00862394
2015-11-04,1,0.00668186,0.00692343,0.00677115,0.00862394
2015-11-05,1,0.00829095,0.00635519,0.00659244,0.00862394
2015-11-06,1,0.0089193,0.00630148,0.00680446,0.00862394
2015-11-09,1,0.0101524,0.00629103,0.00669871,0.00862394
2015-11-10,1,0.0103859,0.00696942,0.00710509,0.00862394
2015-11-13,1,0.0101191,0.00676057,0.00691308,0.00862394
2015-11-16,1,0.0100152,0.00696149,0.00656745,0.00862394
2015-11-17,1,0.00995552,0.00707361,0.00655312,0.00862394
2015-11-18,1,0.00671477,0.00743318,0.00690031,0.00862394
2015-11-19,1,0.00437271,0.00773677,0.0070114,0.00862394
2015-11-20,1,0.00464965,0.00758439,0.0067012,0.00862394
2015-11-23,1,0.00435452,0.00749224,0.0069344,0.00862394
2015-11-24,1,0.00456302,0.00718926,0.00737471,0.00862394
2015-11-26,1,0.00596542,0.00711738,0.00785029,0.00862394
2015-11-27,1,0.00536347,0.0069486,0.00728323,0.00862394
2015-11-30,1,0.00521354,0.00693107,0.00772814,0.00862394
2015-12-01,1,0.00370198,0.00691683,0.00735073,0.00862394
2015-12-02,1,0.00368392,0.00688482,0.00697161,0.00862394
2015-12-03,1,0.00860305,0.0069894,0.00744972,0.00862394
2015-12-04,1,0.0084448,0.00703896,0.00653016,0.00862394
2015-12-07,1,0.0095152,0.00700194,0.00680058,0.00862394
2015-12-08,1,0.00978512,0.00682243,0.00589516,0.00862394
2015-12-09,1,0.00748741,0.00693983,0.00556663,0.00862394
2015-12-10,1,0.00807826,0.00742864,0.00656516,0.00862394
2015-12-11,1,0.00851681,0.00746374,0.00742298,0.00862394
2015-12-14,1,0.00885845,0.00758409,0.00806906,0.00862394
2015-12-15,1,0.00996961,0.0073384,0.00734063,0.00862394
2015-12-16,1,0.0104951,0.00724221,0.00762851,0.00862394
2015-12-17,1,0.00921766,0.00745487,0.00743114,0.00862394
2015-12-18,1,0.00722174,0.00761046,0.00708799,0.00862394
2015-12-21,1,0.00671282,0.00749345,0.00710693,0.00862394
2015-12-22,1,0.00608865,0.00733395,0.00717961,0.00862394
2015-12-23,1,0.00507367,0.00745894,0.00686296,0.00862394
2015-12-24,1,0.0111318,0.00738489,0.00730689,0.00862394
2015-12-28,1,0.00977671,0.00733865,0.00841223,0.00862394
2015-12-29,1,0.00952121,0.00723174,0.00765181,0.00862394
2015-12-30,1,0.0123472,0.00712535,0.00712744,0.00862394
2015-12-31,1,0.0117755,0.00706183,0.00705523,0.00862394
2016-01-04,1,0.0101156,0.00801282,0.00766649,0.00862394
2016-01-05,1,0.00971023,0.00784489,0.0075583,0.00862394
2016-01-06,1,0.0116384,0.0077875,0.00820114,0.00862394
2016-01-07,1,0.00611836,0.00843921,0.00752126,0.00862394
2016-01-08,1,0.007322,0.00844141,0.00775482,0.00862394
2016-01-11,1,0.00805378,0.00829907,0.00767145,0.00862394
2016-01-12,1,0.0109667,0.00819597,0.00766206,0.00862394
2016-01-13,1,0.0113245,0.00827353,0.00786345,0.00862394
2016-01-14,1,0.0112539,0.00781955,0.00847861,0.00862394
2016-01-15,1,0.0155737,0.00805112,0.00683617,0.00862394
2016-01-18,1,0.0142311,0.00814348,0.00701627,0.00862394
2016-01-19,1,0.0132969,0.00846324,0.0072384,0.00862394
2016-01-20,1,0.00961942,0.00852271,0.00694021,0.00862394
2016-01-21,1,0.0105369,0.00846423,0.00764391,0.00862394
2016-01-22,1,0.0084788,0.00910063,0.00755513,0.00862394
2016-01-25,1,0.0114596,0.00904374,0.00807619,0.00862394
2016-01-27,1,0.0129002,0.00885592,0.00743512,0.00862394
2016-01-28,1,0.0133674,0.00864095,0.00775222,0.00862394
2016-01-29,1,0.0109975,0.0090538,0.00738248,0.00862394
2016-02-01,1,0.0121231,0.00890357,0.00857529,0.00862394
2016-02-02,1,0.0119058,0.00922548,0.00864498,0.00862394
2016-02-03,1,0.0116913,0.00932761,0.0100565,0.00862394
2016-02-04,1,0.0160035,0.00917411,0.0105582,0.00862394
2016-02-05,1,0.0123977,0.00921312,0.00988853,0.00862394
2016-02-08,1,0.0217195,0.00940727,0.00996966,0.00862394
2016-02-09,1,0.0220664,0.00912709,0.00975469,0.00862394
2016-02-10,1,0.0228518,0.00913868,0.00944713,0.00862394
2016-02-11,1,0.0153829,0.0102631,0.00955175,0.00862394
2016-02-12,1,0.0152332,0.0100704,0.0101261,0.00862394
2016-02-15,1,0.0108014,0.0110917,0.0115972,0.00862394
2016-02-16,1,0.0113431,0.0112286,0.0122124,0.00862394
2016-02-17,1,0.0121495,0.0112432,0.0124611,0.00862394
2016-02-18,1,0.0092085,0.0109868,0.0108806,0.00862394
2016-02-19,1,0.0108337,0.0108925,0.0109219,0.00862394
2016-02-22,1,0.00978068,0.0104742,0.00974036,0.00862394
2016-02-23,1,0.0184953,0.0106991,0.00935158,0.00862394
2016-02-24,1,0.0171896,0.0105379,0.0100643,0.00862394
2016-02-25,1,0.0144665,0.0103271,0.00966678,0.00862394
2016-02-26,1,0.0154689,0.0105356,0.00937015,0.00862394
2016-02-29,1,0.0137817,0.010466,0.00937503,0.00862394
2016-03-01,1,0.00863587,0.0116068,0.0124085,0.00862394
2016-03-02,1,0.00764837,0.0118475,0.0130633,0.00862394
2016-03-03,1,0.00455615,0.0117532,0.0133792,0.00862394
2016-03-04,1,0.00474051,0.0117128,0.0129452,0.00862394
2016-03-08,1,0.00718329,0.0115876,0.0124671,0.00862394
2016-03-09,1,0.00693502,0.0111479,0.0126066,0.00862394
2016-03-10,1,0.00632829,0.0109607,0.0125798,0.00862394
2016-03-11,1,0.00819834,0.0104656,0.0105535,0.00862394
2016-03-14,1,0.00950695,0.0104037,0.0102326,0.00862394
2016-03-15,1,0.00557846,0.0100084,0.00986661,0.00862394
2016-03-16,1,0.00631107,0.00996949,0.0103444,0.00862394
2016-03-17,1,0.0107007,0.00950416,0.0103969,0.00862394
2016-03-18,1,0.00939078,0.009465,0.00973976,0.00862394
2016-03-21,1,0.0112292,0.00963722,0.00915807,0.00862394
2016-03-22,1,0.0112251,0.00920818,0.0101253,0.00862394
2016-03-23,1,0.0113638,0.00929842,0.0095532,0.00862394
2016-03-28,1,0.00875621,0.00988597,0.00948894,0.00862394
2016-03-29,1,0.0139749,0.00946897,0.0100972,0.00862394
2016-03-30,1,0.0101103,0.0095569,0.00985579,0.00862394
2016-03-31,1,0.0101532,0.00944456,0.00999805,0.00862394
2016-04-01,1,0.0105308,0.00946452,0.0101248,0.00862394
2016-04-04,1,0.0132422,0.00918489,0.0105832,0.00862394
2016-04-05,1,0.00869437,0.00920961,0.00936963,0.00862394
2016-04-06,1,0.0109855,0.00857048,0.00727693,0.00862394
2016-04-07,1,0.00709608,0.00847402,0.00733916,0.00862394
2016-04-08,1,0.00744603,0.00849456,0.00727881,0.00862394
2016-04-11,1,0.00758981,0.00891553,0.00882204,0.00862394
2016-04-12,1,0.00838145,0.00863083,0.0076225,0.00862394
2016-04-13,1,0.00501605,0.00904992,0.00840346,0.00862394
2016-04-18,1,0.00728148,0.00879049,0.00850062,0.00862394
2016-04-20,1,0.00725635,0.0088115,0.00776294,0.00862394
2016-04-21,1,0.0110838,0.00864477,0.00774724,0.00862394
2016-04-22,1,0.011119,0.00869269,0.00847969,0.00862394
2016-04-25,1,0.0111181,0.00843934,0.00837455,0.00862394
2016-04-26,1,0.00748045,0.00868946,0.00793358,0.00862394
2016-04-27,1,0.00621172,0.00855052,0.00811478,0.00862394
2016-04-28,1,0.0047235,0.00919567,0.0100528,0.00862394
2016-04-29,1,0.00463024,0.00919708,0.0100362,0.00862394
2016-05-02,1,0.00969729,0.00900651,0.00851794,0.00862394
2016-05-03,1,0.008266,0.00882003,0.00898912,0.00862394
2016-05-04,1,0.0081905,0.00838774,0.00912152,0.00862394
2016-05-05,1,0.00829306,0.00822418,0.00864713,0.00862394
2016-05-06,1,0.0107292,0.00819821,0.00824205,0.00862394
2016-05-09,1,0.00754179,0.00893763,0.00863272,0.00862394
2016-05-10,1,0.00765609,0.00829443,0.00783168,0.00862394
2016-05-11,1,0.00733742,0.00832928,0.00821926,0.00862394
2016-05-12,1,0.0079419,0.00821048,0.00772371,0.00862394
2016-05-13,1,0.00676767,0.0084631,0.00717643,0.00862394
2016-05-16,1,0.00532607,0.0080378,0.00729033,0.00862394
2016-05-17,1,0.00484115,0.00797952,0.00716543,0.00862394
2016-05-18,1,0.0132503,0.00751407,0.0075591,0.00862394
2016-05-19,1,0.012405,0.00763453,0.00686887,0.00862394
2016-05-20,1,0.0105915,0.00755465,0.00785815,0.00862394
2016-05-23,1,0.0092305,0.00742717,0.00741216,0.00862394
2016-05-24,1,0.0104749,0.00738951,0.0071416,0.00862394
2016-05-25,1,0.00761036,0.00867384,0.0080717,0.00862394
2016-05-26,1,0.0047046,0.0087379,0.0082758,0.00862394
2016-05-27,1,0.00267081,0.0087384,0.00719751,0.00862394
2016-05-30,1,0.00307895,0.00828294,0.00786127,0.00862394
2016-05-31,1,0.00399751,0.00837075,0.00743814,0.00862394
2016-06-01,1,0.0040796,0.00799612,0.00782394,0.00862394
2016-06-02,1,0.00591468,0.00757029,0.00844958,0.00862394
2016-06-03,1,0.00611773,0.00717743,0.00664374,0.00862394
2016-06-06,1,0.0067143,0.00728461,0.00738197,0.00862394
2016-06-07,1,0.0041163,0.00744881,0.00790087,0.00862394
2016-06-08,1,0.00824347,0.00720847,0.00744119,0.00862394
2016-06-09,1,0.00816753,0.00755309,0.00848588,0.00862394
2016-06-10,1,0.0082902,0.00756184,0.00803274,0.00862394
2016-06-13,1,0.00777681,0.00768847,0.00876492,0.00862394
2016-06-14,1,0.00804575,0.00721549,0.00664588,0.00862394
2016-06-15,1,0.00624948,0.00771967,0.00745035,0.00862394
2016-06-16,1,0.00517308,0.007842,0.00841441,0.00862394
2016-06-17,1,0.0124312,0.0078184,0.00760049,0.00862394
2016-06-20,1,0.0112644,0.00759301,0.00807189,0.00862394
2016-06-21,1,0.0117876,0.0075801,0.00723304,0.00862394
2016-06-22,1,0.0128862,0.00743723,0.00766474,0.00862394
2016-06-23,1,0.0132367,0.0073497,0.00716026,0.00862394
2016-06-24,1,0.00389334,0.00805551,0.00804232,0.00862394
2016-06-27,1,0.002811,0.00758392,0.00772919,0.00862394
2016-06-28,1,0.0056835,0.00745656,0.00749609,0.00862394
2016-06-29,1,0.00542463,0.00763889,0.00807746,0.00862394
2016-06-30,1,0.0040755,0.0077939,0.00772489,0.00862394
2016-07-01,1,0.00848597,0.00708909,0.00567865,0.00862394
2016-07-04,1,0.0085632,0.00692777,0.00553398,0.00862394
2016-07-05,1,0.00781902,0.00731334,0.0066651,0.00862394
2016-07-07,1,0.0074718,0.00727624,0.00548844,0.00862394
2016-07-08,1,0.00771853,0.00703493,0.00534716,0.00862394
2016-07-11,1,0.0046168,0.00781873,0.00711531,0.00862394
2016-07-12,1,0.00374184,0.00769322,0.00727035,0.00862394
2016-07-13,1,0.00416185,0.00759595,0.00598108,0.00862394
2016-07-14,1,0.00450462,0.00746827,0.00771263,0.00862394
2016-07-15,1,0.00487675,0.00751456,0.00674936,0.00862394
2016-07-18,1,0.00627488,0.0071558,0.00514123,0.00862394
2016-07-19,1,0.00729215,0.00690821,0.00599703,0.00862394
2016-07-20,1,0.00717581,0.00694499,0.00628212,0.00862394
2016-07-21,1,0.0058755,0.00703136,0.00660186,0.00862394
2016-07-22,1,0.00662575,0.00700769,0.00600688,0.00862394
2016-07-25,1,0.00448242,0.00724073,0.00673939,0.00862394
2016-07-26,1,0.00363208,0.00734101,0.00740641,0.00862394
2016-07-27,1,0.00538596,0.00630969,0.00690142,0.00862394
2016-07-28,1,0.0038818,0.00622013,0.00723956,0.00862394
2016-07-29,1,0.00887822,0.00635407,0.00681397,0.00862394
2016-08-01,1,0.00889095,0.00609839,0.00717889,0.00862394
2016-08-02,1,0.00914974,0.00586518,0.00685084,0.00862394
2016-08-03,1,0.0100034,0.00626197,0.00670639,0.00862394
2016-08-04,1,0.0100191,0.00607733,0.00796687,0.00862394
2016-08-05,1,0.00709032,0.00679687,0.00696192,0.00862394
2016-08-08,1,0.00669466,0.00677061,0.00671306,0.00862394
2016-08-09,1,0.00737168,0.00682174,0.00639337,0.00862394
2016-08-10,1,0.00363907,0.00674063,0.00674485,0.00862394
2016-08-11,1,0.00466526,0.00667778,0.00680821,0.00862394
2016-08-16,1,0.00375631,0.00654308,0.00732505,0.00862394
2016-08-17,1,0.00368989,0.00648102,0.00731528,0.00862394
2016-08-18,1,0.00359627,0.00655701,0.00740648,0.00862394
2016-08-19,1,0.00353925,0.00619493,0.00809835,0.00862394
2016-08-22,1,0.00419085,0.00627618,0.00679183,0.00862394
2016-08-23,1,0.00847453,0.00610737,0.00759871,0.00862394
2016-08-24,1,0.00851996,0.00599522,0.00642944,0.00862394
2016-08-25,1,0.00719324,0.00607182,0.00673435,0.00862394
2016-08-26,1,0.00626518,0.00584528,0.00662292,0.00862394
2016-08-29,1,0.00745932,0.00590185,0.00630137,0.00862394
2016-08-30,1,0.00701164,0.00669695,0.00675249,0.00862394
2016-08-31,1,0.00699609,0.00668455,0.00696518,0.00862394
2016-09-01,1,0.00915594,0.00658193,0.00683779,0.00862394
2016-09-02,1,0.012386,0.00652439,0.00640621,0.00862394
2016-09-06,1,0.00855249,0.0069391,0.00684719,0.00862394
2016-09-07,1,0.00907102,0.00673955,0.00654568,0.00862394
2016-09-08,1,0.00915671,0.00673668,0.00625429,0.00862394
2016-09-09,1,0.00894878,0.00676576,0.00645849,0.00862394
2016-09-12,1,0.00307194,0.00747166,0.00760607,0.00862394
2016-09-14,1,0.00312298,0.00723077,0.00679,0.00862394
2016-09-15,1,0.0051689,0.00701313,0.00656542,0.00862394
2016-09-16,1,0.00588543,0.00703442,0.00666021,0.00862394
2016-09-19,1,0.00819686,0.00698409,0.00633808,0.00862394
2016-09-20,1,0.00814031,0.00647959,0.00605217,0.00862394
2016-09-21,1,0.00858392,0.00644909,0.00696558,0.00862394
2016-09-22,1,0.0087696,0.00682677,0.00639945,0.00862394
2016-09-23,1,0.00960514,0.00678338,0.00611831,0.00862394
2016-09-26,1,0.0118062,0.00723317,0.00706617,0.00862394
2016-09-27,1,0.0117979,0.00723315,0.00648893,0.00862394
2016-09-28,1,0.0117859,0.00719735,0.00707934,0.00862394
2016-09-29,1,0.00739136,0.00767443,0.00753139,0.00862394
2016-09-30,1,0.00762414,0.00770927,0.00800135,0.00862394
2016-10-03,1,0.00306956,0.00782079,0.00770795,0.00862394
2016-10-04,1,0.00654024,0.00780422,0.00750011,0.00862394
2016-10-05,1,0.00702651,0.00781396,0.0077652,0.00862394
2016-10-06,1,0.0072195,0.007549,0.00766361,0.00862394
2016-10-07,1,0.0126242,0.00718939,0.00673614,0.00862394
2016-10-10,1,0.0125996,0.00672597,0.00670626,0.00862394
2016-10-13,1,0.00967971,0.00737712,0.00774488,0.00862394
2016-10-14,1,0.00980214,0.00734282,0.00768803,0.00862394
2016-10-17,1,0.0082129,0.00707321,0.00782336,0.00862394
2016-10-18,1,0.00290591,0.00791272,0.00820346,0.00862394
2016-10-19,1,0.00504069,0.00791022,0.00804352,0.00862394
2016-10-20,1,0.00407222,0.00776469,0.00839709,0.00862394
2016-10-21,1,0.00457106,0.00774612,0.00764389,0.00862394
2016-10-24,1,0.00424133,0.00763909,0.00758877,0.00862394
2016-10-25,1,0.00656973,0.00706531,0.00725494,0.00862394
2016-10-26,1,0.00603317,0.00729153,0.00813466,0.00862394
2016-10-27,1,0.00587382,0.00716973,0.00709227,0.00862394
2016-10-28,1,0.00747503,0.00707391,0.00736724,0.00862394
2016-11-01,1,0.00847069,0.00703227,0.00756111,0.00862394
2016-11-02,1,0.0084854,0.00744732,0.00800294,0.00862394
2016-11-03,1,0.0101577,0.00703328,0.00664843,0.00862394
2016-11-04,1,0.0163627,0.00703872,0.0075909,0.00862394
2016-11-07,1,0.0169949,0.00690641,0.00729814,0.00862394
2016-11-08,1,0.0160126,0.00696982,0.00700767,0.00862394
2016-11-09,1,0.0161457,0.00720481,0.00711365,0.00862394
2016-11-10,1,0.0131554,0.00752986,0.00762632,0.00862394
2016-11-11,1,0.0107125,0.00870818,0.00756342,0.00862394
2016-11-15,1,0.00992568,0.00920564,0.00779831,0.00862394
2016-11-16,1,0.0103052,0.00901185,0.00788917,0.00862394
2016-11-17,1,0.0107174,0.00900576,0.00849466,0.00862394
2016-11-18,1,0.0144677,0.00884612,0.00780577,0.00862394
2016-11-21,1,0.00993437,0.00850916,0.00736972,0.00862394
2016-11-22,1,0.00968541,0.00864738,0.00796117,0.00862394
2016-11-23,1,0.0101356,0.00866226,0.00821531,0.00862394
2016-11-24,1,0.00874783,0.00870537,0.00974534,0.00862394
2016-11-25,1,0.00850902,0.00938518,0.00987208,0.00862394
2016-11-28,1,0.00889201,0.0091499,0.0104498,0.00862394
2016-11-29,1,0.00888674,0.00911879,0.0104111,0.00862394
2016-11-30,1,0.00698627,0.00925106,0.00946938,0.00862394
2016-12-01,1,0.0115173,0.00913091,0.010648,0.00862394
2016-12-02,1,0.00838059,0.00921774,0.0101524,0.00862394
2016-12-05,1,0.0107587,0.00920701,0.0109481,0.00862394
2016-12-06,1,0.0110162,0.00917826,0.0107882,0.00862394
2016-12-07,1,0.0109752,0.00901443,0.0107495,0.00862394
2016-12-08,1,0.00659813,0.00962991,0.00919606,0.00862394
2016-12-09,1,0.00623054,0.00937279,0.0109573,0.00862394
2016-12-12,1,0.00454331,0.00948735,0.00986086,0.00862394
2016-12-13,1,0.00123054,0.0094334,0.0103812,0.00862394
2016-12-14,1,0.000981801,0.00884365,0.0104919,0.00862394
2016-12-15,1,0.00343958,0.0079988,0.00820279,0.00862394
2016-12-16,1,0.00405951,0.00796713,0.00831545,0.00862394
2016-12-19,1,0.00487437,0.00779013,0.00818436,0.00862394
2016-12-20,1,0.0105416,0.00709003,0.00825147,0.00862394
2016-12-21,1,0.0105254,0.00660441,0.00742709,0.00862394
2016-12-22,1,0.00955113,0.00728503,0.00676518,0.00862394
2016-12-23,1,0.00989405,0.00734084,0.00779167,0.00862394
2016-12-26,1,0.00692863,0.00747629,0.00724018,0.00862394
2016-12-27,1,0.00500782,0.00780176,0.00764526,0.00862394
2016-12-28,1,0.00509631,0.0077626,0.00678948,0.00862394
2016-12-29,1,0.00549792,0.00782022,0.00787442,0.00862394
2016-12-30,1,0.00521253,0.00782575,0.00733832,0.00862394
2017-01-02,1,0.00523092,0.00760474,0.0074455,0.00862394
2017-01-03,1,0.0056927,0.00718815,0.00750171,0.00862394
2017-01-04,1,0.0065871,0.00716495,0.0071067,0.00862394
2017-01-05,1,0.00581703,0.00734826,0.0069458,0.00862394
2017-01-06,1,0.00507958,0.00729982,0.00699683,0.00862394
2017-01-09,1,0.00461311,0.0068146,0.00759674,0.00862394
2017-01-10,1,0.00508811,0.00692434,0.00768789,0.00862394
2017-01-11,1,0.00208107,0.00695787,0.00665969,0.00862394
2017-01-12,1,0.00183604,0.00681787,0.00712138,0.00862394
2017-01-13,1,0.00529158,0.00669638,0.00778074,0.00862394
2017-01-16,1,0.00594346,0.00660558,0.00745815,0.00862394
2017-01-17,1,0.0074564,0.00665337,0.00719385,0.00862394
2017-01-18,1,0.0094871,0.00617552,0.00716032,0.00862394
2017-01-19,1,0.00940795,0.0060844,0.00711977,0.00862394
2017-01-20,1,0.00600764,0.00679822,0.00641585,0.00862394
2017-01-23,1,0.00909202,0.00660668,0.00771583,0.00862394
2017-01-24,1,0.0109163,0.00683071,0.00698186,0.00862394
2017-01-25,1,0.00962416,0.00690984,0.00720122,0.00862394
2017-01-27,1,0.00962878,0.00658305,0.00781607,0.00862394
2017-01-30,1,0.00959945,0.00638969,0.00782715,0.00862394
2017-01-31,1,0.00827384,0.00678884,0.00786433,0.00862394
2017-02-01,1,0.00382025,0.00725221,0.00751395,0.00862394
2017-02-02,1,0.00379132,0.00716045,0.00720827,0.00862394
2017-02-03,1,0.00380024,0.00714426,0.00766152,0.00862394
2017-02-06,1,0.0022182,0.0071396,0.00788238,0.00862394
2017-02-07,1,0.00126786,0.00695325,0.00562474,0.00862394
2017-02-08,1,0.00394797,0.0064368,0.00691932,0.00862394
2017-02-09,1,0.0050854,0.0064144,0.00715712,0.00862394
2017-02-10,1,0.00554732,0.00639183,0.0067168,0.00862394
2017-02-13,1,0.00615569,0.00602389,0.00615587,0.00862394
2017-02-14,1,0.00591223,0.00574871,0.00616286,0.00862394
2017-02-15,1,0.00186562,0.0063946,0.00665211,0.00862394
2017-02-16,1,0.00208129,0.00654652,0.00649183,0.00862394
2017-02-17,1,0.0041182,0.00656177,0.00680382,0.00862394
2017-02-20,1,0.00330395,0.00659251,0.00700623,0.00862394
2017-02-21,1,0.00460551,0.00657452,0.00618025,0.00862394
2017-02-22,1,0.00521232,0.00577162,0.0059696,0.00862394
2017-02-23,1,0.00510333,0.00580174,0.00602721,0.00862394
2017-02-27,1,0.00567555,0.00609632,0.00662335,0.00862394
2017-02-28,1,0.00566421,0.00565586,0.00595524,0.00862394
2017-03-01,1,0.00473827,0.00585508,0.0064875,0.00862394
2017-03-02,1,0.00395442,0.0059964,0.00632722,0.00862394
2017-03-03,1,0.00392519,0.00577553,0.00657211,0.00862394
2017-03-06,1,0.00805283,0.00513526,0.00673388,0.00862394
2017-03-07,1,0.00785376,0.00516382,0.00593222,0.00862394
2017-03-08,1,0.0073378,0.00511086,0.00615934,0.00862394
2017-03-09,1,0.00727605,0.00492432,0.00665937,0.00862394
2017-03-10,1,0.00816043,0.00484741,0.00669713,0.00862394
2017-03-14,1,0.00413164,0.00586483,0.00666933,0.00862394
2017-03-15,1,0.00641358,0.00585987,0.00662483,0.00862394
2017-03-16,1,0.00595275,0.00591013,0.006892,0.00862394
2017-03-17,1,0.00615182,0.00590445,0.00684409,0.00862394
2017-03-20,1,0.00664097,0.00599904,0.00597945,0.00862394
2017-03-21,1,0.00756204,0.00548491,0.00691595,0.00862394
2017-03-22,1,0.00548243,0.00596274,0.00598521,0.00862394
2017-03-23,1,0.00513999,0.00592496,0.0063333,0.00862394
2017-03-24,1,0.00519589,0.00584222,0.00607009,0.00862394
2017-03-27,1,0.00274404,0.00601133,0.00673821,0.00862394
2017-03-28,1,0.00255138,0.00611666,0.006635,0.00862394
2017-03-29,1,0.00295966,0.00598783,0.00584981,0.00862394
2017-03-30,1,0.00508519,0.00589645,0.00540136,0.00862394
2017-03-31,1,0.00519822,0.00588356,0.00618277,0.00862394
2017-04-03,1,0.00490221,0.00561052,0.00554919,0.00862394
2017-04-05,1,0.00478883,0.00547874,0.00507486,0.00862394
2017-04-06,1,0.00510644,0.00553324,0.00634614,0.00862394
2017-04-07,1,0.00444976,0.0058466,0.00612567,0.00862394
2017-04-10,1,0.00458825,0.00585388,0.00564569,0.00862394
2017-04-11,1,0.002202,0.00582534,0.00585811,0.00862394
2017-04-12,1,0.00356597,0.0058703,0.00548863,0.00862394
2017-04-13,1,0.0027271,0.00600199,0.00574058,0.00862394
2017-04-17,1,0.00573101,0.00538681,0.00628308,0.00862394
2017-04-18,1,0.00565413,0.00544031,0.00579317,0.00862394
2017-04-19,1,0.00505624,0.00501544,0.00564719,0.00862394
2017-04-20,1,0.00583138,0.0052312,0.00578482,0.00862394
2017-04-21,1,0.00648222,0.00507963,0.00545722,0.00862394
2017-04-24,1,0.00530578,0.00565401,0.00604854,0.00862394
2017-04-25,1,0.00325477,0.00553894,0.00626297,0.00862394
2017-04-26,1,0.00335953,0.00542753,0.00609127,0.00862394
2017-04-27,1,0.00501996,0.00549269,0.00636705,0.00862394
2017-04-28,1,0.00502188,0.00544369,0.00617972,0.00862394
2017-05-02,1,0.005002,0.0052773,0.00625329,0.00862394
2017-05-03,1,0.00656978,0.00498736,0.00639416,0.00862394
2017-05-04,1,0.00633915,0.0050353,0.00592619,0.00862394
2017-05-05,1,0.00447671,0.00539764,0.00647413,0.00862394
2017-05-08,1,0.00459085,0.0053034,0.00575481,0.00862394
2017-05-09,1,0.00466402,0.00527829,0.00663619,0.00862394
2017-05-10,1,0.00355417,0.00560777,0.00634597,0.00862394
2017-05-11,1,0.00675279,0.00544974,0.00626015,0.00862394
2017-05-12,1,0.00662715,0.00532328,0.00616093,0.00862394
2017-05-15,1,0.00624718,0.00530894,0.00617935,0.00862394
2017-05-16,1,0.00503752,0.00534571,0.0065696,0.00862394
2017-05-17,1,0.00451002,0.00508365,0.0061691,0.00862394
2017-05-18,1,0.00829183,0.00567913,0.00613321,0.00862394
2017-05-19,1,0.00876641,0.0056111,0.0064968,0.00862394
2017-05-22,1,0.00877174,0.00557187,0.00630094,0.00862394
2017-05-23,1,0.00736138,0.00559294,0.00588022,0.00862394
2017-05-24,1,0.00678815,0.00556409,0.00578993,0.00862394
2017-05-25,1,0.00389615,0.00613263,0.00671255,0.00862394
2017-05-26,1,0.00182534,0.00614435,0.00642508,0.00862394
2017-05-29,1,0.00187341,0.00611663,0.00642606,0.00862394
2017-05-30,1,0.00298207,0.00601949,0.00607102,0.00862394
2017-05-31,1,0.00314508,0.0059183,0.00657868,0.00862394
2017-06-01,1,0.00331941,0.00569153,0.0066146,0.00862394
2017-06-02,1,0.00297319,0.00538262,0.00498789,0.00862394
2017-06-05,1,0.00361729,0.00536773,0.00516045,0.00862394
2017-06-06,1,0.00329016,0.00543172,0.00548588,0.00862394
2017-06-07,1,0.00293514,0.00545145,0.00570002,0.00862394
2017-06-08,1,0.0032818,0.00549503,0.00575471,0.00862394
2017-06-09,1,0.00299705,0.00524216,0.0058875,0.00862394
2017-06-12,1,0.00416559,0.00541961,0.00577395,0.00862394
2017-06-13,1,0.00411008,0.00535649,0.0060476,0.00862394
2017-06-14,1,0.00431936,0.00528107,0.00598695,0.00862394
2017-06-15,1,0.00360468,0.0052826,0.00573483,0.00862394
2017-06-16,1,0.00472309,0.0052457,0.00609702,0.00862394
2017-06-19,1,0.00296984,0.00517007,0.00642622,0.00862394
2017-06-20,1,0.00267605,0.0051599,0.00673378,0.00862394
2017-06-21,1,0.00342953,0.00520422,0.00608432,0.00862394
2017-06-22,1,0.00389535,0.00501404,0.00667521,0.00862394
2017-06-23,1,0.00606289,0.005202,0.00616546,0.00862394
2017-06-27,1,0.00456874,0.00451442,0.00619683,0.00862394
2017-06-28,1,0.00391318,0.00417335,0.00534397,0.00862394
2017-06-29,1,0.00379803,0.00425437,0.00617674,0.00862394
2017-06-30,1,0.00427095,0.00427856,0.00602443,0.00862394
2017-07-03,1,0.00467219,0.0048409,0.00624111,0.00862394
2017-07-04,1,0.00441691,0.00474119,0.00647636,0.00862394
2017-07-05,1,0.00439168,0.00464397,0.00613678,0.00862394
2017-07-06,1,0.00474816,0.00466733,0.00578598,0.00862394
2017-07-07,1,0.00464752,0.00464955,0.00647334,0.00862394
2017-07-10,1,0.00302103,0.00503045,0.00616041,0.00862394
2017-07-11,1,0.00622296,0.00498472,0.00619113,0.00862394
2017-07-12,1,0.0068669,0.00499192,0.00589183,0.00862394
2017-07-13,1,0.00613368,0.00503671,0.00659293,0.00862394
2017-07-14,1,0.00646453,0.00502399,0.00694172,0.00862394
2017-07-17,1,0.0067315,0.0048754,0.00583431,0.00862394
2017-07-18,1,0.00409145,0.00537237,0.00642788,0.00862394
2017-07-19,1,0.00365858,0.00548704,0.00717076,0.00862394
2017-07-20,1,0.00283619,0.00537355,0.00621592,0.00862394
2017-07-21,1,0.00310461,0.00541139,0.006336,0.00862394
2017-07-24,1,0.00340393,0.00543702,0.00670501,0.00862394
2017-07-25,1,0.00315603,0.00523408,0.00646255,0.00862394
2017-07-26,1,0.00375754,0.00509368,0.00596367,0.00862394
2017-07-27,1,0.00522764,0.00480567,0.006118,0.00862394
2017-07-28,1,0.00572939,0.0048015,0.00681837,0.00862394
2017-07-31,1,0.00494598,0.00485137,0.00613458,0.00862394
2017-08-01,1,0.00524475,0.00482585,0.00572148,0.00862394
2017-08-02,1,0.00561233,0.0048307,0.00579635,0.00862394
2017-08-03,1,0.0059955,0.00515026,0.00644612,0.00862394
2017-08-04,1,0.00384638,0.00521876,0.00635225,0.00862394
2017-08-07,1,0.00789644,0.00517086,0.00643142,0.00862394
2017-08-08,1,0.0103023,0.0054186,0.00651497,0.00862394
2017-08-09,1,0.00985011,0.00538131,0.00675371,0.00862394
2017-08-10,1,0.00940776,0.00563132,0.00622608,0.00862394
2017-08-11,1,0.00861525,0.00568225,0.00576462,0.00862394
2017-08-14,1,0.00754082,0.00603679,0.00642562,0.00862394
2017-08-16,1,0.00696179,0.00640007,0.00622099,0.00862394
2017-08-17,1,0.00694932,0.0063517,0.00706923,0.00862394
2017-08-18,1,0.00656002,0.0062792,0.00674723,0.00862394
2017-08-21,1,0.00788419,0.00620941,0.00656728,0.00862394
2017-08-22,1,0.00869356,0.0061239,0.00627385,0.00862394
2017-08-23,1,0.00799525,0.00622368,0.00620399,0.00862394
2017-08-24,1,0.00819288,0.00617029,0.00673609,0.00862394
2017-08-28,1,0.00870364,0.0062145,0.0063204,0.00862394
2017-08-29,1,0.00566402,0.00648782,0.00623546,0.00862394
2017-08-30,1,0.00521531,0.00670223,0.00623007,0.00862394
2017-08-31,1,0.00502561,0.00668603,0.00581623,0.00862394
2017-09-01,1,0.00406597,0.00668953,0.00644264,0.00862394
2017-09-04,1,0.00401655,0.00674686,0.00650568,0.00862394
2017-09-05,1,0.00504471,0.00656378,0.00554741,0.00862394
2017-09-06,1,0.00438157,0.00648601,0.00535679,0.00862394
2017-09-07,1,0.00446121,0.00641545,0.00587487,0.00862394
2017-09-08,1,0.00455904,0.00631806,0.00662606,0.00862394
2017-09-11,1,0.00445906,0.00631746,0.00592162,0.00862394
2017-09-12,1,0.00322699,0.00644755,0.00590684,0.00862394
2017-09-13,1,0.00310276,0.00624221,0.00600106,0.00862394
2017-09-14,1,0.00341461,0.00597091,0.00681819,0.00862394
2017-09-15,1,0.00815281,0.00589435,0.00624192,0.00862394
2017-09-18,1,0.00668844,0.00578354,0.00618876,0.00862394
2017-09-19,1,0.00677302,0.00565404,0.00656756,0.00862394
2017-09-20,1,0.00696602,0.0055067,0.00662127,0.00862394
2017-09-21,1,0.00841151,0.00533894,0.00599199,0.00862394
2017-09-22,1,0.00757756,0.00636404,0.00664212,0.00862394
2017-09-25,1,0.00804854,0.00634159,0.0060798,0.00862394
2017-09-26,1,0.00847059,0.00634703,0.00640186,0.00862394
2017-09-27,1,0.00379188,0.00663026,0.00610009,0.00862394
2017-09-28,1,0.00467225,0.00653176,0.00590888,0.00862394
2017-09-29,1,0.004829,0.00633596,0.0059893,0.00862394
2017-10-03,1,0.0044966,0.00645188,0.00680829,0.00862394
2017-10-04,1,0.00500367,0.00647996,0.00652185,0.00862394
2017-10-05,1,0.00591918,0.00603773,0.0059213,0.00862394
2017-10-06,1,0.0055305,0.00626541,0.00592184,0.00862394
2017-10-09,1,0.0053605,0.00625444,0.00639967,0.00862394
2017-10-10,1,0.00569064,0.00622007,0.00573329,0.00862394
2017-10-11,1,0.00539859,0.00629222,0.00543768,0.00862394
2017-10-12,1,0.00566272,0.00651068,0.00583812,0.00862394
2017-10-13,1,0.00493989,0.0064286,0.00627789,0.00862394
2017-10-16,1,0.00398592,0.00645817,0.00590029,0.00862394
2017-10-17,1,0.00571215,0.00648422,0.0064553,0.00862394
2017-10-18,1,0.00549538,0.00647094,0.00581791,0.00862394
2017-10-19,1,0.00383771,0.0065018,0.00619246,0.00862394
2017-10-23,1,0.00384163,0.00646088,0.00535765,0.00862394
2017-10-24,1,0.00477554,0.00636047,0.00585022,0.00862394
2017-10-25,1,0.00529971,0.0066345,0.00606745,0.00862394
2017-10-26,1,0.00548172,0.00615662,0.00597647,0.00862394
2017-10-27,1,0.00511215,0.00578066,0.00584243,0.00862394
2017-10-30,1,0.00514407,0.00577782,0.00561605,0.00862394
2017-10-31,1,0.00720748,0.00528411,0.00611671,0.00862394
2017-11-01,1,0.00477708,0.00547815,0.00613591,0.00862394
2017-11-02,1,0.004989,0.00554119,0.00611031,0.00862394
2017-11-03,1,0.00464755,0.00546087,0.00601294,0.00862394
2017-11-06,1,0.00525753,0.00544262,0.00638223,0.00862394
2017-11-07,1,0.00432247,0.00589293,0.00626447,0.00862394
2017-11-08,1,0.00459949,0.00567221,0.0059774,0.00862394
2017-11-09,1,0.00747757,0.00566189,0.00673499,0.00862394
2017-11-10,1,0.0083868,0.0056161,0.00615847,0.00862394
2017-11-13,1,0.00683989,0.00587328,0.00591046,0.00862394
2017-11-14,1,0.00619248,0.00560604,0.00566165,0.00862394
2017-11-15,1,0.00358227,0.00562902,0.006348,0.00862394
2017-11-16,1,0.00241774,0.00595192,0.00631588,0.00862394
2017-11-17,1,0.00129916,0.00610579,0.00684521,0.00862394
2017-11-20,1,0.00137666,0.00598985,0.00611369,0.00862394
2017-11-21,1,0.00242662,0.00585486,0.0059515,0.00862394
2017-11-22,1,0.00249574,0.00560276,0.00590154,0.00862394
2017-11-23,1,0.00648729,0.00540502,0.00576112,0.00862394
2017-11-24,1,0.00613349,0.00504674,0.00506955,0.00862394
2017-11-27,1,0.00604442,0.00502686,0.00547174,0.00862394
2017-11-28,1,0.00629082,0.00524577,0.00523321,0.00862394
2017-11-29,1,0.00590218,0.00521537,0.00568946,0.00862394
2017-11-30,1,0.0086838,0.00598701,0.0062922,0.00862394
2017-12-01,1,0.00800788,0.00591255,0.00586861,0.00862394
2017-12-04,1,0.00796632,0.00591389,0.00670028,0.00862394
2017-12-05,1,0.00949242,0.00589538,0.00619809,0.00862394
2017-12-06,1,0.00884686,0.00593336,0.00658213,0.00862394
2017-12-07,1,0.00756047,0.0063394,0.00646279,0.00862394
2017-12-08,1,0.00711285,0.00648163,0.0061602,0.00862394
2017-12-11,1,0.00709225,0.00653831,0.00634887,0.00862394
2017-12-12,1,0.00509433,0.00673966,0.00659072,0.00862394
2017-12-13,1,0.00387435,0.0065899,0.00641513,0.00862394
2017-12-14,1,0.0044472,0.00655267,0.00636878,0.00862394
2017-12-15,1,0.00391816,0.00653326,0.00657462,0.00862394
2017-12-18,1,0.00374,0.00644095,0.00645775,0.00862394
2017-12-19,1,0.00373681,0.00624848,0.0061464,0.00862394
2017-12-20,1,0.00365243,0.00611338,0.00590007,0.00862394
2017-12-21,1,0.00405268,0.00616886,0.00661893,0.00862394
2017-12-22,1,0.00551647,0.00609378,0.00571615,0.00862394
2017-12-26,1,0.00497127,0.00608744,0.0055714,0.00862394
2017-12-27,1,0.00574963,0.00610809,0.00556405,0.00862394
2017-12-28,1,0.00603285,0.0060935,0.0061081,0.00862394
2017-12-29,1,0.00620702,0.0061533,0.00566227,0.00862394
2018-01-02,1,0.00280958,0.00643764,0.00609454,0.00862394
2018-01-03,1,0.00298976,0.00605962,0.00630947,0.00862394
2018-01-04,1,0.00275606,0.00591262,0.0060365,0.00862394
2018-01-05,1,0.00243546,0.0059565,0.00613601,0.00862394
2018-01-08,1,0.00224868,0.00598619,0.00631878,0.00862394
2018-01-09,1,0.00355816,0.00543984,0.00562062,0.00862394
2018-01-10,1,0.0045311,0.00525995,0.0066364,0.00862394
2018-01-11,1,0.00449375,0.00507313,0.00563141,0.00862394
2018-01-12,1,0.00483435,0.00499386,0.00525782,0.00862394
2018-01-15,1,0.00492947,0.00474014,0.00531384,0.00862394
2018-01-16,1,0.00292025,0.00486378,0.00577946,0.00862394
2018-01-17,1,0.00408175,0.00503106,0.00653993,0.00862394
2018-01-18,1,0.00507974,0.0049274,0.00613962,0.00862394
2018-01-19,1,0.00492261,0.00499733,0.00657755,0.00862394
2018-01-22,1,0.00684263,0.00499028,0.00643245,0.00862394
2018-01-23,1,0.004583,0.00496766,0.00574269,0.00862394
2018-01-24,1,0.00453445,0.00507954,0.00647095,0.00862394
2018-01-25,1,0.0109729,0.00518985,0.00607195,0.00862394
2018-01-29,1,0.00903732,0.00518593,0.00614123,0.00862394
2018-01-30,1,0.00955151,0.00547853,0.00716447,0.00862394
2018-01-31,1,0.00953722,0.00533755,0.00602339,0.00862394
2018-02-01,1,0.0127133,0.00533907,0.00634477,0.00862394
2018-02-02,1,0.00991269,0.00691028,0.00655062,0.00862394
2018-02-05,1,0.0113876,0.00697819,0.00649264,0.00862394
2018-02-06,1,0.00877487,0.00740063,0.00770568,0.00862394
2018-02-07,1,0.00884842,0.00736796,0.00724436,0.00862394
2018-02-08,1,0.00839604,0.00759449,0.00830797,0.00862394
2018-02-09,1,0.00733492,0.00763684,0.00783158,0.00862394
2018-02-12,1,0.00511974,0.00780607,0.00841145,0.00862394
2018-02-14,1,0.00598462,0.00765116,0.00768566,0.00862394
2018-02-15,1,0.00496254,0.0076639,0.00790528,0.00862394
2018-02-16,1,0.00657935,0.00767673,0.00787859,0.00862394
2018-02-19,1,0.00559266,0.00764184,0.00846641,0.00862394
2018-02-20,1,0.0058402,0.00733706,0.00781513,0.00862394
2018-02-21,1,0.0072434,0.0074341,0.00845962,0.00862394
2018-02-22,1,0.00749736,0.00723422,0.00761685,0.00862394
2018-02-23,1,0.00683423,0.00750189,0.00776422,0.00862394
2018-02-26,2,0.00359695,0.0071527,0.00815845,0.00784094
2018-02-27,2,0.00306484,0.00716744,0.00767084,0.00784094
2018-02-28,2,0.00807637,0.00725111,0.00797519,0.00784094
2018-03-01,2,0.00819642,0.00716247,0.00758946,0.00784094
2018-03-05,2,0.0125043,0.0071739,0.00804991,0.00784094
2018-03-06,2,0.010733,0.00697513,0.00700624,0.00784094
2018-03-07,2,0.00881319,0.00694236,0.00737044,0.00784094
2018-03-08,2,0.00946026,0.00699193,0.00828631,0.00784094
2018-03-09,2,0.0126239,0.00691563,0.00720177,0.00784094
2018-03-12,2,0.00670277,0.0074297,0.00683802,0.00784094
2018-03-13,2,0.00738939,0.00734056,0.00706144,0.00784094
2018-03-14,2,0.00829275,0.00710922,0.00703964,0.00784094
2018-03-15,2,0.00830461,0.00699069,0.00775957,0.00784094
2018-03-16,2,0.00691907,0.00737364,0.00697661,0.00784094
2018-03-19,2,0.00921671,0.0071785,0.00816301,0.00784094
2018-03-20,2,0.00941174,0.00719656,0.00770919,0.00784094
2018-03-21,2,0.00995989,0.00720885,0.00748134,0.00784094
2018-03-22,2,0.0107137,0.00717508,0.00778571,0.00784094
2018-03-23,2,0.00765127,0.00724668,0.00818888,0.00784094
2018-03-26,2,0.00881269,0.00765115,0.00802797,0.00784094
2018-03-27,2,0.0124022,0.00771339,0.0079345,0.00784094
2018-03-28,2,0.0113402,0.00762113,0.00795174,0.00784094
2018-04-02,2,0.0109589,0.00769618,0.00783488,0.00784094
2018-04-03,2,0.010969,0.00754898,0.00804681,0.00784094
2018-04-04,2,0.00775682,0.0077361,0.00753712,0.00784094
2018-04-05,2,0.00168511,0.00842841,0.0080959,0.00784094
2018-04-06,2,0.001357,0.00828679,0.00763062,0.00784094
2018-04-09,2,0.0013361,0.00815824,0.00785181,0.00784094
2018-04-10,2,0.00137415,0.00804508,0.00751024,0.00784094
2018-04-11,2,0.00262034,0.00780121,0.00738252,0.00784094
2018-04-12,2,0.00257423,0.00708149,0.00760041,0.00784094
2018-04-13,2,0.00274465,0.00661774,0.00647282,0.00784094
2018-04-16,2,0.00224519,0.00663052,0.0068314,0.00784094
2018-04-17,2,0.00235901,0.00663873,0.00649844,0.00784094
2018-04-18,2,0.00312096,0.00687957,0.00639954,0.00784094
2018-04-19,2,0.00330637,0.00647886,0.00607534,0.00784094
2018-04-20,2,0.00413502,0.00628792,0.00590413,0.00784094
2018-04-23,2,0.00421017,0.00620034,0.00569478,0.00784094
2018-04-24,2,0.0047485,0.00620318,0.00581513,0.00784094
2018-04-25,2,0.00457695,0.00631943,0.00588119,0.00784094
2018-04-26,2,0.00543679,0.00600978,0.00662092,0.00784094
2018-04-27,2,0.00615484,0.00591199,0.00639022,0.00784094
2018-04-30,2,0.00575388,0.00590722,0.00655088,0.00784094
2018-05-02,2,0.00577244,0.00579921,0.00660471,0.00784094
2018-05-03,2,0.00557875,0.0057441,0.00637903,0.00784094
2018-05-04,2,0.00504289,0.00586408,0.00644007,0.00784094
2018-05-07,2,0.00406308,0.00559084,0.00700801,0.00784094
2018-05-08,2,0.00413254,0.00458222,0.00723524,0.00784094
2018-05-09,2,0.00518077,0.00457857,0.00685329,0.00784094
2018-05-10,2,0.00569184,0.00458721,0.00689432,0.00784094
2018-05-11,2,0.00355045,0.00472847,0.00671002,0.00784094
2018-05-14,2,0.00302617,0.00466607,0.00728502,0.00784094
2018-05-15,2,0.00401249,0.0046623,0.00754654,0.00784094
2018-05-16,2,0.00465469,0.00490344,0.0063574,0.00784094
2018-05-17,2,0.00778023,0.00501532,0.00656517,0.00784094
2018-05-18,2,0.00868513,0.00507983,0.00666446,0.00784094
2018-05-21,2,0.007965,0.00517991,0.00665866,0.00784094
2018-05-22,2,0.00884672,0.00524528,0.00695508,0.00784094
2018-05-23,2,0.00649662,0.00555416,0.00641714,0.00784094
2018-05-24,2,0.00722897,0.0058866,0.0069127,0.00784094
2018-05-25,2,0.00743489,0.00608101,0.00679724,0.00784094
2018-05-28,2,0.00721396,0.00613773,0.00700731,0.00784094
2018-05-29,2,0.0069967,0.00620364,0.00671534,0.00784094
2018-05-30,2,0.00807387,0.00598241,0.00683192,0.00784094
2018-05-31,2,0.00704232,0.00625428,0.00639848,0.00784094
2018-06-01,2,0.00665979,0.00626444,0.00661833,0.00784094
2018-06-04,2,0.00513252,0.00629236,0.00655925,0.00784094
2018-06-05,2,0.00374911,0.00623142,0.00670733,0.00784094
2018-06-06,2,0.00321751,0.00628229,0.00684436,0.00784094
2018-06-07,2,0.00350069,0.00628284,0.00670264,0.00784094
2018-06-08,2,0.00347199,0.00625303,0.00714826,0.00784094
2018-06-11,2,0.00359704,0.00614219,0.00667406,0.00784094
2018-06-12,2,0.00400718,0.005945,0.00633112,0.00784094
2018-06-13,2,0.00532503,0.00583008,0.00496188,0.00784094
2018-06-14,2,0.00514937,0.0058777,0.00483046,0.00784094
2018-06-15,2,0.00650108,0.00581598,0.00525397,0.00784094
2018-06-18,2,0.00696859,0.00577606,0.00481727,0.00784094
2018-06-19,2,0.00552201,0.00583618,0.00501642,0.00784094
2018-06-20,2,0.0063359,0.00582612,0.00410405,0.00784094
2018-06-21,2,0.00687815,0.00580922,0.00445708,0.00784094
2018-06-22,2,0.00854362,0.0057189,0.00473109,0.00784094
2018-06-25,2,0.00852652,0.00574684,0.00392042,0.00784094
2018-06-26,2,0.00890631,0.00551574,0.00559343,0.00784094
2018-06-27,2,0.00818699,0.0056568,0.00488382,0.00784094
2018-06-28,2,0.00676779,0.00573615,0.00460166,0.00784094
2018-06-29,2,0.00471767,0.00601456,0.00626988,0.00784094
2018-07-02,2,0.00372154,0.00583055,0.00434832,0.00784094
2018-07-03,2,0.00436192,0.00585456,0.00451312,0.00784094
2018-07-04,2,0.00458452,0.00582078,0.00428675,0.00784094
2018-07-05,2,0.00370241,0.00573279,0.00413421,0.00784094
2018-07-06,2,0.00431536,0.00547199,0.00470312,0.00784094
2018-07-09,2,0.00643352,0.00538956,0.00501,0.00784094
2018-07-10,2,0.00588394,0.00559009,0.00476611,0.00784094
2018-07-11,2,0.00610719,0.00560601,0.00487382,0.00784094
2018-07-12,2,0.00504288,0.00557108,0.00432537,0.00784094
2018-07-13,2,0.00574572,0.00562576,0.00481645,0.00784094
2018-07-16,2,0.00463047,0.00586498,0.00493748,0.00784094
2018-07-17,2,0.00429035,0.00590371,0.00444662,0.00784094
2018-07-18,2,0.00373493,0.00592816,0.00467407,0.00784094
2018-07-19,2,0.00258129,0.0057089,0.00429109,0.00784094
2018-07-20,2,0.00379492,0.0057422,0.00382959,0.00784094
2018-07-23,2,0.00365016,0.00568994,0.00428724,0.00784094
2018-07-24,2,0.00366761,0.00560766,0.0042836,0.00784094
2018-07-25,2,0.00387385,0.00546568,0.00490891,0.00784094
2018-07-26,2,0.00696166,0.00533836,0.00432455,0.00784094
2018-07-27,2,0.00707794,0.0053428,0.00517329,0.00784094
2018-07-30,2,0.00699947,0.00505704,0.00518625,0.00784094
2018-07-31,2,0.0069064,0.0048466,0.00559792,0.00784094
2018-08-01,2,0.00712698,0.00470822,0.00618452,0.00784094
2018-08-02,2,0.00397123,0.0052908,0.00547629,0.00784094
2018-08-03,2,0.00325742,0.00542051,0.00588308,0.00784094
2018-08-06,2,0.00460305,0.00536823,0.00553548,0.00784094
2018-08-07,2,0.00573405,0.00537713,0.0063041,0.00784094
2018-08-08,2,0.00546289,0.0053401,0.00513785,0.00784094
2018-08-09,2,0.0066862,0.00503082,0.0058875,0.00784094
2018-08-10,2,0.00694171,0.00502529,0.00514996,0.00784094
2018-08-13,2,0.00514221,0.00523163,0.00537947,0.00784094
2018-08-14,2,0.00489557,0.00537603,0.00509777,0.00784094
2018-08-16,2,0.00416731,0.00521974,0.00501273,0.00784094
2018-08-17,2,0.00547338,0.00531248,0.00565141,0.00784094
2018-08-20,2,0.0051873,0.00532852,0.00544051,0.00784094
2018-08-21,2,0.006134,0.00516754,0.00552382,0.00784094
2018-08-23,2,0.00631844,0.00513037,0.00572813,0.00784094
2018-08-24,2,0.00602901,0.00507114,0.00490578,0.00784094
2018-08-27,2,0.0046596,0.0053669,0.0057773,0.00784094
2018-08-28,2,0.00343664,0.00533478,0.00450011,0.00784094
2018-08-29,2,0.0034345,0.00546928,0.00450512,0.00784094
2018-08-30,2,0.00530241,0.00534925,0.00559096,0.00784094
2018-08-31,2,0.00611258,0.00531261,0.00576701,0.00784094
2018-09-03,2,0.00760237,0.00543378,0.00525787,0.00784094
2018-09-04,2,0.00902851,0.00541103,0.0041501,0.00784094
2018-09-05,2,0.0103747,0.00526164,0.00435342,0.00784094
2018-09-06,2,0.0120571,0.00524767,0.00478873,0.00784094
2018-09-07,2,0.012632,0.00532705,0.00469157,0.00784094
2018-09-10,2,0.0119464,0.00585385,0.00579332,0.00784094
2018-09-11,2,0.0105558,0.00623521,0.0065709,0.00784094
2018-09-12,2,0.00977967,0.00639894,0.00546848,0.00784094
2018-09-14,2,0.00447155,0.00672338,0.00667158,0.00784094
2018-09-17,2,0.00922577,0.00694355,0.0069712,0.00784094
2018-09-18,2,0.00918529,0.00696677,0.00674429,0.00784094
2018-09-19,2,0.00927454,0.00690152,0.00621574,0.00784094
2018-09-21,2,0.00906551,0.00684813,0.00676106,0.00784094
2018-09-24,2,0.00703542,0.00673534,0.00710931,0.00784094
2018-09-25,2,0.00764553,0.00720258,0.00781509,0.00784094
2018-09-26,2,0.0115684,0.0071734,0.00743029,0.00784094
2018-09-27,2,0.0141404,0.00719019,0.00802546,0.00784094
2018-09-28,2,0.0155133,0.00690072,0.00762135,0.00784094
2018-10-01,2,0.0127547,0.00687168,0.00866459,0.00784094
2018-10-03,2,0.0180272,0.00709442,0.00820435,0.00784094
2018-10-04,2,0.0175064,0.00790977,0.0071689,0.00784094
2018-10-05,2,0.0174808,0.00863855,0.00780115,0.00784094
2018-10-08,2,0.0174847,0.00874153,0.00852192,0.00784094
2018-10-09,2,0.0169642,0.00861817,0.00837927,0.00784094
2018-10-10,2,0.017469,0.00923475,0.00923153,0.00784094
2018-10-11,2,0.0153664,0.00944866,0.00909382,0.00784094
2018-10-12,2,0.00950866,0.0100959,0.00981638,0.00784094
2018-10-15,2,0.0084542,0.0100812,0.0108485,0.00784094
2018-10-16,2,0.00878637,0.0100678,0.0109684,0.00784094
2018-10-17,2,0.00843127,0.0100879,0.0108113,0.00784094
2018-10-19,2,0.00748632,0.00988877,0.010516,0.00784094
2018-10-22,2,0.0142399,0.00955028,0.00950359,0.00784094
2018-10-23,2,0.0135931,0.00948547,0.00927407,0.00784094
2018-10-24,2,0.015578,0.00962557,0.00948926,0.00784094
2018-10-25,2,0.0141405,0.00962168,0.00929434,0.00784094
2018-10-26,2,0.0121496,0.00947493,0.009276,0.00784094
2018-10-29,2,0.0112035,0.0102919,0.0101118,0.00784094
2018-10-30,2,0.0101197,0.0102568,0.0114794,0.00784094
2018-10-31,2,0.00775333,0.0107009,0.0105034,0.00784094
2018-11-01,2,0.00785581,0.0106348,0.0110189,0.00784094
2018-11-02,2,0.00587205,0.0107331,0.0107937,0.00784094
2018-11-05,2,0.00748261,0.0105701,0.00914716,0.00784094
2018-11-06,2,0.00752118,0.0101481,0.00937883,0.00784094
2018-11-07,2,0.0071088,0.00946227,0.009449,0.00784094
2018-11-09,2,0.00745603,0.00946623,0.0098513,0.00784094
2018-11-12,2,0.00389169,0.0093634,0.00910135,0.00784094
2018-11-13,2,0.00708192,0.00941783,0.00888789,0.00784094
2018-11-14,2,0.00769432,0.00898076,0.00961055,0.00784094
2018-11-15,2,0.00801485,0.00848649,0.0101593,0.00784094
2018-11-16,2,0.00896178,0.00853822,0.00998135,0.00784094
2018-11-19,2,0.00847129,0.00819996,0.00943139,0.00784094
2018-11-20,2,0.0071496,0.00845779,0.00886483,0.00784094
2018-11-21,2,0.0073191,0.00828447,0.00788064,0.00784094
2018-11-22,2,0.0042179,0.0083304,0.00787865,0.00784094
2018-11-26,2,0.00447976,0.00832829,0.00733453,0.00784094
2018-11-27,2,0.0051889,0.00826098,0.00779483,0.00784094
2018-11-28,2,0.00722066,0.00799895,0.00752326,0.00784094
2018-11-29,2,0.00778787,0.00793065,0.00755415,0.00784094
2018-11-30,2,0.00965694,0.00719115,0.00700322,0.00784094
2018-12-03,2,0.0115333,0.0071307,0.00711188,0.00784094
2018-12-04,2,0.0128298,0.00680151,0.0063518,0.00784094
2018-12-05,2,0.0164574,0.00711363,0.0069037,0.00784094
2018-12-06,2,0.0137813,0.00730943,0.00704296,0.00784094
2018-12-07,2,0.0134867,0.00751046,0.00718613,0.00784094
2018-12-10,2,0.00616373,0.0081949,0.00768891,0.00784094
2018-12-11,2,0.006662,0.00823086,0.00830687,0.00784094
2018-12-12,2,0.00263492,0.00877645,0.00887768,0.00784094
2018-12-13,2,0.00356654,0.00855205,0.00906911,0.00784094
2018-12-14,2,0.0102461,0.00843301,0.00865174,0.00784094
2018-12-17,2,0.00935961,0.00806392,0.00834642,0.00784094
2018-12-18,2,0.0102204,0.008091,0.00820313,0.00784094
2018-12-19,2,0.0100732,0.00761889,0.00846232,0.00784094
2018-12-20,2,0.0112245,0.00771823,0.00832808,0.00784094
2018-12-21,2,0.00644515,0.00855597,0.00775418,0.00784094
2018-12-24,2,0.00565353,0.00855549,0.00835326,0.00784094
2018-12-26,2,0.00771428,0.00858048,0.00796941,0.00784094
2018-12-27,2,0.00781064,0.00849744,0.00825933,0.00784094
2018-12-28,2,0.00703215,0.00858803,0.00829745,0.00784094
2018-12-31,2,0.00729235,0.00827069,0.00836521,0.00784094
2019-01-02,2,0.00697012,0.00807614,0.00805672,0.00784094
2019-01-03,2,0.00340754,0.00831492,0.00741207,0.00784094
2019-01-04,2,0.0037663,0.00827385,0.00799562,0.00784094
2019-01-07,2,0.00429788,0.00824241,0.00801312,0.00784094
2019-01-08,2,0.00784589,0.00820089,0.0079043,0.00784094
2019-01-09,2,0.00762358,0.00781277,0.008188,0.00784094
2019-01-10,2,0.00733158,0.00734839,0.00770641,0.00784094
2019-01-11,2,0.00706208,0.00679843,0.00702937,0.00784094
2019-01-14,2,0.00574863,0.00688645,0.00693727,0.00784094
2019-01-15,2,0.00307415,0.00698633,0.00687908,0.00784094
2019-01-16,2,0.00510854,0.00691818,0.00662746,0.00784094
2019-01-17,2,0.00514886,0.00687086,0.00661066,0.00784094
2019-01-18,2,0.00559082,0.00675598,0.00639327,0.00784094
2019-01-21,2,0.00489607,0.00668914,0.00618192,0.00784094
2019-01-22,2,0.00530066,0.00639898,0.00574575,0.00784094
2019-01-23,2,0.00528792,0.00671069,0.00652563,0.00784094
2019-01-24,2,0.0105185,0.00610402,0.00659033,0.00784094
2019-01-25,2,0.0101698,0.00601833,0.00668172,0.00784094
2019-01-28,2,0.0071963,0.00616194,0.00616227,0.00784094
2019-01-29,2,0.00674207,0.00609837,0.00722495,0.00784094
2019-01-30,2,0.00648042,0.00596257,0.00700412,0.00784094
2019-01-31,2,0.00451475,0.00680806,0.00628377,0.00784094
2019-02-01,2,0.00820843,0.00677515,0.00604308,0.00784094
2019-02-04,2,0.00858871,0.00637244,0.00648965,0.00784094
2019-02-05,2,0.00868812,0.00630924,0.00674011,0.00784094
2019-02-06,2,0.00442563,0.00650117,0.00584422,0.00784094
2019-02-07,2,0.0035327,0.00633133,0.0062243,0.00784094
2019-02-08,2,0.00242428,0.00681396,0.00680835,0.00784094
2019-02-11,2,0.00261469,0.00686611,0.00697901,0.00784094
2019-02-12,2,0.00828684,0.00691187,0.00750453,0.00784094
2019-02-14,2,0.00790845,0.00667762,0.00715973,0.00784094
2019-02-15,2,0.0077722,0.00626275,0.00573089,0.00784094
2019-02-18,2,0.00625008,0.00618419,0.00591868,0.00784094
2019-02-19,2,0.00646848,0.00620987,0.00572303,0.00784094
2019-02-20,2,0.0051841,0.00698652,0.00774872,0.00784094
2019-02-21,2,0.00480615,0.00695567,0.0079286,0.00784094
2019-02-22,2,0.00562515,0.00693127,0.00649869,0.00784094
2019-02-25,2,0.0066742,0.00684625,0.00833938,0.00784094
2019-02-26,2,0.00584536,0.00686342,0.00807091,0.00784094
2019-02-27,2,0.00507766,0.00671637,0.0069677,0.00784094
2019-02-28,2,0.00530322,0.00648292,0.00597371,0.00784094
2019-03-01,2,0.00629401,0.00660688,0.00645888,0.00784094
2019-03-05,2,0.006414,0.00685178,0.00771392,0.00784094
2019-03-06,2,0.00647207,0.00639278,0.00572506,0.00784094
2019-03-07,2,0.00653391,0.00628156,0.00700249,0.00784094
2019-03-08,2,0.00517119,0.00624016,0.00650447,0.00784094
2019-03-11,2,0.00451575,0.00653751,0.00668169,0.00784094
2019-03-12,2,0.00280765,0.00652116,0.00669909,0.00784094
2019-03-13,2,0.00362274,0.00653305,0.00673677,0.00784094
2019-03-14,2,0.0053153,0.00626072,0.00731239,0.00784094
2019-03-15,2,0.00616127,0.00613369,0.00662108,0.00784094
2019-03-18,2,0.00832744,0.0059742,0.0065731,0.00784094
2019-03-19,2,0.00775111,0.00559201,0.00622587,0.00784094
2019-03-20,2,0.00955532,0.00566337,0.00733385,0.00784094
2019-03-22,2,0.00926091,0.00564718,0.00489774,0.00784094
2019-03-25,2,0.00612168,0.00592492,0.00562572,0.00784094
2019-03-26,2,0.00728952,0.00602042,0.0065042,0.00784094
2019-03-27,2,0.00742395,0.00606298,0.00646359,0.00784094
2019-03-28,2,0.00629066,0.00626616,0.00633657,0.00784094
2019-04-01,2,0.00549631,0.00627192,0.00671511,0.00784094
2019-04-02,2,0.00599821,0.00598972,0.00639949,0.00784094
2019-04-03,2,0.00637937,0.00613511,0.00592651,0.00784094
2019-04-04,2,0.00619614,0.00620455,0.00660596,0.00784094
2019-04-05,2,0.00580703,0.00613399,0.00634325,0.00784094
2019-04-08,2,0.00531584,0.006079,0.00630587,0.00784094
2019-04-09,2,0.00589531,0.00611264,0.00628322,0.00784094
2019-04-10,2,0.00413226,0.00631566,0.00627497,0.00784094
2019-04-11,2,0.00855665,0.00627208,0.00656483,0.00784094
2019-04-12,2,0.00825341,0.00606976,0.00648296,0.00784094
2019-04-15,2,0.0103369,0.00581636,0.00442849,0.00784094
2019-04-16,2,0.00978008,0.00594461,0.006204,0.00784094
2019-04-18,2,0.0111572,0.0058504,0.00637338,0.00784094
2019-04-22,2,0.00835985,0.0065016,0.00650433,0.00784094
2019-04-23,2,0.0084118,0.00648153,0.00608913,0.00784094
2019-04-24,2,0.00613024,0.00680273,0.00701549,0.00784094
2019-04-25,2,0.00691632,0.00686717,0.00791006,0.00784094
2019-04-26,2,0.00444567,0.00699681,0.00748577,0.00784094
2019-04-30,2,0.00491544,0.00669678,0.00710996,0.00784094
2019-05-02,2,0.00433017,0.00652041,0.00627552,0.00784094
2019-05-03,2,0.00398941,0.00636577,0.00674962,0.00784094
2019-05-06,2,0.00432649,0.0064428,0.00639879,0.00784094
2019-05-07,2,0.00771797,0.00622436,0.00603715,0.00784094
2019-05-08,2,0.00668149,0.00645332,0.00650957,0.00784094
2019-05-09,2,0.00857316,0.00639653,0.00631793,0.00784094
2019-05-10,2,0.0105213,0.00635393,0.0066141,0.00784094
2019-05-13,2,0.0153734,0.00645669,0.00670012,0.00784094
2019-05-14,2,0.0183337,0.00679845,0.0084283,0.00784094
2019-05-15,2,0.0170478,0.0066533,0.00833794,0.00784094
2019-05-16,2,0.0187214,0.0068883,0.00789049,0.00784094
2019-05-17,2,0.0189817,0.0072892,0.00773077,0.00784094
2019-05-20,2,0.0105186,0.00911565,0.00802484,0.00784094
2019-05-21,2,0.00843056,0.00932863,0.00969389,0.00784094
2019-05-22,2,0.00945894,0.00921399,0.00955983,0.00784094
2019-05-23,2,0.00810622,0.00931106,0.0103952,0.00784094
2019-05-24,2,0.00557311,0.00938186,0.0101066,0.00784094
2019-05-27,2,0.00775151,0.00905708,0.00773091,0.00784094
2019-05-28,2,0.00860546,0.00881309,0.00833451,0.00784094
2019-05-29,2,0.0111552,0.00886057,0.00818572,0.00784094
2019-05-30,2,0.0105427,0.00874046,0.00902064,0.00784094
2019-05-31,2,0.0108163,0.00853712,0.00876998,0.00784094
2019-06-03,2,0.0082061,0.00887272,0.00827927,0.00784094
2019-06-04,2,0.00814872,0.00897178,0.00865659,0.00784094
2019-06-06,2,0.00372105,0.00926523,0.00711914,0.00784094
2019-06-07,2,0.00530359,0.0091489,0.00780663,0.00784094
2019-06-10,2,0.00655546,0.00900551,0.00719872,0.00784094
2019-06-11,2,0.00601144,0.00879966,0.00900156,0.00784094
2019-06-12,2,0.0063429,0.00881373,0.00861244,0.00784094
2019-06-13,2,0.00947945,0.0081933,0.00895681,0.00784094
2019-06-14,2,0.00974587,0.00847152,0.00883391,0.00784094
2019-06-17,2,0.00761299,0.00875614,0.0082584,0.00784094
2019-06-18,2,0.00839813,0.00865868,0.0086213,0.00784094
2019-06-19,2,0.00839029,0.00856826,0.00842457,0.00784094
2019-06-20,2,0.00660671,0.00753628,0.00758931,0.00784094
2019-06-21,2,0.00512393,0.00753487,0.00742581,0.00784094
2019-06-24,2,0.00522408,0.00741,0.00734072,0.00784094
2019-06-25,2,0.00437703,0.00747245,0.00812622,0.00784094
2019-06-26,2,0.00418063,0.0071193,0.00781308,0.00784094
2019-06-27,2,0.00409614,0.00693337,0.0074059,0.00784094
2019-06-28,2,0.00693646,0.00683547,0.00730865,0.00784094
2019-07-01,2,0.0109637,0.00686517,0.00749071,0.00784094
2019-07-02,2,0.0102672,0.00673052,0.00637615,0.00784094
2019-07-03,2,0.00966317,0.00670097,0.00690238,0.00784094
2019-07-04,2,0.0109959,0.00637134,0.00640001,0.00784094
2019-07-05,2,0.0106479,0.00676781,0.00606002,0.00784094
2019-07-08,2,0.00481318,0.00741171,0.00686536,0.00784094
2019-07-09,2,0.0054275,0.00735931,0.00612839,0.00784094
2019-07-10,2,0.00393354,0.0072935,0.00735503,0.00784094
2019-07-11,2,0.0055253,0.00744103,0.00741557,0.00784094
2019-07-12,2,0.0090401,0.00740728,0.00678943,0.00784094
2019-07-15,2,0.00860537,0.00706243,0.00657817,0.00784094
2019-07-16,2,0.00670891,0.00712618,0.0077463,0.00784094
2019-07-17,2,0.00516804,0.00675332,0.0069681,0.00784094
2019-07-18,2,0.00570038,0.00697264,0.00798789,0.00784094
2019-07-19,2,0.00366368,0.00754854,0.00727353,0.00784094
2019-07-22,2,0.00428857,0.00727877,0.00781349,0.00784094
2019-07-23,2,0.00503485,0.00707447,0.00752839,0.00784094
2019-07-24,2,0.00592958,0.00696728,0.00732991,0.00784094
2019-07-25,2,0.00726916,0.00684888,0.0066186,0.00784094
2019-07-26,2,0.00694463,0.00663232,0.00623885,0.00784094
2019-07-29,2,0.00759054,0.00675982,0.00668731,0.00784094
2019-07-30,2,0.00935144,0.00689297,0.00721295,0.00784094
2019-07-31,2,0.0090881,0.00687282,0.00663356,0.00784094
2019-08-01,2,0.0116775,0.007019,0.00728406,0.00784094
2019-08-02,2,0.0119946,0.00701218,0.0071056,0.00784094
2019-08-05,2,0.0133763,0.00711289,0.00748448,0.00784094
2019-08-06,2,0.0135907,0.00732822,0.0078099,0.00784094
2019-08-07,2,0.0124345,0.00679043,0.00613579,0.00784094
2019-08-08,2,0.0102255,0.00751344,0.00681188,0.00784094
2019-08-09,2,0.00958551,0.00762426,0.0075534,0.00784094
2019-08-13,2,0.00677288,0.00786589,0.00714795,0.00784094
2019-08-14,2,0.00746167,0.00786837,0.00821796,0.00784094
2019-08-16,2,0.00931124,0.00779442,0.00790212,0.00784094
2019-08-19,2,0.0146819,0.00760994,0.00620375,0.00784094
2019-08-20,2,0.0146346,0.00754572,0.00656051,0.00784094
2019-08-21,2,0.0140608,0.00735737,0.00812552,0.00784094
2019-08-22,2,0.0117879,0.00746055,0.00698175,0.00784094
2019-08-23,2,0.0116794,0.00770397,0.00784658,0.00784094
2019-08-26,2,0.0110235,0.00859417,0.00822048,0.00784094
2019-08-27,2,0.0110305,0.00859343,0.00919719,0.00784094
2019-08-28,2,0.0112411,0.00859524,0.00948602,0.00784094
2019-08-29,2,0.0119718,0.00851313,0.00780455,0.00784094
2019-08-30,2,0.0117571,0.00852403,0.00802031,0.00784094
2019-09-03,2,0.00319514,0.00882818,0.00752812,0.00784094
2019-09-04,2,0.00519903,0.00884401,0.00791031,0.00784094
2019-09-05,2,0.00558576,0.00872516,0.00799634,0.00784094
2019-09-06,2,0.00647136,0.00885413,0.00900341,0.00784094
2019-09-09,2,0.00972976,0.00872527,0.00810731,0.00784094
2019-09-11,2,0.00959964,0.00798709,0.00902848,0.00784094
2019-09-12,2,0.0104486,0.00818609,0.008881,0.00784094
2019-09-13,2,0.0279272,0.0080361,0.00863553,0.00784094
2019-09-16,2,0.0291311,0.0081068,0.00882903,0.00784094
2019-09-17,2,0.0260574,0.00837316,0.00761433,0.00784094
2019-09-18,2,0.0284787,0.0082411,0.00799985,0.00784094
2019-09-19,2,0.025411,0.00842811,0.00804425,0.00784094
2019-09-20,2,0.0161788,0.0116045,0.0125228,0.00784094
2019-09-23,2,0.00878957,0.0121589,0.012809,0.00784094
2019-09-24,2,0.00939676,0.012001,0.0133274,0.00784094
2019-09-25,2,0.00804582,0.0120167,0.013874,0.00784094
2019-09-26,2,0.00400631,0.0119709,0.0143072,0.00784094
2019-09-27,2,0.00410825,0.0114613,0.01204,0.00784094
2019-09-30,2,0.0114751,0.0110315,0.0110873,0.00784094
2019-10-01,2,0.0110706,0.0111371,0.0114731,0.00784094
2019-10-03,2,0.0115917,0.010984,0.0110551,0.00784094
2019-10-04,2,0.00936344,0.0105865,0.011039,0.00784094
2019-10-07,2,0.00852703,0.0103155,0.00980123,0.00784094
2019-10-09,2,0.00573142,0.0111804,0.010398,0.00784094
2019-10-10,2,0.00316933,0.0112007,0.0111973,0.00784094
2019-10-11,2,0.00317282,0.0112123,0.0107225,0.00784094
2019-10-14,2,0.00652301,0.0110548,0.011155,0.00784094
2019-10-15,2,0.00632108,0.0110153,0.0111051,0.00784094
2019-10-16,2,0.00668876,0.0107122,0.0108432,0.00784094
2019-10-17,2,0.00467571,0.0103436,0.0111168,0.00784094
2019-10-18,2,0.00900267,0.010309,0.0106914,0.00784094
2019-10-22,2,0.00766687,0.0105918,0.0100387,0.00784094
2019-10-23,2,0.00755099,0.0105669,0.0102973,0.00784094
2019-10-24,2,0.00700936,0.010468,0.0101758,0.00784094
2019-10-25,2,0.00647489,0.00831764,0.008275,0.00784094
2019-10-29,2,0.00276589,0.00809425,0.00702532,0.00784094
2019-10-30,2,0.0026011,0.00802919,0.00726858,0.00784094
2019-10-31,2,0.00271422,0.00773212,0.00709886,0.00784094
2019-11-01,2,0.0056717,0.00753747,0.00727558,0.00784094
2019-11-04,2,0.00524671,0.00744491,0.00743826,0.00784094
2019-11-05,2,0.00584273,0.00702062,0.00702199,0.00784094
2019-11-06,2,0.00554222,0.00677085,0.00648505,0.00784094
2019-11-07,2,0.00513326,0.00670567,0.0062901,0.00784094
2019-11-08,2,0.00350073,0.00685216,0.00647227,0.00784094
2019-11-11,2,0.00419521,0.00671904,0.00727959,0.00784094
2019-11-13,2,0.00237094,0.00649823,0.00684623,0.00784094
2019-11-14,2,0.0033279,0.00627641,0.00695526,0.00784094
2019-11-15,2,0.0042847,0.00618751,0.00691658,0.00784094
2019-11-18,2,0.00706556,0.00605456,0.00711759,0.00784094
2019-11-19,2,0.00747512,0.00606709,0.00669601,0.00784094
2019-11-20,2,0.00750828,0.00586739,0.00677516,0.00784094
2019-11-21,2,0.00715078,0.00584953,0.00697619,0.00784094
2019-11-22,2,0.00812117,0.00595317,0.00669712,0.00784094
2019-11-25,2,0.00535636,0.00633653,0.00670855,0.00784094
2019-11-26,2,0.00557395,0.00641189,0.00699821,0.00784094
2019-11-27,2,0.00528521,0.00637984,0.00705784,0.00784094
2019-11-28,2,0.00444624,0.00636096,0.00699028,0.00784094
2019-11-29,2,0.00452264,0.00600269,0.00727067,0.00784094
2019-12-02,2,0.00477866,0.00580027,0.00760176,0.00784094
2019-12-03,2,0.00518812,0.00587491,0.00691831,0.00784094
2019-12-04,2,0.00531665,0.00584949,0.0069651,0.00784094
2019-12-05,2,0.00626772,0.00576356,0.00717916,0.00784094
2019-12-06,2,0.00608232,0.00594129,0.00689427,0.00784094
2019-12-09,2,0.00656836,0.00591928,0.00723156,0.00784094
2019-12-10,2,0.00494486,0.00601492,0.00677365,0.00784094
2019-12-11,2,0.00494027,0.00590294,0.00700288,0.00784094
2019-12-12,2,0.00502505,0.00603001,0.00726179,0.00784094
2019-12-13,2,0.00440127,0.00610898,0.00708372,0.00784094
2019-12-16,2,0.00380384,0.00615728,0.00731404,0.00784094
2019-12-17,2,0.00335304,0.00617825,0.00687116,0.00784094
2019-12-18,2,0.00408557,0.00619634,0.00694906,0.00784094
2019-12-19,2,0.00641898,0.0061646,0.00672604,0.00784094
2019-12-20,2,0.00641156,0.00578323,0.007149,0.00784094
2019-12-23,2,0.00713315,0.00557979,0.00539149,0.00784094
2019-12-24,2,0.00706906,0.00552575,0.0047863,0.00784094
2019-12-26,2,0.00676175,0.00535565,0.00506422,0.00784094
2019-12-27,2,0.00591005,0.00567867,0.00527018,0.00784094
2019-12-30,2,0.0102188,0.0056242,0.00559884,0.00784094
2019-12-31,2,0.010806,0.00576501,0.00465252,0.00784094
2020-01-01,2,0.0106709,0.00558764,0.00524179,0.00784094
2020-01-02,2,0.0128847,0.00569854,0.00522279,0.00784094
2020-01-03,2,0.0128388,0.00561576,0.00449654,0.00784094
2020-01-06,2,0.00652487,0.00661865,0.00655072,0.00784094
2020-01-07,2,0.006656,0.00662211,0.00565983,0.00784094
2020-01-08,2,0.00645286,0.00649833,0.00534757,0.00784094
2020-01-09,2,0.00277261,0.00698213,0.00668717,0.00784094
2020-01-10,2,0.00288986,0.00688875,0.00649752,0.00784094
2020-01-13,2,0.00509843,0.00660774,0.005988,0.00784094
2020-01-14,2,0.00453999,0.00659809,0.00612199,0.00784094
2020-01-15,2,0.00451163,0.0064717,0.00542299,0.00784094
2020-01-16,2,0.00614508,0.00610388,0.0050755,0.00784094
2020-01-17,2,0.00721682,0.00600745,0.00505238,0.00784094
2020-01-20,2,0.00728004,0.00641047,0.00579499,0.00784094
2020-01-21,2,0.00735749,0.00637989,0.00565601,0.00784094
2020-01-22,2,0.00780731,0.006415,0.00563733,0.00784094
2020-01-23,2,0.00773892,0.00654228,0.00565484,0.00784094
2020-01-24,2,0.00638601,0.00663638,0.005991,0.00784094
2020-01-27,2,0.00981732,0.00675647,0.00678871,0.00784094
2020-01-28,2,0.0166946,0.006655,0.00613634,0.00784094
2020-01-29,2,0.0170756,0.00674684,0.0060512,0.00784094
2020-01-30,2,0.0166608,0.00676958,0.0065341,0.00784094
2020-01-31,2,0.01637,0.00672982,0.0060885,0.00784094
2020-02-03,2,0.0113823,0.00742738,0.00700803,0.00784094
2020-02-04,2,0.00628072,0.00846498,0.00782488,0.00784094
2020-02-05,2,0.00590714,0.0081992,0.00865324,0.00784094
2020-02-06,2,0.00598527,0.00817131,0.00853121,0.00784094
2020-02-07,2,0.00631513,0.0081706,0.00848704,0.00784094
2020-02-10,2,0.00632882,0.00772751,0.00825679,0.00784094
2020-02-11,2,0.00551708,0.00748398,0.00832539,0.00784094
2020-02-12,2,0.00699786,0.00749081,0.00854103,0.00784094
2020-02-13,2,0.00708326,0.00748513,0.00796619,0.00784094
2020-02-14,2,0.0113695,0.0075348,0.00833936,0.00784094
2020-02-17,2,0.01139,0.0075575,0.00844079,0.00784094
2020-02-18,2,0.0117093,0.00747184,0.00803836,0.00784094
2020-02-19,2,0.00771194,0.00766575,0.00802141,0.00784094
2020-02-20,2,0.0146235,0.00766288,0.00800538,0.00784094
2020-02-24,2,0.0146282,0.00840127,0.0072106,0.00784094
2020-02-25,2,0.0190392,0.00834066,0.00798325,0.00784094
2020-02-26,2,0.0190833,0.00838948,0.00743208,0.00784094
2020-02-27,2,0.0194929,0.00809686,0.0078195,0.00784094
2020-02-28,2,0.0145874,0.00977703,0.00964903,0.00784094
2020-03-02,2,0.0255351,0.00971252,0.0105662,0.00784094
2020-03-03,2,0.0221807,0.0101659,0.0119559,0.00784094
2020-03-04,2,0.0372925,0.010163,0.0124799,0.00784094
2020-03-05,2,0.0473944,0.00989511,0.012046,0.00784094
2020-03-06,2,0.0532866,0.0096576,0.00919133,0.00784094
2020-03-09,2,0.0527409,0.011648,0.0125438,0.00784094
2020-03-11,2,0.050452,0.011489,0.0132476,0.00784094
2020-03-12,2,0.044001,0.0155515,0.0104939,0.00784094
2020-03-13,2,0.0515734,0.0167141,0.0102041,0.00784094
2020-03-16,2,0.0705036,0.0186541,0.0102041,0.00784094
2020-03-17,2,0.076073,0.018585,0.0102783,0.00784094
2020-03-18,2,0.0833832,0.0191517,0.0102041,0.00784094
2020-03-19,2,0.0841572,0.0189821,0.0102655,0.00784094
2020-03-20,2,0.0798459,0.0207116,0.0102041,0.00784094
2020-03-23,2,0.0411279,0.0249628,0.0102041,0.00784094
2020-03-24,2,0.0421222,0.0252981,0.010257,0.00784094
2020-03-25,2,0.0403998,0.0267404,0.0102041,0.00784094
2020-03-26,2,0.0340108,0.0272719,0.0102041,0.00784094
2020-03-27,2,0.0559531,0.0272006,0.0110343,0.00784094
2020-03-30,2,0.0499638,0.026246,0.0102041,0.00784094
2020-03-31,2,0.0503994,0.0267198,0.0102041,0.00784094
2020-04-01,2,0.0443386,0.0267107,0.0102041,0.00784094
2020-04-03,2,0.0418402,0.0264185,0.0104573,0.00784094
2020-04-07,2,0.0215766,0.0287047,0.0102041,0.00784094
2020-04-08,2,0.0233356,0.0284805,0.0111154,0.00784094
2020-04-09,2,0.016829,0.0288713,0.0102041,0.00784094
2020-04-13,2,0.0221405,0.0286058,0.0111005,0.00784094
2020-04-15,2,0.0237105,0.0282867,0.0110487,0.00784094
2020-04-16,2,0.0239819,0.0271367,0.0109582,0.00784094
2020-04-17,2,0.0218792,0.026637,0.0102121,0.00784094
2020-04-20,2,0.0231074,0.0258912,0.00920633,0.00784094
2020-04-21,2,0.0152039,0.0256975,0.0102149,0.00784094
2020-04-22,2,0.014286,0.0258167,0.0103965,0.00784094
2020-04-23,2,0.0179084,0.0253562,0.0110788,0.00784094
2020-04-24,2,0.0356653,0.0251558,0.0107086,0.00784094
2020-04-27,2,0.0354175,0.0248478,0.0110832,0.00784094
2020-04-28,2,0.0351491,0.0202608,0.00974542,0.00784094
2020-04-29,2,0.0332142,0.0201537,0.00941682,0.00784094
2020-04-30,2,0.0270271,0.0198085,0.00929751,0.00784094
2020-05-04,2,0.00755045,0.0216161,0.0102041,0.00784094
2020-05-05,2,0.00643831,0.0216469,0.0111935,0.00784094
2020-05-06,2,0.0110913,0.0210066,0.0110992,0.00784094
2020-05-07,2,0.0168004,0.0206404,0.011062,0.00784094
2020-05-08,2,0.0163825,0.0197773,0.011101,0.00784094
2020-05-11,2,0.0217845,0.0180415,0.00995029,0.00784094
2020-05-12,2,0.0228815,0.0157146,0.00996776,0.00784094
2020-05-13,2,0.023109,0.016387,0.0095818,0.00784094
2020-05-14,2,0.0206903,0.016502,0.00932319,0.00784094
2020-05-15,2,0.0208963,0.0163907,0.00922548,0.00784094
2020-05-18,2,0.0105457,0.0172309,0.0102034,0.00784094
2020-05-19,2,0.015999,0.0172798,0.0110391,0.00784094
2020-05-20,2,0.0156268,0.0170939,0.0104573,0.00784094
2020-05-21,2,0.0154032,0.0169872,0.0110563,0.00784094
2020-05-22,2,0.0128269,0.0165911,0.0109201,0.00784094
2020-05-26,2,0.0084715,0.0156389,0.00985895,0.00784094
2020-05-27,2,0.00699844,0.0164547,0.00930758,0.00784094
2020-05-28,2,0.010463,0.0164344,0.00939977,0.00784094
2020-05-29,2,0.0104258,0.0163806,0.0097643,0.00784094
2020-06-01,2,0.0073382,0.0164172,0.0090196,0.00784094
2020-06-02,2,0.0092702,0.015936,0.0100225,0.00784094
2020-06-03,2,0.00903897,0.015367,0.0102351,0.00784094
2020-06-04,2,0.0136703,0.0136708,0.00968727,0.00784094
2020-06-05,2,0.0127344,0.0135812,0.010166,0.00784094
2020-06-08,2,0.013297,0.0132767,0.00971129,0.00784094
2020-06-09,2,0.0148598,0.0135507,0.010119,0.00784094
2020-06-10,2,0.0138888,0.0134966,0.00990178,0.00784094
2020-06-11,2,0.0141123,0.0142702,0.00953007,0.00784094
2020-06-12,2,0.0149926,0.014047,0.00964999,0.00784094
2020-06-15,2,0.00918695,0.0141051,0.00959355,0.00784094
2020-06-16,2,0.00951601,0.0135627,0.00983558,0.00784094
2020-06-17,2,0.0145768,0.013512,0.00938217,0.00784094
2020-06-18,2,0.0131003,0.0124361,0.00910401,0.00784094
2020-06-19,2,0.0120675,0.0125385,0.00893842,0.00784094
2020-06-22,2,0.0124792,0.0119136,0.00908494,0.00784094
2020-06-23,2,0.00914499,0.0115345,0.0089319,0.00784094
2020-06-24,2,0.0080058,0.0121058,0.00913162,0.00784094
2020-06-25,2,0.00851522,0.0119144,0.00915539,0.00784094
2020-06-26,2,0.00822563,0.0112737,0.00954243,0.00784094
2020-06-29,2,0.00637608,0.0112305,0.00928706,0.00784094
2020-06-30,2,0.00486524,0.0109202,0.00933152,0.00784094
2020-07-01,2,0.00904677,0.010413,0.00920425,0.00784094
2020-07-02,2,0.00879141,0.0103043,0.00916897,0.00784094
2020-07-03,2,0.00967028,0.0102333,0.00905729,0.00784094
2020-07-06,2,0.00729737,0.00989989,0.00922884,0.00784094
2020-07-07,2,0.0108737,0.00966606,0.00905163,0.00784094
2020-07-08,2,0.0105925,0.0101114,0.00887241,0.00784094
2020-07-09,2,0.010986,0.00992529,0.00890905,0.00784094
2020-07-10,2,0.012917,0.0100197,0.0087953,0.00784094
2020-07-13,2,0.0134853,0.00921158,0.00944143,0.00784094
2020-07-14,2,0.00535563,0.0099194,0.00876284,0.00784094
2020-07-15,2,0.00694897,0.00951529,0.00926894,0.00784094
2020-07-16,2,0.00689935,0.00950065,0.00978662,0.00784094
2020-07-17,2,0.00717222,0.00965655,0.0107138,0.00784094
2020-07-20,2,0.00769255,0.0094091,0.00940088,0.00784094
2020-07-21,2,0.00855722,0.00879889,0.00843375,0.00784094
2020-07-22,2,0.00979336,0.0089794,0.00872856,0.00784094
2020-07-23,2,0.00996855,0.00882287,0.00852961,0.00784094
2020-07-24,2,0.00997105,0.00838691,0.0068767,0.00784094
2020-07-27,2,0.011927,0.00846009,0.00722994,0.00784094
2020-07-28,2,0.0133582,0.00840326,0.00716607,0.00784094
2020-07-29,2,0.0131288,0.00852865,0.00691585,0.00784094
2020-07-30,2,0.0131052,0.00871695,0.00715694,0.00784094
2020-07-31,2,0.012898,0.00864525,0.00710797,0.00784094
2020-08-03,2,0.00732337,0.00907514,0.00972065,0.00784094
2020-08-04,2,0.00331908,0.00945,0.0102176,0.00784094
2020-08-05,2,0.00385366,0.00926026,0.00970561,0.00784094
2020-08-06,2,0.00291835,0.00929174,0.0109314,0.00784094
2020-08-07,2,0.00640937,0.00908736,0.00976999,0.00784094
2020-08-10,2,0.00667356,0.00870404,0.00958357,0.00784094
2020-08-11,2,0.00866946,0.00810729,0.00840035,0.00784094
2020-08-12,2,0.00857032,0.00819835,0.00925048,0.00784094
2020-08-13,2,0.00975068,0.00757102,0.00835104,0.00784094
2020-08-14,2,0.00760427,0.00819661,0.00791809,0.00784094
2020-08-17,2,0.00785602,0.00812544,0.00812142,0.00784094
2020-08-18,2,0.00634266,0.00818978,0.00794415,0.00784094
2020-08-19,2,0.00676909,0.00799827,0.00771444,0.00784094
2020-08-20,2,0.00350657,0.0079986,0.00782684,0.00784094
2020-08-21,2,0.00380986,0.00787858,0.00824128,0.00784094
2020-08-24,2,0.012294,0.00785638,0.00838055,0.00784094
2020-08-25,2,0.0129062,0.00771962,0.00812382,0.00784094
2020-08-26,2,0.012772,0.00772409,0.0080781,0.00784094
2020-08-27,2,0.0127576,0.0071633,0.0076456,0.00784094
2020-08-28,2,0.0135307,0.00710946,0.00704726,0.00784094
2020-08-31,2,0.00966021,0.00836461,0.00772785,0.00784094
2020-09-01,2,0.00862445,0.00839299,0.00853367,0.00784094
2020-09-02,2,0.00728781,0.00795059,0.00768206,0.00784094
2020-09-03,2,0.0115261,0.00749759,0.0072733,0.00784094
2020-09-04,2,0.0075714,0.00805744,0.00727646,0.00784094
2020-09-07,2,0.00783392,0.00775959,0.00674455,0.00784094
2020-09-08,2,0.00761801,0.00771899,0.00689943,0.00784094
2020-09-09,2,0.00656478,0.00762465,0.00681565,0.00784094
2020-09-10,2,0.00632412,0.00808733,0.00731058,0.00784094
2020-09-11,2,0.00639233,0.00784713,0.00728171,0.00784094
2020-09-14,2,0.0123043,0.0078703,0.00701931,0.00784094
2020-09-15,2,0.0108926,0.00770908,0.00850934,0.00784094
2020-09-16,2,0.00854731,0.00760966,0.00892052,0.00784094
2020-09-17,2,0.0127817,0.00753769,0.00816295,0.00784094
2020-09-18,2,0.0202483,0.00753587,0.00756311,0.00784094
2020-09-21,2,0.0207227,0.00845029,0.00773278,0.00784094
2020-09-22,2,0.0202262,0.0084329,0.0075431,0.00784094
2020-09-23,2,0.0201479,0.00819126,0.00768401,0.00784094
2020-09-24,2,0.00971656,0.00928708,0.00919667,0.00784094
2020-09-25,2,0.00734717,0.0100907,0.0107505,0.00784094
2020-09-28,2,0.00680618,0.0103518,0.0117536,0.00784094
2020-09-29,2,0.00528469,0.0102713,0.0118849,0.00784094
2020-09-30,2,0.00386827,0.00988752,0.0116964,0.00784094
2020-10-01,2,0.00298018,0.00959511,0.00914239,0.00784094
2020-10-05,2,0.00440854,0.00944715,0.00923947,0.00784094
2020-10-06,2,0.00351069,0.00955824,0.00933072,0.00784094
2020-10-07,2,0.00337676,0.00913793,0.00924811,0.00784094
2020-10-08,2,0.0125126,0.0089933,0.00898933,0.00784094
2020-10-09,2,0.0125693,0.00882993,0.00925554,0.00784094
2020-10-12,3,0.0136537,0.00896114,0.00936711,0.00788948
2020-10-13,3,0.0137143,0.0086358,0.00883201,0.00788948
2020-10-14,3,0.0137402,0.00860242,0.0094557,0.00788948
2020-10-15,3,0.00492777,0.0103208,0.00939313,0.00788948
2020-10-16,3,0.00456083,0.0103237,0.0101905,0.00788948
2020-10-19,3,0.0072152,0.0104313,0.0102985,0.00788948
2020-10-20,3,0.00902509,0.0103659,0.0105155,0.00788948
2020-10-21,3,0.0104334,0.0103587,0.0108345,0.00788948
2020-10-22,3,0.0104547,0.00895624,0.00906693,0.00788948
2020-10-23,3,0.00986159,0.00877203,0.00918483,0.00788948
2020-10-26,3,0.00882014,0.00938434,0.00877618,0.00788948
2020-10-27,3,0.0095199,0.00845308,0.00742815,0.00788948
2020-10-28,3,0.00717523,0.00848093,0.00713217,0.00788948
2020-10-29,3,0.00793179,0.00830742,0.00717485,0.00788948
2020-10-30,3,0.00568063,0.00827857,0.00746454,0.00788948
2020-11-02,3,0.00378049,0.00819518,0.007504,0.00788948
2020-11-03,3,0.0037526,0.00816991,0.00729605,0.00788948
2020-11-04,3,0.0033078,0.00797137,0.00791967,0.00788948
2020-11-05,3,0.00808517,0.00819408,0.0070671,0.00788948
2020-11-06,3,0.00843756,0.00804484,0.00744033,0.00788948
2020-11-09,3,0.0075676,0.00792996,0.00893129,0.00788948
2020-11-10,3,0.00646754,0.00804103,0.00916455,0.00788948
2020-11-11,3,0.0095324,0.0079899,0.00926316,0.00788948
2020-11-12,3,0.00941825,0.00872232,0.00950048,0.00788948
2020-11-13,3,0.00948294,0.00875353,0.0096497,0.00788948
2020-11-17,3,0.00902039,0.00776364,0.00753709,0.00788948
2020-11-18,3,0.011861,0.0076436,0.00775019,0.00788948
2020-11-19,3,0.0105555,0.00827358,0.00731484,0.00788948
2020-11-20,3,0.0105185,0.00827708,0.00773024,0.00788948
2020-11-23,3,0.0112451,0.00828607,0.00763392,0.00788948
2020-11-24,3,0.0105253,0.00822469,0.00735518,0.00788948
2020-11-25,3,0.00567936,0.00888297,0.00880158,0.00788948
2020-11-26,3,0.00555538,0.00844743,0.00692104,0.00788948
2020-11-27,3,0.00468437,0.00843766,0.00749691,0.00788948
2020-12-01,3,0.00390481,0.00809365,0.00721857,0.00788948
2020-12-02,3,0.00388962,0.00791598,0.00696522,0.00788948
2020-12-03,3,0.0057613,0.00741745,0.00731537,0.00788948
2020-12-04,3,0.00528515,0.00740766,0.0070945,0.00788948
2020-12-07,3,0.00491412,0.00723409,0.00708632,0.00788948
2020-12-08,3,0.00502362,0.00711287,0.0067976,0.00788948
2020-12-09,3,0.00441237,0.00691794,0.00698414,0.00788948
2020-12-10,3,0.00286151,0.00720167,0.00726579,0.00788948
2020-12-11,3,0.00303303,0.00691571,0.00724589,0.00788948
2020-12-14,3,0.0162118,0.00669423,0.00688151,0.00788948
2020-12-15,3,0.0173483,0.00664418,0.00690004,0.00788948
2020-12-16,3,0.0175794,0.00650989,0.00624578,0.00788948
2020-12-17,3,0.0183214,0.00624323,0.00650696,0.00788948
2020-12-18,3,0.0187612,0.00613929,0.00658909,0.00788948
2020-12-21,3,0.00265605,0.00904809,0.00953942,0.00788948
2020-12-22,3,0.00337164,0.00887829,0.00771796,0.00788948
2020-12-23,3,0.00436725,0.0089276,0.00801246,0.00788948
2020-12-24,3,0.00327753,0.00903596,0.00865757,0.00788948
2020-12-28,3,0.0029542,0.0090399,0.0091155,0.00788948
2020-12-29,3,0.00298075,0.00717866,0.00787183,0.00788948
2020-12-30,3,0.00452413,0.00727927,0.00780521,0.00788948
2020-12-31,3,0.00461155,0.00743743,0.00733771,0.00788948
2021-01-01,3,0.00728726,0.00716993,0.00808731,0.00788948
2021-01-04,3,0.00748095,0.00712348,0.0084366,0.00788948
2021-01-05,3,0.00748263,0.00712568,0.00820407,0.00788948
2021-01-06,3,0.00647831,0.00741618,0.00782679,0.00788948
2021-01-07,3,0.00588396,0.0074172,0.00802851,0.00788948
2021-01-08,3,0.00777809,0.0079287,0.00724544,0.00788948
2021-01-11,3,0.00759758,0.00793864,0.00750959,0.00788948
2021-01-12,3,0.0113716,0.00785092,0.00776098,0.00788948
2021-01-13,3,0.0120907,0.00776298,0.00664442,0.00788948
2021-01-14,3,0.0122482,0.00769632,0.00720411,0.00788948
2021-01-15,3,0.0132246,0.00815803,0.00775382,0.00788948
2021-01-18,3,0.0129927,0.00830924,0.00866597,0.00788948
2021-01-19,3,0.0108136,0.00886962,0.00787659,0.00788948
2021-01-20,3,0.00588766,0.00895754,0.00946152,0.00788948
2021-01-21,3,0.00388962,0.00719938,0.00692559,0.00788948
2021-01-22,3,0.026878,0.00779719,0.00702815,0.00788948
2021-01-25,3,0.0286947,0.00791646,0.00737089,0.00788948
2021-01-27,3,0.02511,0.00828702,0.00721782,0.00788948
2021-01-28,3,0.0222602,0.00790533,0.00732659,0.00788948
2021-01-29,3,0.0180512,0.00778427,0.00761437,0.00788948
2021-02-01,3,0.00877029,0.011576,0.0154028,0.00788948
2021-02-02,3,0.00543179,0.0121118,0.0129825,0.00788948
2021-02-03,3,0.00564712,0.0120017,0.0131584,0.00788948
2021-02-04,3,0.00542666,0.0118615,0.0138264,0.00788948
2021-02-05,3,0.00575025,0.0116286,0.0122787,0.00788948
2021-02-08,3,0.00460026,0.0109316,0.00960004,0.00788948
2021-02-09,3,0.00454491,0.0104642,0.00928521,0.00788948
2021-02-10,3,0.00625341,0.0104097,0.00911047,0.00788948
2021-02-11,3,0.0066838,0.0103398,0.00930231,0.00788948
2021-02-12,3,0.00766355,0.0103889,0.00931816,0.00788948
2021-02-15,3,0.00754874,0.0102198,0.00924392,0.00788948
2021-02-16,3,0.0082206,0.0102051,0.00906209,0.00788948
2021-02-17,3,0.0145351,0.0104422,0.00943773,0.00788948
2021-02-18,3,0.015112,0.0104382,0.00945957,0.00788948
2021-02-19,3,0.0229905,0.0105066,0.00950718,0.00788948
2021-02-22,3,0.0230297,0.0107739,0.00974091,0.00788948
2021-02-23,3,0.0234282,0.0108479,0.00979351,0.00788948
2021-02-24,3,0.0239939,0.0114592,0.0110134,0.00788948
2021-02-25,3,0.024611,0.0114233,0.010599,0.00788948
2021-02-26,3,0.0148964,0.0127391,0.0152928,0.00788948
2021-03-01,3,0.0137572,0.0127512,0.0134591,0.00788948
2021-03-02,3,0.0135983,0.0126179,0.0135941,0.00788948
2021-03-03,3,0.00895376,0.0115435,0.0133065,0.00788948
2021-03-04,3,0.00859285,0.0112587,0.013164,0.00788948
2021-03-05,3,0.00795308,0.0107841,0.0108441,0.00788948
2021-03-08,3,0.00792715,0.0106677,0.0108834,0.00788948
2021-03-09,3,0.00704864,0.0107248,0.0109868,0.00788948
2021-03-10,3,0.00450891,0.0102191,0.00966675,0.00788948
2021-03-12,3,0.0102747,0.0102562,0.0095875,0.00788948
2021-03-15,3,0.0102114,0.010217,0.0096427,0.00788948
2021-03-16,3,0.0108303,0.0101939,0.00960443,0.00788948
2021-03-17,3,0.0123849,0.0101953,0.00934688,0.00788948
2021-03-18,3,0.0132877,0.00973338,0.00961578,0.00788948
2021-03-19,3,0.0132717,0.0106574,0.00984921,0.00788948
2021-03-22,3,0.0178585,0.0106294,0.00980399,0.00788948
2021-03-23,3,0.0183953,0.0106997,0.00967997,0.00788948
2021-03-24,3,0.0165109,0.0110094,0.0107189,0.00788948
2021-03-25,3,0.0165139,0.0109533,0.0101315,0.00788948
2021-03-26,3,0.0158485,0.0110887,0.0103185,0.00788948
2021-03-30,3,0.0121227,0.0115515,0.0114946,0.00788948
2021-03-31,3,0.0107478,0.0116009,0.01259,0.00788948
2021-04-01,3,0.00943128,0.0103795,0.0106387,0.00788948
2021-04-05,3,0.0180693,0.010395,0.010462,0.00788948
2021-04-06,3,0.0196831,0.0102494,0.0099717,0.00788948
2021-04-07,3,0.0191753,0.00959773,0.00968158,0.00788948
2021-04-08,3,0.0190747,0.00941017,0.00897316,0.00788948
2021-04-09,3,0.0200915,0.00921703,0.00940603,0.00788948
2021-04-12,3,0.0117533,0.0109833,0.0122511,0.00788948
2021-04-13,3,0.0102545,0.0111648,0.0129566,0.00788948
2021-04-15,3,0.00958312,0.0111414,0.0138627,0.00788948
2021-04-16,3,0.0111683,0.0110932,0.0137626,0.00788948
2021-04-19,3,0.00788395,0.011351,0.0129477,0.00788948
2021-04-20,3,0.00729401,0.0108114,0.00970592,0.00788948
2021-04-22,3,0.00773974,0.0106426,0.0100191,0.00788948
2021-04-23,3,0.0130501,0.0105043,0.0100636,0.00788948
2021-04-26,3,0.0126586,0.0105959,0.00981099,0.00788948
2021-04-27,3,0.0121977,0.0103793,0.0100728,0.00788948
2021-04-28,3,0.0103237,0.0104359,0.00960059,0.00788948
2021-04-29,3,0.0112353,0.0102247,0.00994204,0.00788948
2021-04-30,3,0.00745475,0.010792,0.0103903,0.00788948
2021-05-03,3,0.00764095,0.0106031,0.0100119,0.00788948
2021-05-04,3,0.00617108,0.0101557,0.0109989,0.00788948
2021-05-05,3,0.00869874,0.00998876,0.00992168,0.00788948
2021-05-06,3,0.00798228,0.00998155,0.00929495,0.00788948
2021-05-07,3,0.0109358,0.00943564,0.00961013,0.00788948
2021-05-10,3,0.0117329,0.00949875,0.0095068,0.00788948
2021-05-11,3,0.011566,0.0092871,0.00948578,0.00788948
2021-05-12,3,0.010995,0.00966595,0.00950391,0.00788948
2021-05-14,3,0.0124528,0.00958674,0.00973285,0.00788948
2021-05-17,3,0.0112183,0.0086899,0.00783756,0.00788948
2021-05-18,3,0.0101229,0.00871435,0.00766035,0.00788948
2021-05-19,3,0.00955323,0.00874512,0.00793879,0.00788948
2021-05-20,3,0.00712166,0.00881341,0.00953776,0.00788948
2021-05-21,3,0.00264648,0.00876848,0.00765816,0.00788948
2021-05-24,3,0.003482,0.00862199,0.00771085,0.00788948
2021-05-25,3,0.00387772,0.00850604,0.00775226,0.00788948
2021-05-26,3,0.00427177,0.00840926,0.00763712,0.00788948
2021-05-27,3,0.00449292,0.00811579,0.00749931,0.00788948
2021-05-28,3,0.00499351,0.007337,0.00789448,0.00788948
2021-05-31,3,0.00383536,0.00737742,0.00814862,0.00788948
2021-06-01,3,0.00387525,0.00745435,0.00831998,0.00788948
2021-06-02,3,0.00556895,0.00693406,0.00676164,0.00788948
2021-06-03,3,0.00534801,0.00697494,0.00704366,0.00788948
2021-06-04,3,0.00539394,0.00680332,0.00732732,0.00788948
2021-06-07,3,0.0050178,0.00660521,0.0069007,0.00788948
2021-06-08,3,0.00507101,0.00660969,0.00755891,0.00788948
2021-06-09,3,0.00496961,0.00695688,0.00727426,0.00788948
2021-06-10,3,0.00479712,0.00690719,0.00722862,0.00788948
2021-06-11,3,0.00412102,0.00678092,0.00702098,0.00788948
2021-06-14,3,0.00476667,0.00640325,0.00632505,0.00788948
2021-06-15,3,0.00437373,0.00636498,0.00565104,0.00788948
2021-06-16,3,0.00409644,0.00615314,0.00598591,0.00788948
2021-06-17,3,0.00458982,0.00600737,0.00619068,0.00788948
2021-06-18,3,0.0046433,0.00582304,0.00699033,0.00788948
2021-06-21,3,0.00499637,0.00563384,0.00611201,0.00788948
2021-06-22,3,0.00543054,0.00482449,0.00668408,0.00788948
2021-06-23,3,0.00476055,0.00496522,0.00628951,0.00788948
2021-06-24,3,0.00337289,0.00509317,0.00632917,0.00788948
2021-06-25,3,0.00263473,0.00505655,0.00624588,0.00788948
2021-06-28,3,0.00460923,0.00514283,0.00620808,0.00788948
2021-06-29,3,0.00402458,0.00518475,0.00617631,0.00788948
2021-06-30,3,0.00389675,0.00487272,0.00662628,0.00788948
2021-07-01,3,0.00640568,0.004746,0.00680405,0.00788948
2021-07-02,3,0.0063992,0.00465861,0.00672859,0.00788948
2021-07-05,3,0.00494944,0.00489151,0.00651021,0.00788948
2021-07-06,3,0.00653622,0.00482861,0.00689641,0.00788948
2021-07-07,3,0.00636958,0.00477615,0.00652645,0.00788948
2021-07-08,3,0.00385311,0.00528915,0.00596811,0.00788948
2021-07-09,3,0.00318562,0.0051554,0.006471,0.00788948
2021-07-12,3,0.00703431,0.00489088,0.00603335,0.00788948
2021-07-13,3,0.00662406,0.0051677,0.0065,0.00788948
2021-07-14,3,0.00926193,0.00516274,0.00631875,0.00788948
2021-07-15,3,0.00900973,0.00495084,0.00633581,0.00788948
2021-07-16,3,0.00900812,0.00471938,0.00622883,0.00788948
2021-07-19,3,0.0077487,0.00539878,0.00575731,0.00788948
2021-07-20,3,0.00674738,0.00554435,0.00645339,0.00788948
2021-07-22,3,0.00372813,0.00607928,0.00647037,0.00788948
2021-07-23,3,0.00343559,0.00605942,0.00628769,0.00788948
2021-07-26,3,0.00516628,0.00598748,0.00638392,0.00788948
2021-07-27,3,0.00714829,0.00585017,0.00567206,0.00788948
2021-07-28,3,0.00594382,0.00573126,0.00551342,0.00788948
2021-07-29,3,0.00624549,0.0054623,0.00522693,0.00788948
2021-07-30,3,0.00703422,0.00537932,0.00559536,0.00788948
2021-08-02,3,0.00721983,0.0057124,0.0058097,0.00788948
2021-08-03,3,0.00405332,0.0063447,0.00632157,0.00788948
2021-08-04,3,0.00222417,0.00632226,0.00557969,0.00788948
2021-08-05,3,0.003043,0.00628255,0.00512457,0.00788948
2021-08-06,3,0.00405897,0.00637977,0.00532564,0.00788948
2021-08-09,3,0.00395744,0.00637879,0.00577531,0.00788948
2021-08-10,3,0.00376717,0.00579302,0.00480384,0.00788948
2021-08-11,3,0.00464191,0.00544954,0.00500325,0.00788948
2021-08-12,3,0.00647367,0.00562206,0.00477958,0.00788948
2021-08-13,3,0.00446811,0.00584066,0.00535715,0.00788948
2021-08-16,3,0.00577836,0.00580824,0.00488297,0.00788948
2021-08-17,3,0.00562867,0.0057725,0.00504852,0.00788948
2021-08-18,3,0.00538687,0.00592216,0.00500727,0.00788948
2021-08-20,3,0.0030667,0.00592915,0.00525684,0.00788948
2021-08-23,3,0.00552612,0.00550195,0.00509291,0.00788948
2021-08-24,3,0.00624667,0.00545245,0.00581661,0.00788948
2021-08-25,3,0.00724635,0.00544183,0.00615757,0.00788948
2021-08-26,3,0.00676837,0.00538305,0.00575294,0.00788948
2021-08-27,3,0.00666688,0.00497202,0.0050167,0.00788948
2021-08-30,3,0.0058267,0.00547512,0.00597584,0.00788948
2021-08-31,3,0.00493093,0.00571972,0.00568443,0.00788948
2021-09-01,3,0.00419706,0.0058656,0.00451715,0.00788948
2021-09-02,3,0.00256168,0.00586811,0.00519593,0.00788948
2021-09-03,3,0.00170448,0.00549275,0.00536637,0.00788948
2021-09-06,3,0.00106657,0.00535967,0.00538267,0.00788948
2021-09-07,3,0.00358196,0.00531949,0.00618419,0.00788948
2021-09-08,3,0.00376729,0.00516,0.00550036,0.00788948
2021-09-09,3,0.00451575,0.00493689,0.00546578,0.00788948
2021-09-13,3,0.00751889,0.00478449,0.00531258,0.00788948
2021-09-14,3,0.00855527,0.00456892,0.00499329,0.00788948
2021-09-15,3,0.00791981,0.00515919,0.00552214,0.00788948
2021-09-16,3,0.0103977,0.00507604,0.00513259,0.00788948
2021-09-17,3,0.0100875,0.00524164,0.00538082,0.00788948
2021-09-20,3,0.00710285,0.00595989,0.00529343,0.00788948
2021-09-21,3,0.00808093,0.00609075,0.00515438,0.00788948
2021-09-22,3,0.00821221,0.0058335,0.00618893,0.00788948
2021-09-23,3,0.00332403,0.00637237,0.00674989,0.00788948
2021-09-24,3,0.00255615,0.00631475,0.00542713,0.00788948
2021-09-27,3,0.00625975,0.00612247,0.0054039,0.00788948
2021-09-28,3,0.00687351,0.00636067,0.00511004,0.00788948
2021-09-29,3,0.00842751,0.00641893,0.00515297,0.00788948
2021-09-30,3,0.00875309,0.005775,0.00520233,0.00788948
2021-10-01,3,0.00793495,0.00549973,0.00483593,0.00788948
2021-10-04,3,0.0074391,0.00605635,0.00560782,0.00788948
2021-10-05,3,0.00700641,0.00604589,0.00581707,0.00788948
2021-10-06,3,0.00307109,0.00640915,0.00580161,0.00788948
2021-10-07,3,0.00342692,0.00653329,0.00593579,0.00788948
2021-10-08,3,0.00348243,0.00650965,0.00528631,0.00788948
2021-10-11,3,0.00547697,0.00646779,0.0053565,0.00788948
2021-10-12,3,0.00823995,0.00643349,0.00526709,0.00788948
2021-10-13,3,0.00794798,0.0060641,0.00538298,0.00788948
2021-10-14,3,0.00593733,0.00621605,0.00542671,0.00788948
2021-10-18,3,0.00320161,0.00621143,0.00550724,0.00788948
2021-10-19,3,0.00618827,0.00649128,0.00476781,0.00788948
2021-10-20,3,0.00514461,0.00689924,0.00782826,0.00788948
2021-10-21,3,0.0100673,0.00666638,0.00543083,0.00788948
2021-10-22,3,0.0105252,0.00642804,0.00498239,0.00788948
2021-10-25,3,0.0137115,0.00606774,0.00558413,0.00788948
2021-10-26,3,0.0125588,0.00611,0.00576977,0.00788948
2021-10-27,3,0.0125551,0.00604548,0.00508165,0.00788948
2021-10-28,3,0.00945254,0.00724271,0.00793059,0.00788948
2021-10-29,3,0.00746535,0.00739333,0.00843298,0.00788948
2021-11-01,3,0.00512852,0.00790542,0.00765579,0.00788948
2021-11-02,3,0.00500513,0.00780259,0.00741129,0.00788948
2021-11-03,3,0.00636424,0.00777877,0.00753203,0.00788948
2021-11-04,3,0.00836947,0.00750061,0.00869122,0.00788948
2021-11-08,3,0.00757454,0.00736744,0.00929395,0.00788948
2021-11-09,3,0.00813552,0.00695256,0.00792926,0.00788948
2021-11-10,3,0.00846185,0.00686036,0.00788411,0.00788948
2021-11-11,3,0.00836634,0.00707185,0.00914656,0.00788948
2021-11-12,3,0.00739023,0.00749473,0.00852277,0.00788948
2021-11-15,3,0.00880239,0.0074196,0.0075292,0.00788948
2021-11-16,3,0.00883574,0.00738881,0.00869128,0.00788948
2021-11-17,3,0.0107589,0.00727716,0.00865665,0.00788948
2021-11-18,3,0.0158139,0.00720115,0.00893011,0.00788948
2021-11-22,3,0.0148564,0.00761337,0.00783294,0.00788948
2021-11-23,3,0.0139815,0.00775831,0.00813955,0.00788948
2021-11-24,3,0.0159132,0.00776426,0.00818132,0.00788948
2021-11-25,3,0.0171654,0.00800904,0.00827914,0.00788948
2021-11-26,3,0.0104961,0.00928365,0.00935066,0.00788948
2021-11-29,3,0.0134363,0.00911372,0.00885851,0.00788948
2021-11-30,3,0.0152794,0.00906506,0.0095806,0.00788948
2021-12-01,3,0.0163461,0.00903211,0.00867737,0.00788948
2021-12-02,3,0.0153625,0.00926429,0.00936795,0.00788948
2021-12-03,3,0.0136632,0.00870535,0.00921159,0.00788948
2021-12-06,3,0.0107236,0.0091577,0.00891961,0.00788948
2021-12-07,3,0.00938486,0.00961534,0.00952679,0.00788948
2021-12-08,3,0.00435259,0.00998889,0.0106437,0.00788948
2021-12-09,3,0.00400886,0.00985507,0.0107023,0.00788948
2021-12-10,3,0.00636868,0.00975172,0.0101145,0.00788948
2021-12-13,3,0.0096794,0.00958255,0.00864908,0.00788948
2021-12-14,3,0.0126425,0.00942698,0.00932089,0.00788948
2021-12-15,3,0.0148837,0.00861391,0.00930444,0.00788948
2021-12-16,3,0.0154799,0.00855327,0.00932523,0.00788948
2021-12-17,3,0.0137762,0.00907136,0.00884206,0.00788948
2021-12-20,3,0.0058756,0.00977069,0.00945793,0.00788948
2021-12-21,3,0.00575413,0.0101245,0.0113462,0.00788948
2021-12-22,3,0.00538957,0.0101395,0.0115989,0.00788948
2021-12-23,3,0.00507472,0.0102032,0.0115346,0.00788948
2021-12-24,3,0.00476253,0.0100886,0.0121462,0.00788948
2021-12-27,3,0.00704395,0.00931267,0.00970007,0.00788948
2021-12-28,3,0.00720781,0.00857042,0.0100286,0.00788948
2021-12-29,3,0.00584476,0.00852041,0.00995784,0.00788948
2021-12-30,3,0.0096602,0.0084501,0.00952141,0.00788948
2021-12-31,3,0.00959467,0.00836296,0.00996044,0.00788948
2022-01-03,3,0.00846313,0.0087287,0.00933114,0.00788948
2022-01-04,3,0.00779523,0.0086567,0.00982281,0.00788948
2022-01-05,3,0.0080787,0.00812121,0.00826975,0.00788948
2022-01-06,3,0.00370498,0.00846075,0.00735916,0.00788948
2022-01-07,3,0.00452287,0.0081402,0.00735042,0.00788948
2022-01-10,3,0.00320518,0.00816725,0.0070693,0.00788948
2022-01-11,3,0.00710131,0.00810385,0.00738598,0.00788948
2022-01-12,3,0.00665361,0.00806165,0.00768254,0.00788948
2022-01-13,3,0.00643055,0.00748208,0.00800752,0.00788948
2022-01-14,3,0.00567997,0.00753273,0.0075393,0.00788948
2022-01-17,3,0.00781219,0.00729874,0.0079175,0.00788948
2022-01-18,3,0.0121984,0.00764071,0.00706363,0.00788948
2022-01-19,3,0.0121988,0.00682814,0.00632606,0.00788948
2022-01-20,3,0.0128115,0.00704557,0.00728283,0.00788948
2022-01-21,3,0.0159459,0.00700859,0.00776796,0.00788948
2022-01-24,3,0.0100654,0.0082959,0.0081058,0.00788948
2022-01-25,3,0.0104712,0.00867496,0.00814353,0.00788948
2022-01-27,3,0.011482,0.00877583,0.00938099,0.00788948
2022-01-28,3,0.0117641,0.00871942,0.00769407,0.00788948
2022-01-31,3,0.0138794,0.00914006,0.00902329,0.00788948
2022-02-01,3,0.011652,0.00896003,0.00907416,0.00788948
2022-02-02,3,0.0116056,0.00905054,0.00924194,0.00788948
2022-02-03,3,0.0113214,0.00906261,0.00945918,0.00788948
2022-02-04,3,0.0129344,0.00895781,0.00918813,0.00788948
2022-02-07,3,0.0176814,0.0093272,0.00992703,0.00788948
2022-02-08,3,0.0235564,0.00911864,0.00912166,0.00788948
2022-02-09,3,0.0228339,0.00926372,0.00932252,0.00788948
2022-02-10,3,0.0222184,0.00918674,0.00945801,0.00788948
2022-02-11,3,0.0215397,0.00943514,0.0099351,0.00788948
2022-02-14,3,0.0143211,0.0104253,0.011334,0.00788948
2022-02-15,3,0.0023422,0.0116301,0.0128862,0.00788948
2022-02-16,3,0.00234906,0.0115929,0.0141535,0.00788948
2022-02-17,3,0.0204302,0.0115424,0.0143434,0.00788948
2022-02-18,3,0.0265421,0.0114531,0.0141092,0.00788948
2022-02-21,3,0.0274529,0.01097,0.0109102,0.00788948
2022-02-22,3,0.0276047,0.00927622,0.00945165,0.00788948
2022-02-23,3,0.0275107,0.00925158,0.0095119,0.00788948
2022-02-24,3,0.0165487,0.0124797,0.0148683,0.00788948
2022-02-25,3,0.011846,0.0132046,0.0139787,0.00788948
2022-02-28,3,0.0123517,0.0132533,0.0142788,0.00788948
2022-03-02,3,0.0180783,0.0133199,0.0138483,0.00788948
2022-03-03,3,0.0196059,0.0131716,0.0139568,0.00788948
2022-03-04,3,0.0173275,0.012504,0.0121438,0.00788948
2022-03-07,3,0.00691725,0.0122155,0.0109413,0.00788948
2022-03-08,3,0.0132277,0.0123461,0.0128016,0.00788948
2022-03-09,3,0.0127877,0.0131305,0.0127374,0.00788948
2022-03-10,3,0.0133013,0.0132804,0.0140914,0.00788948
2022-03-11,3,0.0155514,0.0131272,0.0124587,0.00788948
2022-03-14,3,0.015202,0.0121259,0.0111956,0.00788948
2022-03-15,3,0.0130885,0.0128626,0.0119952,0.00788948
2022-03-16,3,0.011581,0.0129701,0.0117689,0.00788948
2022-03-17,3,0.00793124,0.0126741,0.0119374,0.00788948
2022-03-21,3,0.00662245,0.0123998,0.0127774,0.00788948
2022-03-22,3,0.00464727,0.0124602,0.0128498,0.00788948
2022-03-23,3,0.0056234,0.0123007,0.0117628,0.00788948
2022-03-24,3,0.00573902,0.0121637,0.0109925,0.00788948
2022-03-25,3,0.00535391,0.0117513,0.0115293,0.00788948
2022-03-28,3,0.00851961,0.0115434,0.0113888,0.00788948
2022-03-29,3,0.0108482,0.0111921,0.011142,0.00788948
2022-03-30,3,0.0126251,0.00971174,0.00940926,0.00788948
2022-03-31,3,0.0138335,0.00932765,0.00924128,0.00788948
2022-04-01,3,0.0132926,0.00931817,0.00905556,0.00788948
2022-04-04,3,0.00713537,0.00984667,0.00988706,0.00788948
2022-04-05,3,0.00735923,0.010043,0.00945052,0.00788948
2022-04-06,3,0.00709414,0.00997102,0.0103507,0.00788948
2022-04-07,3,0.00925704,0.00941605,0.00996093,0.00788948
2022-04-08,3,0.00561079,0.00937156,0.0096853,0.00788948
2022-04-11,3,0.0106933,0.00867881,0.0100938,0.00788948
2022-04-12,3,0.0140426,0.00868042,0.0102877,0.00788948
2022-04-13,3,0.0149416,0.00868565,0.0101048,0.00788948
2022-04-18,3,0.0139703,0.00911991,0.00959471,0.00788948
2022-04-19,3,0.0143515,0.00871971,0.00981524,0.00788948
2022-04-20,3,0.0144789,0.00898961,0.00962126,0.00788948
2022-04-21,3,0.0137478,0.00908377,0.00982237,0.00788948
2022-04-22,3,0.0129719,0.0092201,0.00939992,0.00788948
2022-04-25,3,0.0112672,0.00916917,0.00986725,0.00788948
2022-04-26,3,0.0128021,0.00944517,0.00966612,0.00788948
2022-04-27,3,0.0129176,0.00954698,0.00982784,0.00788948
2022-04-28,3,0.00986153,0.00964987,0.010263,0.00788948
2022-04-29,3,0.0099532,0.00965212,0.0097334,0.00788948
2022-05-02,3,0.00962916,0.00948449,0.00925374,0.00788948
2022-05-04,3,0.00623017,0.00995307,0.00932033,0.00788948
2022-05-05,3,0.00826105,0.00996477,0.00933127,0.00788948
2022-05-06,3,0.00838289,0.00970698,0.00920365,0.00788948
2022-05-09,3,0.00991031,0.0090449,0.0097673,0.00788948
2022-05-10,3,0.0174408,0.00901774,0.00993195,0.00788948
2022-05-11,3,0.0172773,0.00864927,0.0101641,0.00788948
2022-05-12,3,0.0188194,0.00919398,0.00962401,0.00788948
2022-05-13,3,0.0225982,0.00902834,0.00992287,0.00788948
2022-05-16,3,0.0229826,0.00923979,0.00936381,0.00788948
2022-05-17,3,0.0197653,0.0106292,0.0111983,0.00788948
2022-05-18,3,0.0198612,0.0106245,0.0109091,0.00788948
2022-05-19,3,0.0147368,0.0110338,0.0125774,0.00788948
2022-05-20,3,0.00835751,0.0119565,0.0140421,0.00788948
2022-05-23,3,0.0109267,0.0118526,0.0143608,0.00788948
2022-05-24,3,0.0107023,0.0114468,0.0140351,0.00788948
2022-05-25,3,0.0100649,0.0113861,0.0138012,0.00788948
2022-05-26,3,0.00994635,0.0110622,0.0110516,0.00788948
2022-05-27,3,0.00991511,0.010422,0.0100288,0.00788948
2022-05-30,3,0.0043942,0.0109533,0.00925034,0.00788948
2022-05-31,3,0.00564527,0.0108034,0.00978553,0.00788948
2022-06-01,3,0.00564042,0.0107128,0.00998915,0.00788948
2022-06-02,3,0.00604441,0.0107412,0.00986491,0.00788948
2022-06-03,3,0.00911953,0.010334,0.00989015,0.00788948
2022-06-06,3,0.0129593,0.00959582,0.00941995,0.00788948
2022-06-07,3,0.0133592,0.00966775,0.00940981,0.00788948
2022-06-08,3,0.0134703,0.00963651,0.00949219,0.00788948
2022-06-09,3,0.011,0.00972392,0.00959065,0.00788948
2022-06-10,3,0.0115957,0.0103192,0.00952059,0.00788948
2022-06-13,3,0.00940592,0.0108362,0.010626,0.00788948
2022-06-14,3,0.014451,0.0108601,0.0104087,0.00788948
2022-06-15,3,0.0156731,0.0108491,0.0105152,0.00788948
2022-06-16,3,0.0126924,0.0103685,0.00914567,0.00788948
2022-06-17,3,0.0122833,0.0104147,0.00915805,0.00788948
2022-06-20,3,0.012317,0.00971153,0.00959812,0.00788948
2022-06-21,3,0.0101996,0.00960393,0.00975542,0.00788948
2022-06-22,3,0.0056881,0.00984362,0.00988421,0.00788948
2022-06-23,3,0.0056269,0.00977347,0.0100978,0.00788948
2022-06-24,3,0.00461151,0.00982896,0.0104517,0.00788948
2022-06-27,3,0.00332317,0.00982043,0.0105706,0.00788948
2022-06-28,3,0.00331781,0.00950822,0.00958682,0.00788948
2022-06-29,3,0.00576011,0.00858893,0.00966698,0.00788948
2022-06-30,3,0.00595332,0.00856538,0.00969335,0.00788948
2022-07-01,3,0.00484309,0.00840949,0.00959888,0.00788948
2022-07-04,3,0.00559174,0.00814568,0.00948015,0.00788948
2022-07-05,3,0.00840819,0.00814359,0.00964454,0.00788948
2022-07-06,3,0.00769248,0.00874262,0.00951425,0.00788948
2022-07-07,3,0.00573295,0.00880827,0.00956409,0.00788948
2022-07-08,3,0.00625761,0.00867086,0.00939331,0.00788948
2022-07-11,3,0.0097135,0.00872092,0.00907054,0.00788948
2022-07-12,3,0.00772368,0.00884938,0.00972622,0.00788948
2022-07-13,3,0.00620781,0.00793259,0.00753916,0.00788948
2022-07-14,3,0.0043053,0.00771388,0.00793578,0.00788948
2022-07-15,3,0.00430971,0.00780716,0.00800112,0.00788948
2022-07-18,3,0.00600366,0.00753657,0.00682923,0.00788948
2022-07-19,3,0.00844437,0.00729395,0.00673748,0.00788948
2022-07-20,3,0.0080679,0.0072476,0.00690157,0.00788948
2022-07-21,3,0.0107724,0.00661295,0.00599593,0.00788948
2022-07-22,3,0.0115952,0.00601498,0.00607622,0.00788948
2022-07-25,3,0.0100791,0.00628938,0.00615131,0.00788948
2022-07-26,3,0.00626353,0.00668747,0.00605352,0.00788948
2022-07-27,3,0.00718071,0.00668368,0.00592267,0.00788948
2022-07-28,3,0.00628966,0.0072845,0.00679482,0.00788948
2022-07-29,3,0.00446652,0.00743709,0.00697006,0.00788948
2022-08-01,3,0.00307923,0.00737122,0.0069534,0.00788948
2022-08-02,3,0.00304571,0.00702234,0.00714122,0.00788948
2022-08-03,3,0.00376495,0.00711392,0.00716914,0.00788948
2022-08-04,3,0.00332716,0.00699591,0.00738666,0.00788948
2022-08-05,3,0.00322784,0.00671078,0.00748619,0.00788948
2022-08-08,3,0.00311506,0.0064652,0.00713856,0.00788948
2022-08-10,3,0.00307108,0.00645771,0.00772338,0.00788948
2022-08-11,3,0.00737472,0.00657587,0.00728852,0.00788948
2022-08-12,3,0.0102707,0.00614396,0.00631302,0.00788948
2022-08-16,3,0.00979632,0.00590717,0.00657953,0.00788948
2022-08-17,3,0.00877967,0.00579162,0.00662096,0.00788948
2022-08-18,3,0.00841222,0.00582099,0.00721579,0.00788948
2022-08-19,3,0.00804029,0.00662842,0.00573474,0.00788948
2022-08-22,3,0.00760773,0.00749036,0.00691885,0.00788948
2022-08-23,3,0.0146184,0.00735307,0.00725309,0.00788948
2022-08-24,3,0.0159803,0.00726363,0.00726968,0.00788948
2022-08-25,3,0.0158253,0.00728698,0.00752683,0.00788948
2022-08-26,3,0.0161384,0.00715829,0.00724693,0.00788948
2022-08-29,3,0.0139067,0.00736732,0.00734141,0.00788948
2022-08-30,3,0.00696135,0.0085579,0.00833386,0.00788948
2022-09-01,3,0.00524319,0.00862029,0.00760632,0.00788948
2022-09-02,3,0.00501075,0.00840277,0.00759012,0.00788948
2022-09-05,3,0.00477238,0.00833849,0.00819256,0.00788948
2022-09-06,3,0.00459477,0.00822795,0.00819492,0.00788948
2022-09-07,3,0.00528689,0.00772137,0.0075623,0.00788948
2022-09-08,3,0.00615052,0.00760744,0.00799804,0.00788948
2022-09-09,3,0.0109097,0.00757625,0.0082193,0.00788948
2022-09-12,3,0.0107943,0.0075205,0.00816565,0.00788948
2022-09-13,3,0.0117601,0.00752401,0.0078996,0.00788948
2022-09-14,3,0.0118216,0.00760429,0.00748325,0.00788948
2022-09-15,3,0.0116904,0.00778777,0.00773365,0.00788948
2022-09-16,3,0.0108922,0.00862842,0.00716886,0.00788948
2022-09-19,3,0.0118115,0.00858491,0.00850428,0.00788948
2022-09-20,3,0.00793039,0.00881122,0.00881022,0.00788948
2022-09-21,3,0.00767081,0.00870828,0.00884734,0.00788948
2022-09-22,3,0.0081627,0.00843851,0.00700291,0.00788948
2022-09-23,3,0.0126511,0.00873095,0.00737316,0.00788948
2022-09-26,3,0.0110179,0.00913241,0.0079071,0.00788948
2022-09-27,3,0.0155051,0.00879737,0.00907665,0.00788948
2022-09-28,3,0.0140596,0.00881426,0.00936335,0.00788948
2022-09-29,3,0.0138728,0.00869601,0.00947545,0.00788948
2022-09-30,3,0.0130123,0.00855541,0.00765381,0.00788948
2022-10-03,3,0.0138144,0.0084489,0.0073486,0.00788948
2022-10-04,3,0.00878397,0.00942247,0.00943056,0.00788948
2022-10-06,3,0.00844935,0.00928672,0.0108429,0.00788948
2022-10-07,3,0.0105139,0.00927543,0.0105983,0.00788948
2022-10-10,3,0.0110143,0.00923,0.00997513,0.00788948
2022-10-11,3,0.00694552,0.0093449,0.0107179,0.00788948
2022-10-12,3,0.00702693,0.00906217,0.0101391,0.00788948
2022-10-13,3,0.00399479,0.00898561,0.00988856,0.00788948
2022-10-14,3,0.00403239,0.00922326,0.00955931,0.00788948
2022-10-17,3,0.00432421,0.00935123,0.00861775,0.00788948
2022-10-18,3,0.00466133,0.00906359,0.00946246,0.00788948
2022-10-19,3,0.00478656,0.00871091,0.00996687,0.00788948
2022-10-20,3,0.00478404,0.00825528,0.00983205,0.00788948
2022-10-21,3,0.00635201,0.00813013,0.00968878,0.00788948
2022-10-24,3,0.0061702,0.00823777,0.0100444,0.00788948
2022-10-25,3,0.00590473,0.00828496,0.00984314,0.00788948
2022-10-27,3,0.00657979,0.00796299,0.00835968,0.00788948
2022-10-28,3,0.00656771,0.00748085,0.0077002,0.00788948
2022-10-31,3,0.0045216,0.00780862,0.00750252,0.00788948
2022-11-01,3,0.00373898,0.00762918,0.00820475,0.00788948
2022-11-02,3,0.00481989,0.00761713,0.00773553,0.00788948
2022-11-03,3,0.00936963,0.00746558,0.00724895,0.00788948
2022-11-04,3,0.00956427,0.00711248,0.00732139,0.00788948
2022-11-07,3,0.00952686,0.00616672,0.00633131,0.00788948
2022-11-09,3,0.00925533,0.00610481,0.00686797,0.00788948
2022-11-10,3,0.00840661,0.00639464,0.00570737,0.00788948
2022-11-11,3,0.0028886,0.00717119,0.00699811,0.00788948
2022-11-14,3,0.00451632,0.00655127,0.00683506,0.00788948
2022-11-15,3,0.00471098,0.00649588,0.00668269,0.00788948
2022-11-16,3,0.00482934,0.00627124,0.0068176,0.00788948
2022-11-17,3,0.00741989,0.00621733,0.00662202,0.00788948
2022-11-18,3,0.00716722,0.00564027,0.00698528,0.00788948
2022-11-21,3,0.00435025,0.00596993,0.00665244,0.00788948
2022-11-22,3,0.00439005,0.00601095,0.00639729,0.00788948
2022-11-23,3,0.00428337,0.00602171,0.00686506,0.00788948
2022-11-24,3,0.0023003,0.00647288,0.00642596,0.00788948
2022-11-25,3,0.00499727,0.00635191,0.00690612,0.00788948
2022-11-28,3,0.00502721,0.00596908,0.00645193,0.00788948
2022-11-29,3,0.00530707,0.00595866,0.00616666,0.00788948
2022-11-30,3,0.00366456,0.00600432,0.00639596,0.00788948
2022-12-01,3,0.00357857,0.00544598,0.00599048,0.00788948
2022-12-02,3,0.00354238,0.00591453,0.00613388,0.00788948
2022-12-05,3,0.00350375,0.00586458,0.00617923,0.00788948
2022-12-06,3,0.00495975,0.00591844,0.00608309,0.00788948
2022-12-07,3,0.00451851,0.0057847,0.00612285,0.00788948
2022-12-08,3,0.00764351,0.00574722,0.00638843,0.00788948
2022-12-09,3,0.00792847,0.0058235,0.00606763,0.00788948
2022-12-12,3,0.00931135,0.00567248,0.00615202,0.00788948
2022-12-13,3,0.00850315,0.00515668,0.00579298,0.00788948
2022-12-14,3,0.00849539,0.00510499,0.00637828,0.00788948
2022-12-15,3,0.00715481,0.00587308,0.00668364,0.00788948
2022-12-16,3,0.0097213,0.00604843,0.00679553,0.00788948
2022-12-19,3,0.0109147,0.00628041,0.00704956,0.00788948
2022-12-20,3,0.0120016,0.00622725,0.00663418,0.00788948
2022-12-21,3,0.0112658,0.0063106,0.00634653,0.00788948
2022-12-22,3,0.0112628,0.00618327,0.00654977,0.00788948
2022-12-23,3,0.00629624,0.00698161,0.00615258,0.00788948
2022-12-26,3,0.00459922,0.00704636,0.00585422,0.00788948
2022-12-27,3,0.00388044,0.00720485,0.00757464,0.00788948
2022-12-28,3,0.00654645,0.0071286,0.00658237,0.00788948
2022-12-29,3,0.00601765,0.0071344,0.00709199,0.00788948
2022-12-30,3,0.00640563,0.00662632,0.00605625,0.00788948
2023-01-02,3,0.00936611,0.00648392,0.00618758,0.00788948
2023-01-03,3,0.00998282,0.00636124,0.00637079,0.00788948
2023-01-04,3,0.00920677,0.00681902,0.00818834,0.00788948
2023-01-05,3,0.00918928,0.00675382,0.00776215,0.00788948
2023-01-06,3,0.00892253,0.00683686,0.00880291,0.00788948
2023-01-09,3,0.00568173,0.00743134,0.00888386,0.00788948
2023-01-10,3,0.00532128,0.00757078,0.00828453,0.00788948
2023-01-11,3,0.00542509,0.00750981,0.00810803,0.00788948
2023-01-12,3,0.00569132,0.0074117,0.00824048,0.00788948
2023-01-13,3,0.00621491,0.00744387,0.00892064,0.00788948
2023-01-16,3,0.00591992,0.00693737,0.008147,0.00788948
2023-01-17,3,0.00476319,0.00697155,0.00856334,0.00788948
2023-01-18,3,0.00646341,0.00693092,0.0084402,0.00788948
2023-01-19,3,0.00875502,0.00696829,0.0080581,0.00788948
2023-01-20,3,0.00951573,0.00689711,0.00835837,0.00788948
2023-01-23,3,0.00862306,0.00689043,0.00850214,0.00788948
2023-01-24,3,0.00831359,0.00614816,0.00611538,0.00788948
2023-01-25,3,0.0075185,0.00639775,0.0058788,0.00788948
2023-01-27,3,0.00638287,0.00694568,0.00709267,0.00788948
2023-01-30,3,0.00729609,0.00702457,0.00756666,0.00788948
2023-01-31,3,0.00749257,0.00692203,0.00669101,0.00788948
2023-02-01,3,0.00790322,0.00687942,0.00620201,0.00788948
2023-02-02,3,0.00777493,0.00674136,0.00628354,0.00788948
2023-02-03,3,0.00519873,0.00702146,0.00845334,0.00788948
2023-02-06,3,0.00514657,0.00696576,0.00857723,0.00788948
2023-02-07,3,0.00616526,0.00698016,0.0081328,0.00788948
2023-02-08,3,0.00543423,0.00706344,0.00897006,0.00788948
2023-02-09,3,0.00543636,0.00671777,0.00631148,0.00788948
2023-02-10,3,0.00607584,0.0062887,0.00586261,0.00788948
2023-02-13,3,0.00626354,0.0063235,0.00563605,0.00788948
2023-02-14,3,0.00434198,0.0065767,0.00580783,0.00788948
2023-02-15,3,0.0063555,0.00648862,0.00592284,0.00788948
2023-02-16,3,0.00563067,0.00646456,0.00632621,0.00788948
2023-02-17,3,0.0058275,0.0064264,0.00564838,0.00788948
2023-02-20,3,0.00585024,0.00640526,0.00570084,0.00788948
2023-02-21,3,0.00539657,0.00618384,0.00624148,0.00788948
2023-02-22,3,0.00550176,0.00678111,0.00766958,0.00788948
2023-02-23,3,0.00619354,0.00663291,0.00634315,0.00788948
2023-02-24,3,0.010039,0.00665016,0.00626595,0.00788948
2023-02-27,3,0.00967378,0.00643531,0.00583683,0.00788948
2023-02-28,3,0.00848383,0.00594081,0.00626916,0.00788948
2023-03-01,3,0.0102823,0.00611683,0.0063849,0.00788948
2023-03-02,3,0.0109183,0.0062765,0.00637856,0.00788948
2023-03-03,3,0.00914246,0.00708059,0.00728762,0.00788948
2023-03-06,3,0.00642349,0.00713528,0.00824602,0.00788948
2023-03-08,3,0.00407274,0.00670725,0.00615065,0.00788948
2023-03-09,3,0.00595601,0.00694346,0.00613561,0.00788948
2023-03-10,3,0.00811641,0.0071494,0.00751376,0.00788948
2023-03-13,3,0.00568752,0.00719783,0.00753276,0.00788948
2023-03-14,3,0.0061668,0.0069854,0.00862212,0.00788948
2023-03-15,3,0.00552187,0.00670465,0.00744371,0.00788948
2023-03-16,3,0.00626481,0.00694367,0.00790899,0.00788948
2023-03-17,3,0.00634694,0.00706617,0.00857015,0.00788948
2023-03-20,3,0.00592751,0.00678329,0.00809184,0.00788948
2023-03-21,3,0.0044445,0.00695477,0.00855037,0.00788948
2023-03-22,3,0.00598013,0.00690333,0.00764493,0.00788948
2023-03-23,3,0.00916432,0.00696942,0.00867132,0.00788948
2023-03-24,3,0.00699083,0.00702902,0.00909267,0.00788948
2023-03-27,3,0.00694275,0.00670778,0.00712719,0.00788948
2023-03-28,3,0.00575431,0.00653285,0.006924,0.00788948
2023-03-29,3,0.00636068,0.00684535,0.00870153,0.00788948
2023-03-31,3,0.00319437,0.00756982,0.00745581,0.00788948
2023-04-03,3,0.00301351,0.00734796,0.00784515,0.00788948
2023-04-05,3,0.00213397,0.00736386,0.00857767,0.00788948
2023-04-06,3,0.00496078,0.00714851,0.00756951,0.00788948
2023-04-10,3,0.0052445,0.00682868,0.00781675,0.00788948
2023-04-11,3,0.00443259,0.00639019,0.00767699,0.00788948
2023-04-12,3,0.00305546,0.00638921,0.00750285,0.00788948
2023-04-13,3,0.00285508,0.00603977,0.00614538,0.00788948
2023-04-17,3,0.00378445,0.00641141,0.0057844,0.00788948
2023-04-18,3,0.00338002,0.00594305,0.00654368,0.00788948
2023-04-19,3,0.00272928,0.00573898,0.00670463,0.00788948
2023-04-20,3,0.00285677,0.00547311,0.00665043,0.00788948
2023-04-21,3,0.00289288,0.00544417,0.00637576,0.00788948
2023-04-24,3,0.00271104,0.0055875,0.00640836,0.00788948
2023-04-25,3,0.00433023,0.00535723,0.00676618,0.00788948
2023-04-26,3,0.00489588,0.00519106,0.00650202,0.00788948
2023-04-27,3,0.00829188,0.00524311,0.00624184,0.00788948
2023-04-28,3,0.00882866,0.00522221,0.00633586,0.00788948
2023-05-02,3,0.00875512,0.00489678,0.00616975,0.00788948
2023-05-03,3,0.00838852,0.00522186,0.00633335,0.00788948
2023-05-04,3,0.00756086,0.00531198,0.00602682,0.00788948
2023-05-05,3,0.00469923,0.00600335,0.00588773,0.00788948
2023-05-08,3,0.00219982,0.00570666,0.00601667,0.00788948
2023-05-09,3,0.00410401,0.00571479,0.00622903,0.00788948
2023-05-10,3,0.00454768,0.00554686,0.00629359,0.00788948
2023-05-11,3,0.00457557,0.00551545,0.00660684,0.00788948
2023-05-12,3,0.00520877,0.00528358,0.00664597,0.00788948
2023-05-15,3,0.00565089,0.00491423,0.00597893,0.00788948
2023-05-16,3,0.00488753,0.00532447,0.00620141,0.00788948
2023-05-17,3,0.00418395,0.00549545,0.00617797,0.00788948
2023-05-18,4,0.00354074,0.00536714,0.00620778,0.00781683
2023-05-19,4,0.00493675,0.00539352,0.0060623,0.00781683
2023-05-22,4,0.00484162,0.00543652,0.00599816,0.00781683
2023-05-23,4,0.00483796,0.00537786,0.00617354,0.00781683
2023-05-24,4,0.00551791,0.00538891,0.00621902,0.00781683
2023-05-25,4,0.00601092,0.00524546,0.00553911,0.00781683
2023-05-26,4,0.00426577,0.00553776,0.00550496,0.00781683
2023-05-29,4,0.0037141,0.00556112,0.00555465,0.00781683
2023-05-30,4,0.00357045,0.00552183,0.00546305,0.00781683
2023-05-31,4,0.00347907,0.00556822,0.00547031,0.00781683
2023-06-01,4,0.00432931,0.00559614,0.00535558,0.00781683
2023-06-02,4,0.00488232,0.00542996,0.00554312,0.00781683
2023-06-05,4,0.00473439,0.00520301,0.00581113,0.00781683
2023-06-06,4,0.00546548,0.00479743,0.00562531,0.00781683
2023-06-07,4,0.00460368,0.00458306,0.00569805,0.00781683
2023-06-08,4,0.00425921,0.00476918,0.00564361,0.00781683
2023-06-09,4,0.00430591,0.00486089,0.00544499,0.00781683
2023-06-12,4,0.00524246,0.00483066,0.00558812,0.00781683
2023-06-13,4,0.00476059,0.0049669,0.00549249,0.00781683
2023-06-14,4,0.00476113,0.00487018,0.00548368,0.00781683
2023-06-15,4,0.005002,0.00474911,0.00537665,0.00781683
2023-06-16,4,0.00409959,0.00470865,0.00571471,0.00781683
2023-06-19,4,0.00410272,0.00479766,0.00523805,0.00781683
2023-06-20,4,0.00510725,0.00475404,0.00515376,0.00781683
2023-06-21,4,0.00631273,0.00467749,0.00517497,0.00781683
2023-06-22,4,0.0066801,0.00480878,0.00507804,0.00781683
2023-06-23,4,0.003612,0.00482749,0.00519025,0.00781683
2023-06-26,4,0.00286203,0.00482485,0.00510451,0.00781683
2023-06-27,4,0.00422532,0.00474378,0.00515493,0.00781683
2023-06-28,4,0.00406379,0.00492946,0.00533056,0.00781683
2023-06-30,4,0.0060742,0.00527283,0.00514696,0.00781683
2023-07-03,4,0.00527876,0.00501045,0.0050453,0.00781683
2023-07-04,4,0.00541877,0.00487615,0.00485125,0.00781683
2023-07-05,4,0.00562383,0.00500856,0.00483482,0.00781683
2023-07-06,4,0.00498557,0.00501975,0.00494898,0.00781683
2023-07-07,4,0.00392563,0.00546769,0.0054011,0.00781683
2023-07-10,4,0.00442868,0.00534413,0.00524204,0.00781683
2023-07-11,4,0.0044678,0.00524885,0.00485954,0.00781683
2023-07-12,4,0.00295681,0.00522674,0.00487681,0.00781683
2023-07-13,4,0.00257083,0.00518504,0.00510685,0.00781683
2023-07-14,4,0.00796151,0.00515185,0.00536159,0.00781683
2023-07-17,4,0.00753683,0.00527439,0.00543613,0.00781683
2023-07-18,4,0.00745124,0.00517689,0.00513471,0.00781683
2023-07-19,4,0.00757507,0.00497974,0.00481694,0.00781683
2023-07-20,4,0.00635264,0.00488436,0.00518586,0.00781683
2023-07-21,4,0.00417696,0.00583848,0.00548821,0.00781683
2023-07-24,4,0.00468374,0.00589892,0.00479507,0.00781683
2023-07-25,4,0.0047591,0.00579124,0.00540697,0.00781683
2023-07-26,4,0.00603939,0.00564882,0.00526137,0.00781683
2023-07-27,4,0.00627507,0.00576517,0.00469823,0.00781683
2023-07-28,4,0.00770372,0.00557444,0.00525381,0.00781683
2023-07-31,4,0.00742235,0.00554004,0.00518351,0.00781683
2023-08-01,4,0.00741758,0.00530525,0.00526193,0.00781683
2023-08-02,4,0.00562665,0.00564713,0.0053678,0.00781683
2023-08-03,4,0.00458564,0.00578681,0.00537877,0.00781683
2023-08-04,4,0.00447229,0.00597769,0.00523973,0.00781683
2023-08-07,4,0.00365687,0.00594437,0.00495792,0.00781683
2023-08-08,4,0.00394158,0.00575791,0.00516316,0.00781683
2023-08-09,4,0.00342523,0.00566647,0.00484691,0.00781683
2023-08-10,4,0.00327949,0.00561508,0.00499198,0.00781683
2023-08-11,4,0.00370896,0.00567437,0.00494832,0.00781683
2023-08-14,4,0.00370178,0.00559546,0.0050465,0.00781683
2023-08-16,4,0.00383713,0.00548105,0.00519091,0.00781683
2023-08-17,4,0.0032092,0.00532813,0.00530647,0.00781683
2023-08-18,4,0.00422488,0.00530191,0.0051277,0.00781683
2023-08-21,4,0.00367838,0.00534722,0.00523137,0.00781683
2023-08-22,4,0.00388069,0.00515093,0.00500843,0.00781683
2023-08-23,4,0.00356693,0.00485008,0.0050821,0.00781683
2023-08-24,4,0.00391207,0.00478273,0.0050973,0.00781683
2023-08-25,4,0.00510475,0.00495936,0.00520608,0.00781683
2023-08-28,4,0.00529001,0.00483185,0.0050666,0.00781683
2023-08-29,4,0.0052853,0.0047896,0.00512752,0.00781683
2023-08-30,4,0.00517073,0.0047661,0.00500709,0.00781683
2023-08-31,4,0.00303663,0.00471007,0.00532782,0.00781683
2023-09-01,4,0.0017346,0.00514085,0.00546341,0.00781683
2023-09-04,4,0.00284507,0.00490408,0.00537173,0.00781683
2023-09-05,4,0.00351364,0.00471017,0.00536766,0.00781683
2023-09-06,4,0.0032812,0.00454354,0.00545491,0.00781683
2023-09-07,4,0.00341725,0.00445382,0.00527816,0.00781683
2023-09-08,4,0.00340123,0.00434906,0.00513732,0.00781683
2023-09-11,4,0.00301339,0.00470159,0.00548649,0.00781683
2023-09-12,4,0.00662558,0.00466514,0.00525493,0.00781683
2023-09-13,4,0.00662057,0.00448368,0.00518166,0.00781683
2023-09-14,4,0.00603622,0.00448999,0.00528334,0.00781683
2023-09-15,4,0.00458658,0.00451916,0.00521313,0.00781683
2023-09-18,4,0.00499673,0.004387,0.00509351,0.00781683
2023-09-20,4,0.0040635,0.00517193,0.00542018,0.00781683
2023-09-21,4,0.00476765,0.00539609,0.00573383,0.00781683
2023-09-22,4,0.00586296,0.00541101,0.00505971,0.00781683
2023-09-25,4,0.00629273,0.00530266,0.00563697,0.00781683
2023-09-26,4,0.00641246,0.0052912,0.00556313,0.00781683
2023-09-27,4,0.00709654,0.00508312,0.0049588,0.00781683
2023-09-28,4,0.00594396,0.00545051,0.00560658,0.00781683
2023-09-29,4,0.00631377,0.00559424,0.00517151,0.00781683
2023-10-03,4,0.00715799,0.00571576,0.00488357,0.00781683
2023-10-04,4,0.00633518,0.00571591,0.00487992,0.00781683
2023-10-05,4,0.00653711,0.00561816,0.00532672,0.00781683
2023-10-06,4,0.00656478,0.00557258,0.00533397,0.00781683
2023-10-09,4,0.00503205,0.00571934,0.00508616,0.00781683
2023-10-10,4,0.00363895,0.00596093,0.00538042,0.00781683
2023-10-11,4,0.00397486,0.00591897,0.00482532,0.00781683
2023-10-12,4,0.00397947,0.00587887,0.00546852,0.00781683
2023-10-13,4,0.00413623,0.00568429,0.00501596,0.00781683
2023-10-16,4,0.00640656,0.00558565,0.00563042,0.00781683
2023-10-17,4,0.00425993,0.00547078,0.00524344,0.00781683
2023-10-18,4,0.00525332,0.00557655,0.00494488,0.00781683
2023-10-19,4,0.00979777,0.0055055,0.00491423,0.00781683
2023-10-20,4,0.010984,0.00553445,0.00498706,0.00781683
2023-10-23,4,0.00969949,0.00580721,0.00567955,0.00781683
2023-10-25,4,0.00925053,0.00566708,0.00550145,0.00781683
2023-10-26,4,0.00656427,0.00608507,0.00546088,0.00781683
2023-10-27,4,0.00551088,0.00662026,0.00542568,0.00781683
2023-10-30,4,0.00640698,0.00674715,0.00534643,0.00781683
2023-10-31,4,0.0058239,0.00666109,0.00508564,0.00781683
2023-11-01,4,0.00395769,0.00651991,0.00510783,0.00781683
2023-11-02,4,0.00464947,0.00642965,0.00523082,0.00781683
2023-11-03,4,0.00446693,0.0063855,0.00483316,0.00781683
2023-11-06,4,0.00177165,0.00659678,0.00544548,0.00781683
2023-11-07,4,0.00537963,0.00649358,0.00522567,0.00781683
2023-11-08,4,0.00540507,0.00627811,0.00505242,0.00781683
2023-11-09,4,0.00520199,0.00626262,0.00505316,0.00781683
2023-11-10,4,0.00572201,0.00607748,0.0050241,0.00781683
2023-11-13,4,0.0056631,0.00563719,0.00536626,0.00781683
2023-11-15,4,0.00317345,0.00637505,0.00540462,0.00781683
2023-11-16,4,0.00267727,0.00641076,0.00525689,0.00781683
2023-11-17,4,0.00248058,0.00639758,0.00509685,0.00781683
2023-11-20,4,0.00256566,0.00641081,0.00499374,0.00781683
2023-11-21,4,0.00455854,0.00635024,0.00529526,0.00781683
2023-11-22,4,0.00452607,0.00610406,0.00538484,0.00781683
2023-11-23,4,0.00417702,0.00599467,0.00525952,0.00781683
2023-11-24,4,0.00720567,0.00555228,0.00504748,0.00781683
2023-11-28,4,0.00688784,0.00536964,0.00514164,0.00781683
2023-11-29,4,0.00726936,0.00501591,0.00585896,0.00781683
2023-11-30,4,0.00817065,0.00483724,0.00622125,0.00781683
2023-12-01,4,0.00839516,0.00484862,0.00577718,0.00781683
2023-12-04,4,0.00361827,0.00581003,0.00614978,0.00781683
2023-12-05,4,0.00348498,0.00564249,0.00604881,0.00781683
2023-12-06,4,0.00295862,0.00563182,0.00568731,0.00781683
2023-12-07,4,0.00600955,0.00575773,0.00562199,0.00781683
2023-12-08,4,0.00757017,0.00567889,0.00545794,0.00781683
2023-12-11,4,0.00801768,0.00534882,0.0055183,0.00781683
2023-12-12,4,0.00683246,0.00548494,0.0055817,0.00781683
2023-12-13,4,0.0111661,0.00535588,0.00571301,0.00781683
2023-12-14,4,0.00994064,0.00578658,0.005801,0.00781683
2023-12-15,4,0.00785918,0.00603656,0.00646642,0.00781683
2023-12-18,4,0.008173,0.00600167,0.0061109,0.00781683
2023-12-19,4,0.00929258,0.00594065,0.00576304,0.00781683
2023-12-20,4,0.00232887,0.00676851,0.00611467,0.00781683
2023-12-21,4,0.0043366,0.00666857,0.00604066,0.00781683
2023-12-22,4,0.00468268,0.00656782,0.00615728,0.00781683
2023-12-26,4,0.00561742,0.00657737,0.00609577,0.00781683
2023-12-27,4,0.00471696,0.00667242,0.00591802,0.00781683
2023-12-28,4,0.00503044,0.00605965,0.00580897,0.00781683
2023-12-29,4,0.00520157,0.00638346,0.00611515,0.00781683
2024-01-01,4,0.00651029,0.00635267,0.00612508,0.00781683
2024-01-02,4,0.00662507,0.00651324,0.00601459,0.00781683
2024-01-03,4,0.00595515,0.00659462,0.00708236,0.00781683
2024-01-04,4,0.0051269,0.00602448,0.00596021,0.00781683
2024-01-05,4,0.00731921,0.00595019,0.00590601,0.00781683
2024-01-08,4,0.00463983,0.00627648,0.00588982,0.00781683
2024-01-09,4,0.00583592,0.00626284,0.0060552,0.00781683
2024-01-10,4,0.012938,0.00622093,0.00606843,0.00781683
2024-01-11,4,0.0130388,0.00616002,0.0061728,0.00781683
2024-01-12,4,0.0121414,0.00642437,0.0057248,0.00781683
2024-01-15,4,0.0116417,0.00632996,0.00597899,0.00781683
2024-01-16,4,0.0142093,0.00627234,0.00606173,0.00781683
2024-01-17,4,0.0112338,0.00730617,0.00746162,0.00781683
2024-01-18,4,0.0140225,0.00735168,0.00801298,0.00781683
2024-01-19,4,0.0146518,0.00739002,0.00794078,0.00781683
2024-01-23,4,0.0114947,0.00757932,0.00666822,0.00781683
2024-01-24,4,0.011246,0.00778131,0.00707672,0.00781683
2024-01-25,4,0.01064,0.00767262,0.007662,0.00781683
2024-01-29,4,0.00798187,0.00821622,0.00687533,0.00781683
2024-01-30,4,0.00587069,0.00825755,0.00707318,0.00781683
2024-01-31,4,0.00504728,0.00820451,0.00771468,0.00781683
2024-02-01,4,0.0072885,0.00818815,0.00726714,0.00781683
2024-02-02,4,0.00647659,0.00822422,0.00811571,0.00781683
2024-02-05,4,0.00714665,0.00807362,0.00795571,0.00781683
2024-02-06,4,0.00675268,0.00790286,0.00825435,0.00781683
2024-02-07,4,0.00730142,0.00778504,0.00716874,0.00781683
2024-02-08,4,0.00539971,0.00809845,0.00785047,0.00781683
2024-02-09,4,0.00571486,0.00793615,0.00814928,0.00781683
2024-02-12,4,0.00122936,0.00807021,0.00832697,0.00781683
2024-02-13,4,0.00110127,0.00806226,0.00841122,0.00781683
2024-02-14,4,0.004805,0.0081225,0.00823605,0.00781683
2024-02-15,4,0.00539158,0.00782522,0.00793482,0.00781683
2024-02-16,4,0.0051941,0.00779111,0.0081618,0.00781683
2024-02-19,4,0.00554713,0.00705734,0.00631107,0.00781683
2024-02-20,4,0.00555817,0.00641854,0.00554527,0.00781683
2024-02-21,4,0.00713073,0.00709287,0.00742757,0.00781683
2024-02-22,4,0.00577832,0.00714542,0.0077636,0.00781683
2024-02-23,4,0.0100952,0.00648893,0.0059588,0.00781683
2024-02-26,4,0.00966728,0.00644527,0.005959,0.00781683
2024-02-27,4,0.00986419,0.00637455,0.00577062,0.00781683
2024-02-28,4,0.00690311,0.00620778,0.00612378,0.00781683
2024-02-29,4,0.00697537,0.00584522,0.00627608,0.00781683
2024-03-01,4,0.00483864,0.00643388,0.00640307,0.00781683
2024-03-04,4,0.00454978,0.00640578,0.00628088,0.00781683
2024-03-05,4,0.00806412,0.00636206,0.00622514,0.00781683
2024-03-06,4,0.00847481,0.00619728,0.00649831,0.00781683
2024-03-07,4,0.00823898,0.00612269,0.0067852,0.00781683
2024-03-11,4,0.00837039,0.0061244,0.0061812,0.00781683
2024-03-12,4,0.00893187,0.00584353,0.00622596,0.00781683
2024-03-13,4,0.00684357,0.006627,0.00632949,0.00781683
2024-03-14,4,0.00719331,0.00657168,0.00590801,0.00781683
2024-03-15,4,0.00699677,0.00659349,0.0061394,0.00781683
2024-03-18,4,0.00728412,0.00657088,0.00592417,0.00781683
2024-03-19,4,0.00462496,0.00681279,0.00591466,0.00781683
2024-03-20,4,0.00523119,0.00662558,0.00632648,0.00781683
2024-03-21,4,0.00498433,0.00674515,0.00681706,0.00781683
2024-03-22,4,0.00537173,0.00673959,0.00633013,0.00781683
2024-03-26,4,0.00433134,0.00671111,0.00645195,0.00781683
2024-03-27,4,0.00424717,0.0064697,0.00626391,0.00781683
2024-03-28,4,0.00300097,0.00667592,0.00710863,0.00781683
2024-04-01,4,0.00326921,0.00667455,0.00679561,0.00781683
2024-04-02,4,0.00338964,0.00669383,0.00654713,0.00781683
2024-04-03,4,0.00329459,0.00634255,0.00623188,0.00781683
2024-04-04,4,0.0066684,0.00634511,0.00593693,0.00781683
2024-04-05,4,0.00830981,0.00572708,0.00631602,0.00781683
2024-04-08,4,0.00667447,0.00583022,0.0063923,0.00781683
2024-04-09,4,0.0063952,0.00583298,0.00667115,0.00781683
2024-04-10,4,0.0072192,0.00581552,0.00648084,0.00781683
2024-04-12,4,0.00875452,0.00634168,0.00616651,0.00781683
2024-04-15,4,0.00701215,0.00657802,0.00569441,0.00781683
2024-04-16,4,0.00602336,0.00653931,0.00620667,0.00781683
2024-04-18,4,0.00341336,0.00614405,0.00645576,0.00781683
2024-04-19,4,0.00606949,0.00617693,0.00636884,0.00781683
2024-04-22,4,0.00644071,0.00632861,0.00636121,0.00781683
2024-04-23,4,0.0067438,0.00623576,0.00645377,0.00781683
2024-04-24,4,0.00673792,0.00584042,0.00611536,0.00781683
2024-04-25,4,0.0071495,0.00571307,0.00659748,0.00781683
2024-04-26,4,0.00642754,0.0059702,0.00612739,0.00781683
2024-04-29,4,0.00388435,0.00614298,0.00572667,0.00781683
2024-04-30,4,0.00409903,0.00611004,0.00530105,0.00781683
2024-05-02,4,0.00614417,0.0060661,0.00524358,0.00781683
2024-05-03,4,0.00762919,0.00608822,0.00590324,0.00781683
2024-05-06,4,0.00807293,0.00597024,0.00510581,0.00781683
2024-05-07,4,0.00853128,0.00586184,0.00536256,0.00781683
2024-05-08,4,0.00852103,0.00587902,0.00552025,0.00781683
2024-05-09,4,0.0036634,0.00647125,0.00608585,0.00781683
2024-05-10,4,0.00369183,0.00661369,0.0060627,0.00781683
2024-05-13,4,0.00364212,0.00654003,0.00577128,0.00781683
2024-05-14,4,0.00357106,0.00663473,0.00590657,0.00781683
2024-05-15,4,0.00593019,0.00656464,0.00589746,0.00781683
2024-05-16,4,0.00651062,0.00622275,0.00583111,0.00781683
2024-05-17,4,0.00702857,0.00599864,0.00605151,0.00781683
2024-05-21,4,0.00754852,0.00592268,0.00608999,0.00781683
2024-05-22,4,0.00906859,0.00579032,0.00610775,0.00781683
2024-05-23,4,0.00425563,0.00639762,0.00617506,0.00781683
2024-05-24,4,0.00485433,0.00634078,0.00606232,0.00781683
2024-05-27,4,0.0169393,0.00638022,0.006083,0.00781683
2024-05-28,4,0.0336126,0.00642793,0.00588276,0.00781683
2024-05-29,4,0.0385602,0.00656577,0.0060469,0.00781683
2024-05-30,4,0.0383864,0.00634714,0.00610602,0.00781683
2024-05-31,4,0.0391385,0.00620835,0.00614893,0.00781683
2024-06-03,4,0.0364806,0.00843835,0.00770256,0.00781683
2024-06-04,4,0.0144827,0.0124298,0.0153608,0.00781683
2024-06-05,4,0.00884038,0.0132755,0.0171201,0.00781683
2024-06-06,4,0.00876212,0.0133131,0.0166144,0.00781683
2024-06-07,4,0.00196573,0.0135211,0.0172397,0.00781683
2024-06-10,4,0.00139625,0.0134637,0.01581,0.00781683
2024-06-11,4,0.0022592,0.0125055,0.0103351,0.00781683
2024-06-12,4,0.00225136,0.0121097,0.0102523,0.00781683
2024-06-13,4,0.00297568,0.0120941,0.0101313,0.00781683
2024-06-14,4,0.00281364,0.0109729,0.00995672,0.00781683
2024-06-18,4,0.00414921,0.0107266,0.00984994,0.00781683
2024-06-19,4,0.00416311,0.0110535,0.0101092,0.00781683
2024-06-20,4,0.00453595,0.0110461,0.0102178,0.00781683
2024-06-21,4,0.00402851,0.0112598,0.010148,0.00781683
2024-06-24,4,0.0037352,0.0112169,0.0103728,0.00781683
2024-06-25,4,0.00411998,0.011413,0.0101966,0.00781683
2024-06-26,4,0.00421502,0.0114241,0.00986788,0.00781683
2024-06-27,4,0.00371364,0.0114988,0.0100374,0.00781683
2024-06-28,4,0.00328211,0.0114068,0.0101772,0.00781683
2024-07-01,4,0.00300337,0.0112974,0.00993769,0.00781683
2024-07-02,4,0.00296933,0.011293,0.00975416,0.00781683
2024-07-03,4,0.00324023,0.0113158,0.0100793,0.00781683
2024-07-04,4,0.00324525,0.0107436,0.00963874,0.00781683
2024-07-05,4,0.00471484,0.00698195,0.00637986,0.00781683
2024-07-08,4,0.00468356,0.0052482,0.00624355,0.00781683
2024-07-09,4,0.0044853,0.00515536,0.00634343,0.00781683
2024-07-10,4,0.00367054,0.00415024,0.00607219,0.00781683
2024-07-11,4,0.00763703,0.00412045,0.00598394,0.00781683
2024-07-12,4,0.00691662,0.00435201,0.00586553,0.00781683
2024-07-15,4,0.00665542,0.00435501,0.00576241,0.00781683
2024-07-16,4,0.00659222,0.00434583,0.00606232,0.00781683
2024-07-18,4,0.00441229,0.00441508,0.00604781,0.00781683
2024-07-19,4,0.00840429,0.00531184,0.00597062,0.00781683
2024-07-22,4,0.00832136,0.00525813,0.00628225,0.00781683
2024-07-23,4,0.00812808,0.00527638,0.00626356,0.00781683
2024-07-24,4,0.00747318,0.00526916,0.00598739,0.00781683
2024-07-25,4,0.00714295,0.00514587,0.00597922,0.00781683
2024-07-26,4,0.0062297,0.00599496,0.00638377,0.00781683
2024-07-29,4,0.0131626,0.00595183,0.00625052,0.00781683
2024-07-30,4,0.0127704,0.00585564,0.00649803,0.00781683
2024-07-31,4,0.015062,0.00580932,0.00619895,0.00781683
2024-08-01,4,0.014434,0.00575331,0.00617512,0.00781683
2024-08-02,4,0.01601,0.00613979,0.00601094,0.00781683
2024-08-05,4,0.00866738,0.00786528,0.00721345,0.00781683
2024-08-06,4,0.00985914,0.00784887,0.00628176,0.00781683
2024-08-07,4,0.00756105,0.00819267,0.00699774,0.00781683
2024-08-08,4,0.0098346,0.00824902,0.00728181,0.00781683
2024-08-09,4,0.009062,0.00843327,0.00692389,0.00781683
2024-08-12,4,0.00904014,0.00807848,0.00739235,0.00781683
2024-08-13,4,0.00650999,0.00824403,0.00750787,0.00781683
2024-08-14,4,0.0062581,0.00801558,0.00696202,0.00781683
2024-08-16,4,0.00180939,0.00850562,0.00803051,0.00781683
2024-08-19,4,0.00281686,0.00846122,0.00811093,0.00781683
2024-08-20,4,0.00296134,0.00841476,0.00783329,0.00781683
2024-08-21,4,0.00299692,0.0080929,0.00758347,0.00781683
2024-08-22,4,0.00305802,0.0080714,0.00774295,0.00781683
2024-08-23,4,0.00278588,0.00744333,0.00723554,0.00781683
2024-08-26,4,0.00149772,0.00769725,0.00796004,0.00781683
2024-08-27,4,0.00157373,0.00771796,0.00764905,0.00781683
2024-08-28,4,0.00288412,0.0073711,0.00716435,0.00781683
2024-08-29,4,0.00268487,0.00737647,0.0069263,0.00781683
2024-08-30,4,0.00519888,0.00721467,0.00720569,0.00781683
2024-09-02,4,0.00562321,0.00687057,0.00623863,0.00781683
2024-09-03,4,0.0063875,0.00688587,0.00599388,0.00781683
2024-09-04,4,0.00651851,0.00695192,0.0067138,0.00781683
2024-09-05,4,0.0114198,0.00551535,0.00550149,0.00781683
2024-09-06,4,0.00899784,0.00613317,0.00595383,0.00781683
2024-09-09,4,0.00909729,0.00589309,0.00621737,0.00781683
2024-09-10,4,0.00913551,0.00576733,0.00607467,0.00781683
2024-09-11,4,0.00852105,0.00567036,0.00616364,0.00781683
2024-09-12,4,0.00152573,0.0065966,0.00627363,0.00781683
2024-09-13,4,0.0064203,0.00627321,0.00633867,0.00781683
2024-09-16,4,0.0063359,0.0062712,0.00640008,0.00781683
2024-09-17,4,0.00651463,0.00575586,0.00622719,0.00781683
2024-09-18,4,0.00584795,0.00575722,0.00620247,0.00781683
2024-09-19,4,0.00563841,0.00511356,0.00555081,0.00781683
2024-09-20,4,0.0039399,0.00604267,0.00644481,0.00781683
2024-09-23,4,0.00820843,0.00606946,0.00639957,0.00781683
2024-09-24,4,0.00819387,0.00608346,0.00622672,0.00781683
2024-09-25,4,0.011774,0.00596837,0.00642472,0.00781683
2024-09-26,4,0.00879596,0.00603655,0.00668817,0.00781683
2024-09-27,4,0.00767305,0.00592222,0.0064425,0.00781683
2024-09-30,4,0.0112184,0.00672573,0.00627855,0.00781683
2024-10-01,4,0.0111321,0.00672051,0.00646563,0.00781683
2024-10-03,4,0.00746919,0.00772324,0.00747009,0.00781683
2024-10-04,4,0.00625454,0.00770337,0.00788897,0.00781683
2024-10-07,4,0.0046735,0.00772275,0.00800238,0.00781683
2024-10-08,4,0.00367012,0.00803364,0.00778949,0.00781683
2024-10-09,4,0.00402312,0.00783543,0.00695259,0.00781683
2024-10-10,4,0.00556133,0.00762054,0.0070437,0.00781683
2024-10-11,4,0.00623605,0.00751111,0.00753413,0.00781683
2024-10-14,4,0.00465701,0.00739179,0.00778128,0.00781683
2024-10-15,4,0.00638763,0.00676153,0.00680836,0.00781683
2024-10-16,4,0.00654273,0.00681438,0.00687911,0.00781683
2024-10-17,4,0.00607217,0.00705911,0.00759781,0.00781683
2024-10-18,4,0.00501674,0.00714696,0.00740906,0.00781683
2024-10-21,4,0.00742799,0.0070184,0.0067011,0.00781683
2024-10-22,4,0.00623293,0.00733523,0.00766357,0.00781683
2024-10-23,4,0.00664854,0.00689661,0.00711759,0.00781683
2024-10-24,4,0.00700089,0.00674313,0.0068828,0.00781683
2024-10-25,4,0.00590072,0.00670991,0.00717158,0.00781683
2024-10-28,4,0.00750178,0.0069934,0.00772588,0.00781683
2024-10-29,4,0.00863504,0.00681235,0.00722108,0.00781683
2024-10-30,4,0.0101251,0.0068071,0.00736032,0.00781683
2024-10-31,4,0.01143,0.00661887,0.00630129,0.00781683
2024-11-01,4,0.0112038,0.00661692,0.00657367,0.00781683
2024-11-04,4,0.00921159,0.00621562,0.00655717,0.00781683
2024-11-05,4,0.009256,0.00641119,0.00620667,0.00781683
2024-11-06,4,0.00606347,0.00666667,0.00582953,0.00781683
2024-11-07,4,0.00616596,0.0067594,0.00579822,0.00781683
2024-11-08,4,0.00601428,0.00675143,0.0059191,0.00781683
2024-11-11,4,0.00681598,0.00664542,0.00603149,0.00781683
2024-11-12,4,0.00626133,0.0068078,0.00603957,0.00781683
2024-11-13,4,0.0120962,0.0067113,0.00710234,0.00781683
2024-11-14,4,0.0125637,0.00672351,0.00694095,0.00781683
2024-11-18,4,0.0121931,0.00671247,0.00705656,0.00781683
2024-11-19,4,0.0121557,0.00674704,0.00681371,0.00781683
2024-11-21,4,0.0145761,0.00666341,0.0066875,0.00781683
2024-11-22,4,0.0108584,0.00805908,0.00795185,0.00781683
2024-11-25,4,0.00939275,0.00818042,0.00767587,0.00781683
2024-11-26,4,0.00980477,0.00816267,0.00708293,0.00781683
2024-11-27,4,0.00980481,0.00817729,0.00724185,0.00781683
2024-11-28,4,0.00372065,0.00846778,0.00715508,0.00781683
2024-11-29,4,0.00470309,0.00836421,0.00782585,0.00781683
2024-12-02,4,0.00546165,0.00829895,0.00826171,0.00781683
2024-12-03,4,0.0048939,0.00836236,0.00875584,0.00781683
2024-12-04,4,0.00487264,0.00831279,0.00716038,0.00781683
2024-12-05,4,0.00193264,0.00789367,0.00900604,0.00781683
2024-12-06,4,0.00496103,0.00779258,0.0076601,0.00781683
2024-12-09,4,0.00526832,0.00780138,0.00747955,0.00781683
2024-12-10,4,0.00822326,0.00758526,0.00726116,0.00781683
2024-12-11,4,0.0080629,0.00738211,0.0077576,0.00781683
2024-12-12,4,0.00859768,0.00696922,0.00605097,0.00781683
2024-12-13,4,0.00487716,0.00749688,0.00787599,0.00781683
2024-12-16,4,0.0089377,0.00736436,0.00687979,0.00781683
2024-12-17,4,0.00857699,0.00758241,0.00706609,0.00781683
2024-12-18,4,0.00896316,0.0076255,0.00804515,0.00781683
2024-12-19,4,0.00846117,0.0078139,0.00740221,0.00781683
2024-12-20,4,0.00518508,0.00785473,0.00715045,0.00781683
2024-12-23,4,0.00372043,0.00815237,0.00802976,0.00781683
2024-12-24,4,0.00434306,0.00735536,0.00644934,0.00781683
2024-12-26,4,0.00940298,0.00706613,0.00602617,0.00781683
2024-12-27,4,0.0107117,0.00705451,0.00657652,0.00781683
2024-12-30,4,0.0131107,0.00686803,0.00718484,0.00781683
2024-12-31,4,0.0132429,0.00636043,0.00592227,0.00781683
2025-01-01,4,0.0130899,0.00628822,0.00585717,0.00781683
2025-01-02,4,0.00764416,0.00722147,0.00700935,0.00781683
2025-01-03,4,0.00756799,0.00726019,0.00792654,0.00781683
2025-01-06,4,0.00701932,0.00773636,0.00726513,0.00781683
2025-01-07,4,0.00702338,0.00758062,0.00731114,0.00781683
2025-01-08,4,0.00741412,0.00757611,0.0069397,0.00781683
2025-01-09,4,0.008,0.00735302,0.00770345,0.00781683
2025-01-10,4,0.00804781,0.00734916,0.00691579,0.00781683
2025-01-13,4,0.00417265,0.00752385,0.00705993,0.00781683
2025-01-14,4,0.00808332,0.00758558,0.00766809,0.00781683
2025-01-15,4,0.00863397,0.00743899,0.00678011,0.00781683
2025-01-16,4,0.0083953,0.00754776,0.00728083,0.00781683
2025-01-17,4,0.00842025,0.00736246,0.0071942,0.00781683
2025-01-20,4,0.00840691,0.00713117,0.00652661,0.00781683
2025-01-21,4,0.00744028,0.00756101,0.00734799,0.00781683
2025-01-22,4,0.00822758,0.00736508,0.00768949,0.00781683
2025-01-23,4,0.00835586,0.00726304,0.00705278,0.00781683
2025-01-24,4,0.00887317,0.00728637,0.00776259,0.00781683
2025-01-27,4,0.0047347,0.00743684,0.00745233,0.00781683
2025-01-28,4,0.00677056,0.0074317,0.00772871,0.00781683
2025-01-29,4,0.00868423,0.00758986,0.00786542,0.00781683
2025-01-30,4,0.00921063,0.00762176,0.00751047,0.00781683
2025-01-31,4,0.00868002,0.00781697,0.00781854,0.00781683
2025-02-01,4,0.00872599,0.00694185,0.00689445,0.00781683
2025-02-03,4,0.00918714,0.00705888,0.00754374,0.00781683
2025-02-04,4,0.00487601,0.00722492,0.00725918,0.00781683
2025-02-05,4,0.00501457,0.00723484,0.00744854,0.00781683
2025-02-06,4,0.00548589,0.00722695,0.00722596,0.00781683
2025-02-07,4,0.00524018,0.00714843,0.00650798,0.00781683
2025-02-10,4,0.00580339,0.00724463,0.00745875,0.00781683
2025-02-11,4,0.00209295,0.00689019,0.00730178,0.00781683
2025-02-12,4,0.00210695,0.00687705,0.00684249,0.00781683
2025-02-13,4,0.00209853,0.00690938,0.00688337,0.00781683
2025-02-14,4,0.00238072,0.00685192,0.0071883,0.00781683
2025-02-17,4,0.00442871,0.00686719,0.00698356,0.00781683
2025-02-18,4,0.00449143,0.00635536,0.00549524,0.00781683
2025-02-19,4,0.00456565,0.00605173,0.00578469,0.00781683
2025-02-20,4,0.00790294,0.0059758,0.00570936,0.00781683
2025-02-21,4,0.00847393,0.00604432,0.00571149,0.00781683
2025-02-24,4,0.00818761,0.00644493,0.00629119,0.00781683
2025-02-25,4,0.0108508,0.00623133,0.00598808,0.00781683
2025-02-27,4,0.0119783,0.00615863,0.0061723,0.00781683
2025-02-28,4,0.00605086,0.00677478,0.00645133,0.00781683
2025-03-03,4,0.00688692,0.00674699,0.00619951,0.00781683
2025-03-04,4,0.00646458,0.00635678,0.00638744,0.00781683
2025-03-05,4,0.00498823,0.00688309,0.00583671,0.00781683
2025-03-06,4,0.00241056,0.00714744,0.0070961,0.00781683
2025-03-07,4,0.00373061,0.00622302,0.00635959,0.00781683
2025-03-10,4,0.00691552,0.00627672,0.00648001,0.00781683
2025-03-11,4,0.00685893,0.0062795,0.00646003,0.00781683
2025-03-12,4,0.00713466,0.00617004,0.00636741,0.00781683
2025-03-13,4,0.00478744,0.00582613,0.00600705,0.00781683
2025-03-17,4,0.0047388,0.00577956,0.00635466,0.00781683
2025-03-18,4,0.00553345,0.00651116,0.00623809,0.00781683
2025-03-19,4,0.00872531,0.0065301,0.00607935,0.00781683
2025-03-20,4,0.00773791,0.00679349,0.0071001,0.00781683
2025-03-21,4,0.00791115,0.0066892,0.00691469,0.00781683
2025-03-24,4,0.00758386,0.00692762,0.00758965,0.00781683
2025-03-25,4,0.00906722,0.00699067,0.00714951,0.00781683
2025-03-26,4,0.00869344,0.00732736,0.00806445,0.00781683
2025-03-27,4,0.00938504,0.00721924,0.0078727,0.00781683
2025-03-28,4,0.0149801,0.00699289,0.00737779,0.00781683
2025-04-01,4,0.0193888,0.00742556,0.00744254,0.00781683
2025-04-02,4,0.0180838,0.00754817,0.00795481,0.00781683
2025-04-03,4,0.0219229,0.00686774,0.0066178,0.00781683
2025-04-04,4,0.0232764,0.0073925,0.00743652,0.00781683
2025-04-07,4,0.0116476,0.00917127,0.00954228,0.00781683
2025-04-08,4,0.0117457,0.00949946,0.0101821,0.00781683
2025-04-09,4,0.00683108,0.0093982,0.0105886,0.00781683
2025-04-11,4,0.0083984,0.00990433,0.00989069,0.00781683
2025-04-15,4,0.0062061,0.0103438,0.0105537,0.00781683
2025-04-16,4,0.00815405,0.00989694,0.00900987,0.00781683
2025-04-17,4,0.00791778,0.010104,0.0087098,0.00781683
2025-04-21,4,0.00808708,0.00978327,0.0094607,0.00781683
2025-04-22,4,0.00810974,0.00990609,0.00963447,0.00781683
2025-04-23,4,0.0075544,0.00962079,0.00934148,0.00781683
2025-04-24,4,0.00730911,0.00982432,0.00955413,0.00781683
2025-04-25,4,0.00511867,0.00981701,0.00934217,0.00781683
2025-04-28,4,0.00285609,0.00989348,0.00950544,0.00781683
2025-04-29,4,0.00288872,0.00978577,0.00899348,0.00781683
2025-04-30,4,0.00410996,0.00973908,0.00876259,0.00781683
2025-05-02,4,0.00613429,0.00964827,0.00919762,0.00781683
2025-05-05,4,0.0193743,0.00942523,0.00931162,0.00781683
2025-05-06,4,0.0208771,0.00907786,0.00966034,0.00781683
2025-05-07,4,0.0208945,0.00884192,0.00960456,0.00781683
2025-05-08,4,0.0211098,0.00906923,0.00919715,0.00781683
2025-05-09,4,0.0195421,0.00942876,0.0090434,0.00781683
2025-05-12,4,0.0108737,0.0109827,0.0119242,0.00781683
2025-05-13,4,0.00980689,0.010128,0.0109145,0.00781683
2025-05-14,4,0.00994765,0.0099777,0.0109157,0.00781683
2025-05-15,4,0.00616086,0.0099977,0.0103616,0.00781683
2025-05-16,4,0.00870784,0.00978038,0.0111095,0.00781683
2025-05-19,4,0.00918746,0.00912564,0.0100268,0.00781683
2025-05-20,4,0.00821952,0.00924565,0.00967205,0.00781683
2025-05-21,4,0.008017,0.00901591,0.00999205,0.00781683
2025-05-22,4,0.00679385,0.00873302,0.0100124,0.00781683
2025-05-23,4,0.00528908,0.00901408,0.00995463,0.00781683
2025-05-26,4,0.00373341,0.00903818,0.0101311,0.00781683
2025-05-27,4,0.00374816,0.00902213,0.00999288,0.00781683
2025-05-28,4,0.00441627,0.00892188,0.0104121,0.00781683
2025-05-29,4,0.00497113,0.00870745,0.0102175,0.00781683
2025-05-30,4,0.0065584,0.00858612,0.00952611,0.00781683
2025-06-02,4,0.00629552,0.00838605,0.00908216,0.00781683
2025-06-03,4,0.00368487,0.00844938,0.0090724,0.00781683
2025-06-04,4,0.00391056,0.00852817,0.00934487,0.00781683
2025-06-05,4,0.00736959,0.00859998,0.00878044,0.00781683
2025-06-06,4,0.00594133,0.00884474,0.00851226,0.00781683
2025-06-09,4,0.00754631,0.00877734,0.00909488,0.00781683
2025-06-10,4,0.00757358,0.00831289,0.00826019,0.00781683
2025-06-11,4,0.00733853,0.00657423,0.0064811,0.00781683
2025-06-12,4,0.00602884,0.00666384,0.00619169,0.00781683
2025-06-13,4,0.00733455,0.00665245,0.00607708,0.00781683
2025-06-16,4,0.00728338,0.00640443,0.00646013,0.00781683
2025-06-17,4,0.00698382,0.00642511,0.00614057,0.00781683
2025-06-18,4,0.00720726,0.00640029,0.00630589,0.00781683
2025-06-19,4,0.00758588,0.00606516,0.00644087,0.00781683
2025-06-20,4,0.0065803,0.00644453,0.00633704,0.00781683
2025-06-23,4,0.00625469,0.00635167,0.00619452,0.00781683
2025-06-24,4,0.00642143,0.006146,0.00622362,0.00781683
2025-06-25,4,0.00665687,0.00622116,0.00661341,0.00781683
2025-06-26,4,0.00333547,0.00638427,0.00597603,0.00781683
2025-06-27,4,0.00291738,0.00629071,0.00613605,0.00781683
2025-06-30,4,0.00225707,0.00633987,0.00616796,0.00781683
2025-07-01,4,0.00255164,0.00630221,0.00646301,0.00781683
2025-07-02,4,0.00207906,0.006352,0.00616772,0.00781683
2025-07-03,4,0.00298759,0.00593552,0.00686674,0.00781683
2025-07-04,4,0.00411115,0.00584771,0.0069271,0.00781683
2025-07-07,4,0.00387602,0.00571688,0.00626102,0.00781683
2025-07-08,4,0.00465037,0.00558024,0.00653484,0.00781683
2025-07-09,4,0.00487579,0.0054908,0.00616444,0.00781683
2025-07-10,4,0.004783,0.00567502,0.00627356,0.00781683
2025-07-11,4,0.00406723,0.00595271,0.0064844,0.00781683
2025-07-14,4,0.00482894,0.00569508,0.00618002,0.00781683
2025-07-15,4,0.00414007,0.00565907,0.00611328,0.00781683
2025-07-16,4,0.00533594,0.00548526,0.00646142,0.00781683
2025-07-17,4,0.00584263,0.00548407,0.00609031,0.00781683
2025-07-18,4,0.0067178,0.00551522,0.0061514,0.00781683
2025-07-21,4,0.00607707,0.00562329,0.0061172,0.00781683
2025-07-22,4,0.00731683,0.00512496,0.00636658,0.00781683
2025-07-23,4,0.00616504,0.00522457,0.00606492,0.00781683
2025-07-24,4,0.00590581,0.00536588,0.00614873,0.00781683
2025-07-25,4,0.00568889,0.00543552,0.00630419,0.00781683
2025-07-28,4,0.00620709,0.00491649,0.00611979,0.00781683
2025-07-29,4,0.00551754,0.00507472,0.00628332,0.00781683
2025-07-30,4,0.00531673,0.00500374,0.00631975,0.00781683
2025-07-31,4,0.00542563,0.00498801,0.00614761,0.00781683
2025-08-01,4,0.00584364,0.00511651,0.00641602,0.00781683
2025-08-04,4,0.0068062,0.00528181,0.00547975,0.00781683
2025-08-05,4,0.00688969,0.00520086,0.00577226,0.00781683
2025-08-06,4,0.00737251,0.00518783,0.00582796,0.00781683
2025-08-07,4,0.0073675,0.00514825,0.00618304,0.00781683
2025-08-08,4,0.00588364,0.00535333,0.00526973,0.00781683
2025-08-11,4,0.00523866,0.00570386,0.00574509,0.00781683
2025-08-12,4,0.00351109,0.0055983,0.00501489,0.00781683
2025-08-13,4,0.00373282,0.00572411,0.00526156,0.00781683
2025-08-14,4,0.00670629,0.00564636,0.00599979,0.00781683
2025-08-18,4,0.00530892,0.0058454,0.00505857,0.00781683
2025-08-19,4,0.00672089,0.00581926,0.00450631,0.00781683
2025-08-20,4,0.00654675,0.00561233,0.00490604,0.00781683
2025-08-21,4,0.00584049,0.00558357,0.00481141,0.00781683
2025-08-22,4,0.00790283,0.00596857,0.00535066,0.00781683
2025-08-25,4,0.00721781,0.00581817,0.00451466,0.00781683
2025-08-26,4,0.00674014,0.00605806,0.00545453,0.00781683
2025-08-28,4,0.00476216,0.00603336,0.00552812,0.00781683
2025-08-29,4,0.0040909,0.00592791,0.0046538,0.00781683
2025-09-01,4,0.0026828,0.00612865,0.00585657,0.00781683
2025-09-02,4,0.00223765,0.00608234,0.00482517,0.00781683
2025-09-03,4,0.00181386,0.00610827,0.00498904,0.00781683
2025-09-04,4,0.00173418,0.00582017,0.0052176,0.00781683
2025-09-05,4,0.00155747,0.00567459,0.00496177,0.00781683
2025-09-08,4,0.00263448,0.00549609,0.00482589,0.00781683
2025-09-09,4,0.00328181,0.00542978,0.00474013,0.00781683
2025-09-10,4,0.00323667,0.00537974,0.00470938,0.00781683
2025-09-11,4,0.00312611,0.00511129,0.00486932,0.00781683
2025-09-12,4,0.00434574,0.00494379,0.00498101,0.00781683
2025-09-15,4,0.00513264,0.0050692,0.00515556,0.00781683
2025-09-16,4,0.00404791,0.00517108,0.00545058,0.00781683
2025-09-17,4,0.00355775,0.00517905,0.00527053,0.00781683
2025-09-18,4,0.00194644,0.00496872,0.00531907,0.00781683
2025-09-19,4,0.00301942,0.00510248,0.00537043,0.00781683
2025-09-22,4,0.00366775,0.00521725,0.00497584,0.00781683
2025-09-23,4,0.00374486,0.00513953,0.00500784,0.00781683
2025-09-24,4,0.00714129,0.00493506,0.00497041,0.00781683
2025-09-25,4,0.00672403,0.00483746,0.0050025,0.00781683
2025-09-26,4,0.00463666,0.00493929,0.00541124,0.00781683
2025-09-29,4,0.00424984,0.00476825,0.00572043,0.00781683
2025-09-30,4,0.00470387,0.00474239,0.00561639,0.00781683
2025-10-01,4,0.00380614,0.00501095,0.00534139,0.00781683
2025-10-03,4,0.00383824,0.00498445,0.0051827,0.00781683
2025-10-06,4,0.00359994,0.00494042,0.00573023,0.00781683
2025-10-07,4,0.00410954,0.00491225,0.00551745,0.00781683
2025-10-08,4,0.0046736,0.00497108,0.0055466,0.00781683
2025-10-09,4,0.00586651,0.00497379,0.00559682,0.00781683
2025-10-10,4,0.00590568,0.00498134,0.00533806,0.00781683
2025-10-13,4,0.00500228,0.00494755,0.00539434,0.00781683
2025-10-14,4,0.00339371,0.00502696,0.00536549,0.00781683
2025-10-15,4,0.00385549,0.00515812,0.00561475,0.00781683
2025-10-16,4,0.00362619,0.00548672,0.00539668,0.00781683
2025-10-17,4,0.00407125,0.00543953,0.00503461,0.00781683
2025-10-20,4,0.00380661,0.00541015,0.00514108,0.00781683
2025-10-21,4,0.00417995,0.00525141,0.00541296,0.00781683
2025-10-23,4,0.005595,0.00522836,0.00570618,0.00781683
2025-10-24,4,0.00604638,0.0051697,0.00539236,0.00781683
2025-10-27,4,0.00486112,0.00527085,0.00557113,0.00781683
2025-10-28,4,0.00530538,0.00516928,0.00560504,0.00781683
2025-10-29,4,0.00351228,0.0050115,0.00541866,0.00781683
2025-10-30,4,0.00346014,0.00492101,0.00549277,0.00781683
2025-10-31,4,0.00387947,0.00513503,0.00520787,0.00781683
2025-11-03,4,0.0046095,0.00503474,0.0056699,0.00781683
2025-11-04,4,0.00420126,0.0051048,0.0055308,0.00781683
2025-11-06,4,0.00319309,0.00503285,0.00535498,0.00781683
2025-11-07,4,0.00275004,0.00490472,0.00541096,0.00781683
2025-11-10,4,0.00276887,0.00495373,0.00503322,0.00781683
2025-11-11,4,0.00413698,0.00501397,0.0050834,0.00781683
2025-11-12,4,0.00367459,0.00503457,0.00510273,0.00781683
2025-11-13,4,0.00396499,0.00492284,0.00493561,0.00781683
2025-11-14,4,0.0051353,0.00483343,0.0049955,0.00781683
2025-11-17,4,0.00532932,0.00479096,0.00486772,0.00781683
2025-11-18,4,0.00516528,0.00490158,0.00493065,0.00781683
2025-11-19,4,0.00743962,0.00464393,0.00522987,0.00781683
2025-11-20,4,0.00706564,0.00467617,0.0051379,0.00781683
2025-11-21,4,0.00656208,0.00478554,0.00498015,0.00781683
2025-11-24,4,0.00607113,0.00485558,0.00491624,0.00781683
2025-11-25,4,0.00664619,0.00486604,0.00503009,0.00781683
2025-11-26,4,0.00227675,0.00538982,0.00546398,0.00781683
2025-11-27,4,0.00266416,0.00526032,0.00538646,0.00781683
2025-11-28,4,0.00424171,0.00522948,0.00538947,0.00781683
2025-12-01,4,0.00575334,0.00515439,0.00522147,0.00781683
2025-12-02,4,0.00562492,0.00513799,0.00490434,0.00781683
2025-12-03,4,0.00567695,0.00468427,0.00493463,0.00781683
2025-12-04,4,0.00642775,0.00473413,0.00494539,0.00781683
2025-12-05,4,0.00639185,0.00479529,0.00506793,0.00781683
2025-12-08,4,0.00482999,0.00513315,0.00513779,0.00781683
2025-12-09,4,0.0053445,0.00520915,0.004965,0.00781683
2025-12-10,4,0.00514408,0.0052289,0.00482844,0.00781683
2025-12-11,4,0.00433845,0.00529347,0.00493665,0.00781683
2025-12-12,4,0.00437983,0.005244,0.00493498,0.00781683
2025-12-15,4,0.00579529,0.00515195,0.00545312,0.00781683
2025-12-16,4,0.004163,0.00530823,0.0052293,0.00781683
2025-12-17,4,0.00409911,0.00524963,0.00520529,0.00781683
2025-12-18,4,0.00493839,0.00515004,0.00489812,0.00781683
2025-12-19,4,0.00483699,0.0051667,0.00513454,0.00781683
2025-12-22,4,0.00195356,0.00536179,0.00543028,0.00781683
